时间段(Epoch),分期阶段代码,对应睡眠状态
1,0,Wake(清醒)
2,0,Wake(清醒)
3,0,Wake(清醒)
4,0,Wake(清醒)
5,0,Wake(清醒)
6,0,Wake(清醒)
7,0,Wake(清醒)
8,0,Wake(清醒)
9,0,Wake(清醒)
10,0,Wake(清醒)
11,0,Wake(清醒)
12,0,Wake(清醒)
13,0,Wake(清醒)
14,0,Wake(清醒)
15,0,Wake(清醒)
16,0,Wake(清醒)
17,0,Wake(清醒)
18,0,Wake(清醒)
19,0,Wake(清醒)
20,0,Wake(清醒)
21,0,Wake(清醒)
22,0,Wake(清醒)
23,0,Wake(清醒)
24,0,Wake(清醒)
25,0,Wake(清醒)
26,0,Wake(清醒)
27,0,Wake(清醒)
28,0,Wake(清醒)
29,0,Wake(清醒)
30,0,Wake(清醒)
31,0,Wake(清醒)
32,0,Wake(清醒)
33,0,Wake(清醒)
34,0,Wake(清醒)
35,0,Wake(清醒)
36,0,Wake(清醒)
37,0,Wake(清醒)
38,0,Wake(清醒)
39,0,Wake(清醒)
40,0,Wake(清醒)
41,0,Wake(清醒)
42,0,Wake(清醒)
43,0,Wake(清醒)
44,0,Wake(清醒)
45,0,Wake(清醒)
46,0,Wake(清醒)
47,0,Wake(清醒)
48,0,Wake(清醒)
49,0,Wake(清醒)
50,0,Wake(清醒)
51,0,Wake(清醒)
52,0,Wake(清醒)
53,0,Wake(清醒)
54,0,Wake(清醒)
55,0,Wake(清醒)
56,0,Wake(清醒)
57,0,Wake(清醒)
58,0,Wake(清醒)
59,0,Wake(清醒)
60,0,Wake(清醒)
61,0,Wake(清醒)
62,0,Wake(清醒)
63,0,Wake(清醒)
64,0,Wake(清醒)
65,0,Wake(清醒)
66,0,Wake(清醒)
67,0,Wake(清醒)
68,0,Wake(清醒)
69,0,Wake(清醒)
70,0,Wake(清醒)
71,0,Wake(清醒)
72,0,Wake(清醒)
73,0,Wake(清醒)
74,0,Wake(清醒)
75,0,Wake(清醒)
76,0,Wake(清醒)
77,0,Wake(清醒)
78,0,Wake(清醒)
79,0,Wake(清醒)
80,0,Wake(清醒)
81,0,Wake(清醒)
82,0,Wake(清醒)
83,0,Wake(清醒)
84,0,Wake(清醒)
85,0,Wake(清醒)
86,0,Wake(清醒)
87,0,Wake(清醒)
88,0,Wake(清醒)
89,0,Wake(清醒)
90,0,Wake(清醒)
91,0,Wake(清醒)
92,0,Wake(清醒)
93,0,Wake(清醒)
94,0,Wake(清醒)
95,0,Wake(清醒)
96,0,Wake(清醒)
97,0,Wake(清醒)
98,0,Wake(清醒)
99,0,Wake(清醒)
100,0,Wake(清醒)
101,0,Wake(清醒)
102,0,Wake(清醒)
103,0,Wake(清醒)
104,0,Wake(清醒)
105,0,Wake(清醒)
106,0,Wake(清醒)
107,0,Wake(清醒)
108,0,Wake(清醒)
109,0,Wake(清醒)
110,0,Wake(清醒)
111,0,Wake(清醒)
112,0,Wake(清醒)
113,0,Wake(清醒)
114,0,Wake(清醒)
115,0,Wake(清醒)
116,0,Wake(清醒)
117,0,Wake(清醒)
118,0,Wake(清醒)
119,0,Wake(清醒)
120,0,Wake(清醒)
121,0,Wake(清醒)
122,0,Wake(清醒)
123,0,Wake(清醒)
124,0,Wake(清醒)
125,0,Wake(清醒)
126,0,Wake(清醒)
127,0,Wake(清醒)
128,0,Wake(清醒)
129,0,Wake(清醒)
130,0,Wake(清醒)
131,0,Wake(清醒)
132,0,Wake(清醒)
133,0,Wake(清醒)
134,0,Wake(清醒)
135,0,Wake(清醒)
136,0,Wake(清醒)
137,0,Wake(清醒)
138,0,Wake(清醒)
139,0,Wake(清醒)
140,0,Wake(清醒)
141,0,Wake(清醒)
142,0,Wake(清醒)
143,0,Wake(清醒)
144,0,Wake(清醒)
145,0,Wake(清醒)
146,0,Wake(清醒)
147,0,Wake(清醒)
148,0,Wake(清醒)
149,0,Wake(清醒)
150,0,Wake(清醒)
151,0,Wake(清醒)
152,0,Wake(清醒)
153,0,Wake(清醒)
154,0,Wake(清醒)
155,0,Wake(清醒)
156,0,Wake(清醒)
157,0,Wake(清醒)
158,0,Wake(清醒)
159,0,Wake(清醒)
160,0,Wake(清醒)
161,0,Wake(清醒)
162,0,Wake(清醒)
163,0,Wake(清醒)
164,0,Wake(清醒)
165,0,Wake(清醒)
166,0,Wake(清醒)
167,0,Wake(清醒)
168,0,Wake(清醒)
169,0,Wake(清醒)
170,0,Wake(清醒)
171,0,Wake(清醒)
172,0,Wake(清醒)
173,0,Wake(清醒)
174,0,Wake(清醒)
175,0,Wake(清醒)
176,0,Wake(清醒)
177,0,Wake(清醒)
178,0,Wake(清醒)
179,0,Wake(清醒)
180,0,Wake(清醒)
181,0,Wake(清醒)
182,0,Wake(清醒)
183,0,Wake(清醒)
184,0,Wake(清醒)
185,0,Wake(清醒)
186,0,Wake(清醒)
187,0,Wake(清醒)
188,0,Wake(清醒)
189,0,Wake(清醒)
190,0,Wake(清醒)
191,0,Wake(清醒)
192,0,Wake(清醒)
193,0,Wake(清醒)
194,0,Wake(清醒)
195,0,Wake(清醒)
196,0,Wake(清醒)
197,0,Wake(清醒)
198,0,Wake(清醒)
199,0,Wake(清醒)
200,0,Wake(清醒)
201,0,Wake(清醒)
202,0,Wake(清醒)
203,0,Wake(清醒)
204,0,Wake(清醒)
205,0,Wake(清醒)
206,0,Wake(清醒)
207,0,Wake(清醒)
208,0,Wake(清醒)
209,0,Wake(清醒)
210,0,Wake(清醒)
211,0,Wake(清醒)
212,0,Wake(清醒)
213,0,Wake(清醒)
214,0,Wake(清醒)
215,0,Wake(清醒)
216,0,Wake(清醒)
217,0,Wake(清醒)
218,0,Wake(清醒)
219,0,Wake(清醒)
220,0,Wake(清醒)
221,0,Wake(清醒)
222,0,Wake(清醒)
223,0,Wake(清醒)
224,0,Wake(清醒)
225,0,Wake(清醒)
226,0,Wake(清醒)
227,0,Wake(清醒)
228,0,Wake(清醒)
229,0,Wake(清醒)
230,0,Wake(清醒)
231,0,Wake(清醒)
232,0,Wake(清醒)
233,0,Wake(清醒)
234,0,Wake(清醒)
235,0,Wake(清醒)
236,0,Wake(清醒)
237,0,Wake(清醒)
238,0,Wake(清醒)
239,0,Wake(清醒)
240,0,Wake(清醒)
241,0,Wake(清醒)
242,0,Wake(清醒)
243,0,Wake(清醒)
244,0,Wake(清醒)
245,0,Wake(清醒)
246,0,Wake(清醒)
247,0,Wake(清醒)
248,0,Wake(清醒)
249,0,Wake(清醒)
250,0,Wake(清醒)
251,0,Wake(清醒)
252,0,Wake(清醒)
253,0,Wake(清醒)
254,0,Wake(清醒)
255,0,Wake(清醒)
256,0,Wake(清醒)
257,0,Wake(清醒)
258,0,Wake(清醒)
259,0,Wake(清醒)
260,0,Wake(清醒)
261,0,Wake(清醒)
262,0,Wake(清醒)
263,0,Wake(清醒)
264,0,Wake(清醒)
265,0,Wake(清醒)
266,0,Wake(清醒)
267,0,Wake(清醒)
268,0,Wake(清醒)
269,0,Wake(清醒)
270,0,Wake(清醒)
271,0,Wake(清醒)
272,0,Wake(清醒)
273,0,Wake(清醒)
274,0,Wake(清醒)
275,0,Wake(清醒)
276,0,Wake(清醒)
277,0,Wake(清醒)
278,0,Wake(清醒)
279,0,Wake(清醒)
280,0,Wake(清醒)
281,0,Wake(清醒)
282,0,Wake(清醒)
283,0,Wake(清醒)
284,0,Wake(清醒)
285,0,Wake(清醒)
286,0,Wake(清醒)
287,0,Wake(清醒)
288,0,Wake(清醒)
289,0,Wake(清醒)
290,0,Wake(清醒)
291,0,Wake(清醒)
292,0,Wake(清醒)
293,0,Wake(清醒)
294,0,Wake(清醒)
295,0,Wake(清醒)
296,0,Wake(清醒)
297,0,Wake(清醒)
298,0,Wake(清醒)
299,0,Wake(清醒)
300,0,Wake(清醒)
301,0,Wake(清醒)
302,0,Wake(清醒)
303,0,Wake(清醒)
304,0,Wake(清醒)
305,0,Wake(清醒)
306,0,Wake(清醒)
307,0,Wake(清醒)
308,0,Wake(清醒)
309,0,Wake(清醒)
310,0,Wake(清醒)
311,0,Wake(清醒)
312,0,Wake(清醒)
313,0,Wake(清醒)
314,0,Wake(清醒)
315,0,Wake(清醒)
316,0,Wake(清醒)
317,0,Wake(清醒)
318,0,Wake(清醒)
319,0,Wake(清醒)
320,0,Wake(清醒)
321,0,Wake(清醒)
322,0,Wake(清醒)
323,0,Wake(清醒)
324,0,Wake(清醒)
325,0,Wake(清醒)
326,0,Wake(清醒)
327,0,Wake(清醒)
328,0,Wake(清醒)
329,0,Wake(清醒)
330,0,Wake(清醒)
331,0,Wake(清醒)
332,0,Wake(清醒)
333,0,Wake(清醒)
334,0,Wake(清醒)
335,0,Wake(清醒)
336,0,Wake(清醒)
337,0,Wake(清醒)
338,0,Wake(清醒)
339,0,Wake(清醒)
340,0,Wake(清醒)
341,0,Wake(清醒)
342,0,Wake(清醒)
343,0,Wake(清醒)
344,0,Wake(清醒)
345,0,Wake(清醒)
346,0,Wake(清醒)
347,0,Wake(清醒)
348,0,Wake(清醒)
349,0,Wake(清醒)
350,0,Wake(清醒)
351,0,Wake(清醒)
352,0,Wake(清醒)
353,0,Wake(清醒)
354,0,Wake(清醒)
355,0,Wake(清醒)
356,0,Wake(清醒)
357,0,Wake(清醒)
358,0,Wake(清醒)
359,0,Wake(清醒)
360,0,Wake(清醒)
361,0,Wake(清醒)
362,0,Wake(清醒)
363,0,Wake(清醒)
364,0,Wake(清醒)
365,0,Wake(清醒)
366,0,Wake(清醒)
367,0,Wake(清醒)
368,0,Wake(清醒)
369,0,Wake(清醒)
370,0,Wake(清醒)
371,0,Wake(清醒)
372,0,Wake(清醒)
373,0,Wake(清醒)
374,0,Wake(清醒)
375,0,Wake(清醒)
376,0,Wake(清醒)
377,0,Wake(清醒)
378,0,Wake(清醒)
379,0,Wake(清醒)
380,0,Wake(清醒)
381,0,Wake(清醒)
382,0,Wake(清醒)
383,0,Wake(清醒)
384,0,Wake(清醒)
385,0,Wake(清醒)
386,0,Wake(清醒)
387,0,Wake(清醒)
388,0,Wake(清醒)
389,0,Wake(清醒)
390,0,Wake(清醒)
391,0,Wake(清醒)
392,0,Wake(清醒)
393,0,Wake(清醒)
394,0,Wake(清醒)
395,0,Wake(清醒)
396,0,Wake(清醒)
397,0,Wake(清醒)
398,0,Wake(清醒)
399,0,Wake(清醒)
400,0,Wake(清醒)
401,0,Wake(清醒)
402,0,Wake(清醒)
403,0,Wake(清醒)
404,0,Wake(清醒)
405,0,Wake(清醒)
406,0,Wake(清醒)
407,0,Wake(清醒)
408,0,Wake(清醒)
409,0,Wake(清醒)
410,0,Wake(清醒)
411,0,Wake(清醒)
412,0,Wake(清醒)
413,0,Wake(清醒)
414,0,Wake(清醒)
415,0,Wake(清醒)
416,0,Wake(清醒)
417,0,Wake(清醒)
418,0,Wake(清醒)
419,0,Wake(清醒)
420,0,Wake(清醒)
421,0,Wake(清醒)
422,0,Wake(清醒)
423,0,Wake(清醒)
424,0,Wake(清醒)
425,0,Wake(清醒)
426,0,Wake(清醒)
427,0,Wake(清醒)
428,0,Wake(清醒)
429,0,Wake(清醒)
430,0,Wake(清醒)
431,0,Wake(清醒)
432,0,Wake(清醒)
433,0,Wake(清醒)
434,0,Wake(清醒)
435,0,Wake(清醒)
436,0,Wake(清醒)
437,0,Wake(清醒)
438,0,Wake(清醒)
439,0,Wake(清醒)
440,0,Wake(清醒)
441,0,Wake(清醒)
442,0,Wake(清醒)
443,0,Wake(清醒)
444,0,Wake(清醒)
445,0,Wake(清醒)
446,0,Wake(清醒)
447,0,Wake(清醒)
448,0,Wake(清醒)
449,0,Wake(清醒)
450,0,Wake(清醒)
451,0,Wake(清醒)
452,0,Wake(清醒)
453,0,Wake(清醒)
454,0,Wake(清醒)
455,0,Wake(清醒)
456,0,Wake(清醒)
457,0,Wake(清醒)
458,0,Wake(清醒)
459,0,Wake(清醒)
460,0,Wake(清醒)
461,0,Wake(清醒)
462,0,Wake(清醒)
463,0,Wake(清醒)
464,0,Wake(清醒)
465,0,Wake(清醒)
466,0,Wake(清醒)
467,0,Wake(清醒)
468,0,Wake(清醒)
469,0,Wake(清醒)
470,0,Wake(清醒)
471,0,Wake(清醒)
472,0,Wake(清醒)
473,0,Wake(清醒)
474,0,Wake(清醒)
475,0,Wake(清醒)
476,0,Wake(清醒)
477,0,Wake(清醒)
478,0,Wake(清醒)
479,0,Wake(清醒)
480,0,Wake(清醒)
481,0,Wake(清醒)
482,0,Wake(清醒)
483,0,Wake(清醒)
484,0,Wake(清醒)
485,0,Wake(清醒)
486,0,Wake(清醒)
487,0,Wake(清醒)
488,0,Wake(清醒)
489,0,Wake(清醒)
490,0,Wake(清醒)
491,0,Wake(清醒)
492,0,Wake(清醒)
493,0,Wake(清醒)
494,0,Wake(清醒)
495,0,Wake(清醒)
496,0,Wake(清醒)
497,0,Wake(清醒)
498,0,Wake(清醒)
499,0,Wake(清醒)
500,0,Wake(清醒)
501,0,Wake(清醒)
502,0,Wake(清醒)
503,0,Wake(清醒)
504,0,Wake(清醒)
505,0,Wake(清醒)
506,0,Wake(清醒)
507,0,Wake(清醒)
508,0,Wake(清醒)
509,0,Wake(清醒)
510,0,Wake(清醒)
511,0,Wake(清醒)
512,0,Wake(清醒)
513,0,Wake(清醒)
514,0,Wake(清醒)
515,0,Wake(清醒)
516,0,Wake(清醒)
517,0,Wake(清醒)
518,0,Wake(清醒)
519,0,Wake(清醒)
520,0,Wake(清醒)
521,0,Wake(清醒)
522,0,Wake(清醒)
523,0,Wake(清醒)
524,0,Wake(清醒)
525,0,Wake(清醒)
526,0,Wake(清醒)
527,0,Wake(清醒)
528,0,Wake(清醒)
529,0,Wake(清醒)
530,0,Wake(清醒)
531,0,Wake(清醒)
532,0,Wake(清醒)
533,0,Wake(清醒)
534,0,Wake(清醒)
535,0,Wake(清醒)
536,0,Wake(清醒)
537,0,Wake(清醒)
538,0,Wake(清醒)
539,0,Wake(清醒)
540,0,Wake(清醒)
541,0,Wake(清醒)
542,0,Wake(清醒)
543,0,Wake(清醒)
544,0,Wake(清醒)
545,0,Wake(清醒)
546,0,Wake(清醒)
547,0,Wake(清醒)
548,0,Wake(清醒)
549,0,Wake(清醒)
550,0,Wake(清醒)
551,0,Wake(清醒)
552,0,Wake(清醒)
553,0,Wake(清醒)
554,0,Wake(清醒)
555,0,Wake(清醒)
556,0,Wake(清醒)
557,0,Wake(清醒)
558,0,Wake(清醒)
559,0,Wake(清醒)
560,0,Wake(清醒)
561,0,Wake(清醒)
562,0,Wake(清醒)
563,0,Wake(清醒)
564,0,Wake(清醒)
565,0,Wake(清醒)
566,0,Wake(清醒)
567,0,Wake(清醒)
568,0,Wake(清醒)
569,0,Wake(清醒)
570,0,Wake(清醒)
571,0,Wake(清醒)
572,0,Wake(清醒)
573,0,Wake(清醒)
574,0,Wake(清醒)
575,0,Wake(清醒)
576,0,Wake(清醒)
577,0,Wake(清醒)
578,0,Wake(清醒)
579,0,Wake(清醒)
580,0,Wake(清醒)
581,0,Wake(清醒)
582,0,Wake(清醒)
583,0,Wake(清醒)
584,0,Wake(清醒)
585,0,Wake(清醒)
586,0,Wake(清醒)
587,0,Wake(清醒)
588,0,Wake(清醒)
589,0,Wake(清醒)
590,0,Wake(清醒)
591,0,Wake(清醒)
592,0,Wake(清醒)
593,0,Wake(清醒)
594,0,Wake(清醒)
595,0,Wake(清醒)
596,0,Wake(清醒)
597,0,Wake(清醒)
598,0,Wake(清醒)
599,0,Wake(清醒)
600,0,Wake(清醒)
601,0,Wake(清醒)
602,0,Wake(清醒)
603,0,Wake(清醒)
604,0,Wake(清醒)
605,0,Wake(清醒)
606,0,Wake(清醒)
607,0,Wake(清醒)
608,0,Wake(清醒)
609,0,Wake(清醒)
610,0,Wake(清醒)
611,0,Wake(清醒)
612,0,Wake(清醒)
613,0,Wake(清醒)
614,0,Wake(清醒)
615,0,Wake(清醒)
616,0,Wake(清醒)
617,0,Wake(清醒)
618,0,Wake(清醒)
619,0,Wake(清醒)
620,0,Wake(清醒)
621,0,Wake(清醒)
622,0,Wake(清醒)
623,0,Wake(清醒)
624,0,Wake(清醒)
625,0,Wake(清醒)
626,0,Wake(清醒)
627,0,Wake(清醒)
628,0,Wake(清醒)
629,0,Wake(清醒)
630,0,Wake(清醒)
631,0,Wake(清醒)
632,0,Wake(清醒)
633,0,Wake(清醒)
634,0,Wake(清醒)
635,0,Wake(清醒)
636,0,Wake(清醒)
637,0,Wake(清醒)
638,0,Wake(清醒)
639,0,Wake(清醒)
640,0,Wake(清醒)
641,0,Wake(清醒)
642,0,Wake(清醒)
643,0,Wake(清醒)
644,0,Wake(清醒)
645,0,Wake(清醒)
646,0,Wake(清醒)
647,0,Wake(清醒)
648,0,Wake(清醒)
649,0,Wake(清醒)
650,0,Wake(清醒)
651,0,Wake(清醒)
652,0,Wake(清醒)
653,0,Wake(清醒)
654,0,Wake(清醒)
655,0,Wake(清醒)
656,0,Wake(清醒)
657,0,Wake(清醒)
658,0,Wake(清醒)
659,0,Wake(清醒)
660,0,Wake(清醒)
661,0,Wake(清醒)
662,0,Wake(清醒)
663,0,Wake(清醒)
664,0,Wake(清醒)
665,0,Wake(清醒)
666,0,Wake(清醒)
667,0,Wake(清醒)
668,0,Wake(清醒)
669,0,Wake(清醒)
670,0,Wake(清醒)
671,0,Wake(清醒)
672,0,Wake(清醒)
673,0,Wake(清醒)
674,0,Wake(清醒)
675,0,Wake(清醒)
676,0,Wake(清醒)
677,0,Wake(清醒)
678,0,Wake(清醒)
679,0,Wake(清醒)
680,0,Wake(清醒)
681,0,Wake(清醒)
682,0,Wake(清醒)
683,0,Wake(清醒)
684,0,Wake(清醒)
685,0,Wake(清醒)
686,0,Wake(清醒)
687,0,Wake(清醒)
688,0,Wake(清醒)
689,0,Wake(清醒)
690,0,Wake(清醒)
691,0,Wake(清醒)
692,0,Wake(清醒)
693,0,Wake(清醒)
694,0,Wake(清醒)
695,0,Wake(清醒)
696,0,Wake(清醒)
697,0,Wake(清醒)
698,0,Wake(清醒)
699,0,Wake(清醒)
700,0,Wake(清醒)
701,0,Wake(清醒)
702,0,Wake(清醒)
703,0,Wake(清醒)
704,0,Wake(清醒)
705,0,Wake(清醒)
706,0,Wake(清醒)
707,0,Wake(清醒)
708,0,Wake(清醒)
709,0,Wake(清醒)
710,0,Wake(清醒)
711,0,Wake(清醒)
712,0,Wake(清醒)
713,0,Wake(清醒)
714,0,Wake(清醒)
715,0,Wake(清醒)
716,0,Wake(清醒)
717,0,Wake(清醒)
718,0,Wake(清醒)
719,0,Wake(清醒)
720,0,Wake(清醒)
721,0,Wake(清醒)
722,0,Wake(清醒)
723,0,Wake(清醒)
724,0,Wake(清醒)
725,0,Wake(清醒)
726,0,Wake(清醒)
727,0,Wake(清醒)
728,0,Wake(清醒)
729,0,Wake(清醒)
730,0,Wake(清醒)
731,0,Wake(清醒)
732,0,Wake(清醒)
733,0,Wake(清醒)
734,0,Wake(清醒)
735,0,Wake(清醒)
736,0,Wake(清醒)
737,0,Wake(清醒)
738,0,Wake(清醒)
739,0,Wake(清醒)
740,0,Wake(清醒)
741,0,Wake(清醒)
742,0,Wake(清醒)
743,0,Wake(清醒)
744,0,Wake(清醒)
745,0,Wake(清醒)
746,0,Wake(清醒)
747,0,Wake(清醒)
748,0,Wake(清醒)
749,0,Wake(清醒)
750,0,Wake(清醒)
751,0,Wake(清醒)
752,0,Wake(清醒)
753,0,Wake(清醒)
754,0,Wake(清醒)
755,0,Wake(清醒)
756,0,Wake(清醒)
757,0,Wake(清醒)
758,0,Wake(清醒)
759,0,Wake(清醒)
760,0,Wake(清醒)
761,0,Wake(清醒)
762,0,Wake(清醒)
763,0,Wake(清醒)
764,0,Wake(清醒)
765,0,Wake(清醒)
766,0,Wake(清醒)
767,0,Wake(清醒)
768,0,Wake(清醒)
769,0,Wake(清醒)
770,0,Wake(清醒)
771,0,Wake(清醒)
772,0,Wake(清醒)
773,0,Wake(清醒)
774,0,Wake(清醒)
775,0,Wake(清醒)
776,0,Wake(清醒)
777,0,Wake(清醒)
778,0,Wake(清醒)
779,0,Wake(清醒)
780,0,Wake(清醒)
781,0,Wake(清醒)
782,0,Wake(清醒)
783,0,Wake(清醒)
784,0,Wake(清醒)
785,0,Wake(清醒)
786,0,Wake(清醒)
787,0,Wake(清醒)
788,0,Wake(清醒)
789,0,Wake(清醒)
790,0,Wake(清醒)
791,0,Wake(清醒)
792,0,Wake(清醒)
793,0,Wake(清醒)
794,0,Wake(清醒)
795,0,Wake(清醒)
796,0,Wake(清醒)
797,0,Wake(清醒)
798,0,Wake(清醒)
799,0,Wake(清醒)
800,0,Wake(清醒)
801,0,Wake(清醒)
802,0,Wake(清醒)
803,0,Wake(清醒)
804,0,Wake(清醒)
805,0,Wake(清醒)
806,0,Wake(清醒)
807,0,Wake(清醒)
808,0,Wake(清醒)
809,0,Wake(清醒)
810,0,Wake(清醒)
811,0,Wake(清醒)
812,0,Wake(清醒)
813,0,Wake(清醒)
814,0,Wake(清醒)
815,0,Wake(清醒)
816,0,Wake(清醒)
817,0,Wake(清醒)
818,0,Wake(清醒)
819,0,Wake(清醒)
820,0,Wake(清醒)
821,0,Wake(清醒)
822,0,Wake(清醒)
823,0,Wake(清醒)
824,0,Wake(清醒)
825,0,Wake(清醒)
826,0,Wake(清醒)
827,0,Wake(清醒)
828,0,Wake(清醒)
829,0,Wake(清醒)
830,0,Wake(清醒)
831,0,Wake(清醒)
832,0,Wake(清醒)
833,0,Wake(清醒)
834,0,Wake(清醒)
835,0,Wake(清醒)
836,0,Wake(清醒)
837,0,Wake(清醒)
838,0,Wake(清醒)
839,0,Wake(清醒)
840,0,Wake(清醒)
841,0,Wake(清醒)
842,0,Wake(清醒)
843,0,Wake(清醒)
844,0,Wake(清醒)
845,0,Wake(清醒)
846,0,Wake(清醒)
847,0,Wake(清醒)
848,0,Wake(清醒)
849,0,Wake(清醒)
850,0,Wake(清醒)
851,0,Wake(清醒)
852,0,Wake(清醒)
853,0,Wake(清醒)
854,0,Wake(清醒)
855,0,Wake(清醒)
856,0,Wake(清醒)
857,0,Wake(清醒)
858,0,Wake(清醒)
859,0,Wake(清醒)
860,0,Wake(清醒)
861,0,Wake(清醒)
862,0,Wake(清醒)
863,0,Wake(清醒)
864,0,Wake(清醒)
865,0,Wake(清醒)
866,0,Wake(清醒)
867,0,Wake(清醒)
868,0,Wake(清醒)
869,0,Wake(清醒)
870,0,Wake(清醒)
871,0,Wake(清醒)
872,0,Wake(清醒)
873,0,Wake(清醒)
874,0,Wake(清醒)
875,0,Wake(清醒)
876,0,Wake(清醒)
877,0,Wake(清醒)
878,0,Wake(清醒)
879,0,Wake(清醒)
880,0,Wake(清醒)
881,0,Wake(清醒)
882,0,Wake(清醒)
883,0,Wake(清醒)
884,0,Wake(清醒)
885,0,Wake(清醒)
886,0,Wake(清醒)
887,0,Wake(清醒)
888,0,Wake(清醒)
889,0,Wake(清醒)
890,0,Wake(清醒)
891,0,Wake(清醒)
892,0,Wake(清醒)
893,0,Wake(清醒)
894,0,Wake(清醒)
895,0,Wake(清醒)
896,0,Wake(清醒)
897,0,Wake(清醒)
898,0,Wake(清醒)
899,0,Wake(清醒)
900,0,Wake(清醒)
901,0,Wake(清醒)
902,0,Wake(清醒)
903,0,Wake(清醒)
904,0,Wake(清醒)
905,0,Wake(清醒)
906,0,Wake(清醒)
907,0,Wake(清醒)
908,0,Wake(清醒)
909,0,Wake(清醒)
910,0,Wake(清醒)
911,0,Wake(清醒)
912,0,Wake(清醒)
913,0,Wake(清醒)
914,0,Wake(清醒)
915,0,Wake(清醒)
916,0,Wake(清醒)
917,0,Wake(清醒)
918,0,Wake(清醒)
919,0,Wake(清醒)
920,0,Wake(清醒)
921,0,Wake(清醒)
922,0,Wake(清醒)
923,0,Wake(清醒)
924,0,Wake(清醒)
925,0,Wake(清醒)
926,0,Wake(清醒)
927,0,Wake(清醒)
928,0,Wake(清醒)
929,0,Wake(清醒)
930,0,Wake(清醒)
931,0,Wake(清醒)
932,0,Wake(清醒)
933,0,Wake(清醒)
934,0,Wake(清醒)
935,0,Wake(清醒)
936,0,Wake(清醒)
937,0,Wake(清醒)
938,0,Wake(清醒)
939,0,Wake(清醒)
940,0,Wake(清醒)
941,0,Wake(清醒)
942,0,Wake(清醒)
943,0,Wake(清醒)
944,0,Wake(清醒)
945,0,Wake(清醒)
946,0,Wake(清醒)
947,0,Wake(清醒)
948,0,Wake(清醒)
949,0,Wake(清醒)
950,0,Wake(清醒)
951,0,Wake(清醒)
952,0,Wake(清醒)
953,0,Wake(清醒)
954,0,Wake(清醒)
955,0,Wake(清醒)
956,0,Wake(清醒)
957,0,Wake(清醒)
958,0,Wake(清醒)
959,0,Wake(清醒)
960,0,Wake(清醒)
961,0,Wake(清醒)
962,0,Wake(清醒)
963,0,Wake(清醒)
964,0,Wake(清醒)
965,0,Wake(清醒)
966,0,Wake(清醒)
967,0,Wake(清醒)
968,0,Wake(清醒)
969,0,Wake(清醒)
970,0,Wake(清醒)
971,0,Wake(清醒)
972,0,Wake(清醒)
973,0,Wake(清醒)
974,0,Wake(清醒)
975,0,Wake(清醒)
976,0,Wake(清醒)
977,0,Wake(清醒)
978,0,Wake(清醒)
979,0,Wake(清醒)
980,0,Wake(清醒)
981,0,Wake(清醒)
982,0,Wake(清醒)
983,0,Wake(清醒)
984,0,Wake(清醒)
985,0,Wake(清醒)
986,0,Wake(清醒)
987,0,Wake(清醒)
988,0,Wake(清醒)
989,0,Wake(清醒)
990,0,Wake(清醒)
991,0,Wake(清醒)
992,0,Wake(清醒)
993,0,Wake(清醒)
994,0,Wake(清醒)
995,0,Wake(清醒)
996,0,Wake(清醒)
997,0,Wake(清醒)
998,0,Wake(清醒)
999,0,Wake(清醒)
1000,0,Wake(清醒)
1001,0,Wake(清醒)
1002,0,Wake(清醒)
1003,0,Wake(清醒)
1004,0,Wake(清醒)
1005,0,Wake(清醒)
1006,0,Wake(清醒)
1007,0,Wake(清醒)
1008,0,Wake(清醒)
1009,0,Wake(清醒)
1010,0,Wake(清醒)
1011,0,Wake(清醒)
1012,0,Wake(清醒)
1013,0,Wake(清醒)
1014,0,Wake(清醒)
1015,0,Wake(清醒)
1016,0,Wake(清醒)
1017,0,Wake(清醒)
1018,0,Wake(清醒)
1019,0,Wake(清醒)
1020,0,Wake(清醒)
1021,0,Wake(清醒)
1022,0,Wake(清醒)
1023,0,Wake(清醒)
1024,0,Wake(清醒)
1025,0,Wake(清醒)
1026,0,Wake(清醒)
1027,0,Wake(清醒)
1028,0,Wake(清醒)
1029,0,Wake(清醒)
1030,0,Wake(清醒)
1031,0,Wake(清醒)
1032,0,Wake(清醒)
1033,0,Wake(清醒)
1034,0,Wake(清醒)
1035,0,Wake(清醒)
1036,0,Wake(清醒)
1037,0,Wake(清醒)
1038,0,Wake(清醒)
1039,0,Wake(清醒)
1040,0,Wake(清醒)
1041,0,Wake(清醒)
1042,0,Wake(清醒)
1043,0,Wake(清醒)
1044,0,Wake(清醒)
1045,0,Wake(清醒)
1046,0,Wake(清醒)
1047,0,Wake(清醒)
1048,0,Wake(清醒)
1049,0,Wake(清醒)
1050,0,Wake(清醒)
1051,0,Wake(清醒)
1052,0,Wake(清醒)
1053,0,Wake(清醒)
1054,0,Wake(清醒)
1055,0,Wake(清醒)
1056,0,Wake(清醒)
1057,0,Wake(清醒)
1058,0,Wake(清醒)
1059,0,Wake(清醒)
1060,0,Wake(清醒)
1061,0,Wake(清醒)
1062,0,Wake(清醒)
1063,0,Wake(清醒)
1064,0,Wake(清醒)
1065,0,Wake(清醒)
1066,0,Wake(清醒)
1067,0,Wake(清醒)
1068,0,Wake(清醒)
1069,0,Wake(清醒)
1070,0,Wake(清醒)
1071,0,Wake(清醒)
1072,0,Wake(清醒)
1073,0,Wake(清醒)
1074,0,Wake(清醒)
1075,0,Wake(清醒)
1076,0,Wake(清醒)
1077,0,Wake(清醒)
1078,0,Wake(清醒)
1079,0,Wake(清醒)
1080,0,Wake(清醒)
1081,0,Wake(清醒)
1082,0,Wake(清醒)
1083,0,Wake(清醒)
1084,0,Wake(清醒)
1085,0,Wake(清醒)
1086,0,Wake(清醒)
1087,0,Wake(清醒)
1088,0,Wake(清醒)
1089,0,Wake(清醒)
1090,0,Wake(清醒)
1091,0,Wake(清醒)
1092,0,Wake(清醒)
1093,0,Wake(清醒)
1094,0,Wake(清醒)
1095,0,Wake(清醒)
1096,0,Wake(清醒)
1097,0,Wake(清醒)
1098,0,Wake(清醒)
1099,0,Wake(清醒)
1100,0,Wake(清醒)
1101,0,Wake(清醒)
1102,0,Wake(清醒)
1103,0,Wake(清醒)
1104,0,Wake(清醒)
1105,0,Wake(清醒)
1106,0,Wake(清醒)
1107,0,Wake(清醒)
1108,0,Wake(清醒)
1109,0,Wake(清醒)
1110,0,Wake(清醒)
1111,0,Wake(清醒)
1112,0,Wake(清醒)
1113,0,Wake(清醒)
1114,0,Wake(清醒)
1115,0,Wake(清醒)
1116,0,Wake(清醒)
1117,0,Wake(清醒)
1118,0,Wake(清醒)
1119,0,Wake(清醒)
1120,0,Wake(清醒)
1121,0,Wake(清醒)
1122,0,Wake(清醒)
1123,0,Wake(清醒)
1124,0,Wake(清醒)
1125,0,Wake(清醒)
1126,0,Wake(清醒)
1127,0,Wake(清醒)
1128,0,Wake(清醒)
1129,0,Wake(清醒)
1130,0,Wake(清醒)
1131,0,Wake(清醒)
1132,0,Wake(清醒)
1133,0,Wake(清醒)
1134,0,Wake(清醒)
1135,0,Wake(清醒)
1136,0,Wake(清醒)
1137,0,Wake(清醒)
1138,0,Wake(清醒)
1139,0,Wake(清醒)
1140,0,Wake(清醒)
1141,0,Wake(清醒)
1142,0,Wake(清醒)
1143,0,Wake(清醒)
1144,0,Wake(清醒)
1145,0,Wake(清醒)
1146,0,Wake(清醒)
1147,0,Wake(清醒)
1148,0,Wake(清醒)
1149,0,Wake(清醒)
1150,0,Wake(清醒)
1151,0,Wake(清醒)
1152,0,Wake(清醒)
1153,0,Wake(清醒)
1154,0,Wake(清醒)
1155,0,Wake(清醒)
1156,0,Wake(清醒)
1157,0,Wake(清醒)
1158,0,Wake(清醒)
1159,0,Wake(清醒)
1160,0,Wake(清醒)
1161,0,Wake(清醒)
1162,0,Wake(清醒)
1163,0,Wake(清醒)
1164,0,Wake(清醒)
1165,0,Wake(清醒)
1166,0,Wake(清醒)
1167,0,Wake(清醒)
1168,0,Wake(清醒)
1169,0,Wake(清醒)
1170,0,Wake(清醒)
1171,0,Wake(清醒)
1172,0,Wake(清醒)
1173,0,Wake(清醒)
1174,0,Wake(清醒)
1175,0,Wake(清醒)
1176,0,Wake(清醒)
1177,0,Wake(清醒)
1178,0,Wake(清醒)
1179,0,Wake(清醒)
1180,0,Wake(清醒)
1181,0,Wake(清醒)
1182,0,Wake(清醒)
1183,0,Wake(清醒)
1184,0,Wake(清醒)
1185,0,Wake(清醒)
1186,0,Wake(清醒)
1187,0,Wake(清醒)
1188,0,Wake(清醒)
1189,0,Wake(清醒)
1190,0,Wake(清醒)
1191,0,Wake(清醒)
1192,0,Wake(清醒)
1193,0,Wake(清醒)
1194,0,Wake(清醒)
1195,0,Wake(清醒)
1196,0,Wake(清醒)
1197,0,Wake(清醒)
1198,0,Wake(清醒)
1199,0,Wake(清醒)
1200,0,Wake(清醒)
1201,0,Wake(清醒)
1202,0,Wake(清醒)
1203,0,Wake(清醒)
1204,0,Wake(清醒)
1205,0,Wake(清醒)
1206,0,Wake(清醒)
1207,0,Wake(清醒)
1208,0,Wake(清醒)
1209,0,Wake(清醒)
1210,0,Wake(清醒)
1211,0,Wake(清醒)
1212,0,Wake(清醒)
1213,0,Wake(清醒)
1214,0,Wake(清醒)
1215,0,Wake(清醒)
1216,0,Wake(清醒)
1217,0,Wake(清醒)
1218,0,Wake(清醒)
1219,0,Wake(清醒)
1220,0,Wake(清醒)
1221,0,Wake(清醒)
1222,0,Wake(清醒)
1223,0,Wake(清醒)
1224,0,Wake(清醒)
1225,0,Wake(清醒)
1226,0,Wake(清醒)
1227,0,Wake(清醒)
1228,0,Wake(清醒)
1229,0,Wake(清醒)
1230,0,Wake(清醒)
1231,0,Wake(清醒)
1232,0,Wake(清醒)
1233,0,Wake(清醒)
1234,0,Wake(清醒)
1235,0,Wake(清醒)
1236,0,Wake(清醒)
1237,0,Wake(清醒)
1238,0,Wake(清醒)
1239,0,Wake(清醒)
1240,0,Wake(清醒)
1241,0,Wake(清醒)
1242,0,Wake(清醒)
1243,0,Wake(清醒)
1244,0,Wake(清醒)
1245,0,Wake(清醒)
1246,0,Wake(清醒)
1247,0,Wake(清醒)
1248,0,Wake(清醒)
1249,0,Wake(清醒)
1250,0,Wake(清醒)
1251,0,Wake(清醒)
1252,0,Wake(清醒)
1253,0,Wake(清醒)
1254,0,Wake(清醒)
1255,0,Wake(清醒)
1256,0,Wake(清醒)
1257,0,Wake(清醒)
1258,0,Wake(清醒)
1259,0,Wake(清醒)
1260,0,Wake(清醒)
1261,0,Wake(清醒)
1262,0,Wake(清醒)
1263,0,Wake(清醒)
1264,0,Wake(清醒)
1265,0,Wake(清醒)
1266,0,Wake(清醒)
1267,0,Wake(清醒)
1268,0,Wake(清醒)
1269,0,Wake(清醒)
1270,0,Wake(清醒)
1271,0,Wake(清醒)
1272,0,Wake(清醒)
1273,0,Wake(清醒)
1274,0,Wake(清醒)
1275,0,Wake(清醒)
1276,0,Wake(清醒)
1277,0,Wake(清醒)
1278,0,Wake(清醒)
1279,0,Wake(清醒)
1280,0,Wake(清醒)
1281,0,Wake(清醒)
1282,0,Wake(清醒)
1283,0,Wake(清醒)
1284,0,Wake(清醒)
1285,0,Wake(清醒)
1286,0,Wake(清醒)
1287,0,Wake(清醒)
1288,0,Wake(清醒)
1289,0,Wake(清醒)
1290,0,Wake(清醒)
1291,0,Wake(清醒)
1292,0,Wake(清醒)
1293,0,Wake(清醒)
1294,0,Wake(清醒)
1295,0,Wake(清醒)
1296,0,Wake(清醒)
1297,0,Wake(清醒)
1298,0,Wake(清醒)
1299,0,Wake(清醒)
1300,0,Wake(清醒)
1301,0,Wake(清醒)
1302,0,Wake(清醒)
1303,0,Wake(清醒)
1304,0,Wake(清醒)
1305,0,Wake(清醒)
1306,0,Wake(清醒)
1307,0,Wake(清醒)
1308,0,Wake(清醒)
1309,0,Wake(清醒)
1310,0,Wake(清醒)
1311,0,Wake(清醒)
1312,0,Wake(清醒)
1313,0,Wake(清醒)
1314,0,Wake(清醒)
1315,0,Wake(清醒)
1316,0,Wake(清醒)
1317,0,Wake(清醒)
1318,0,Wake(清醒)
1319,0,Wake(清醒)
1320,0,Wake(清醒)
1321,0,Wake(清醒)
1322,0,Wake(清醒)
1323,0,Wake(清醒)
1324,0,Wake(清醒)
1325,0,Wake(清醒)
1326,0,Wake(清醒)
1327,0,Wake(清醒)
1328,0,Wake(清醒)
1329,0,Wake(清醒)
1330,0,Wake(清醒)
1331,0,Wake(清醒)
1332,0,Wake(清醒)
1333,0,Wake(清醒)
1334,0,Wake(清醒)
1335,0,Wake(清醒)
1336,0,Wake(清醒)
1337,0,Wake(清醒)
1338,0,Wake(清醒)
1339,0,Wake(清醒)
1340,0,Wake(清醒)
1341,0,Wake(清醒)
1342,0,Wake(清醒)
1343,0,Wake(清醒)
1344,0,Wake(清醒)
1345,0,Wake(清醒)
1346,0,Wake(清醒)
1347,0,Wake(清醒)
1348,0,Wake(清醒)
1349,0,Wake(清醒)
1350,0,Wake(清醒)
1351,0,Wake(清醒)
1352,0,Wake(清醒)
1353,0,Wake(清醒)
1354,0,Wake(清醒)
1355,0,Wake(清醒)
1356,0,Wake(清醒)
1357,0,Wake(清醒)
1358,0,Wake(清醒)
1359,0,Wake(清醒)
1360,0,Wake(清醒)
1361,0,Wake(清醒)
1362,0,Wake(清醒)
1363,0,Wake(清醒)
1364,0,Wake(清醒)
1365,0,Wake(清醒)
1366,0,Wake(清醒)
1367,0,Wake(清醒)
1368,0,Wake(清醒)
1369,0,Wake(清醒)
1370,0,Wake(清醒)
1371,0,Wake(清醒)
1372,0,Wake(清醒)
1373,0,Wake(清醒)
1374,0,Wake(清醒)
1375,0,Wake(清醒)
1376,0,Wake(清醒)
1377,0,Wake(清醒)
1378,0,Wake(清醒)
1379,0,Wake(清醒)
1380,0,Wake(清醒)
1381,0,Wake(清醒)
1382,0,Wake(清醒)
1383,0,Wake(清醒)
1384,0,Wake(清醒)
1385,0,Wake(清醒)
1386,0,Wake(清醒)
1387,0,Wake(清醒)
1388,0,Wake(清醒)
1389,0,Wake(清醒)
1390,0,Wake(清醒)
1391,0,Wake(清醒)
1392,0,Wake(清醒)
1393,0,Wake(清醒)
1394,0,Wake(清醒)
1395,0,Wake(清醒)
1396,0,Wake(清醒)
1397,0,Wake(清醒)
1398,0,Wake(清醒)
1399,0,Wake(清醒)
1400,0,Wake(清醒)
1401,0,Wake(清醒)
1402,0,Wake(清醒)
1403,0,Wake(清醒)
1404,0,Wake(清醒)
1405,0,Wake(清醒)
1406,0,Wake(清醒)
1407,0,Wake(清醒)
1408,0,Wake(清醒)
1409,0,Wake(清醒)
1410,0,Wake(清醒)
1411,0,Wake(清醒)
1412,0,Wake(清醒)
1413,0,Wake(清醒)
1414,0,Wake(清醒)
1415,0,Wake(清醒)
1416,0,Wake(清醒)
1417,0,Wake(清醒)
1418,0,Wake(清醒)
1419,0,Wake(清醒)
1420,0,Wake(清醒)
1421,0,Wake(清醒)
1422,0,Wake(清醒)
1423,0,Wake(清醒)
1424,0,Wake(清醒)
1425,0,Wake(清醒)
1426,0,Wake(清醒)
1427,0,Wake(清醒)
1428,0,Wake(清醒)
1429,0,Wake(清醒)
1430,0,Wake(清醒)
1431,0,Wake(清醒)
1432,0,Wake(清醒)
1433,0,Wake(清醒)
1434,0,Wake(清醒)
1435,0,Wake(清醒)
1436,0,Wake(清醒)
1437,0,Wake(清醒)
1438,0,Wake(清醒)
1439,0,Wake(清醒)
1440,0,Wake(清醒)
1441,0,Wake(清醒)
1442,0,Wake(清醒)
1443,0,Wake(清醒)
1444,0,Wake(清醒)
1445,0,Wake(清醒)
1446,0,Wake(清醒)
1447,0,Wake(清醒)
1448,0,Wake(清醒)
1449,0,Wake(清醒)
1450,0,Wake(清醒)
1451,0,Wake(清醒)
1452,0,Wake(清醒)
1453,0,Wake(清醒)
1454,0,Wake(清醒)
1455,0,Wake(清醒)
1456,0,Wake(清醒)
1457,0,Wake(清醒)
1458,0,Wake(清醒)
1459,0,Wake(清醒)
1460,0,Wake(清醒)
1461,0,Wake(清醒)
1462,0,Wake(清醒)
1463,0,Wake(清醒)
1464,0,Wake(清醒)
1465,0,Wake(清醒)
1466,0,Wake(清醒)
1467,0,Wake(清醒)
1468,0,Wake(清醒)
1469,0,Wake(清醒)
1470,0,Wake(清醒)
1471,0,Wake(清醒)
1472,0,Wake(清醒)
1473,0,Wake(清醒)
1474,0,Wake(清醒)
1475,0,Wake(清醒)
1476,0,Wake(清醒)
1477,0,Wake(清醒)
1478,0,Wake(清醒)
1479,0,Wake(清醒)
1480,0,Wake(清醒)
1481,0,Wake(清醒)
1482,0,Wake(清醒)
1483,0,Wake(清醒)
1484,0,Wake(清醒)
1485,0,Wake(清醒)
1486,0,Wake(清醒)
1487,0,Wake(清醒)
1488,0,Wake(清醒)
1489,0,Wake(清醒)
1490,0,Wake(清醒)
1491,0,Wake(清醒)
1492,0,Wake(清醒)
1493,0,Wake(清醒)
1494,0,Wake(清醒)
1495,0,Wake(清醒)
1496,0,Wake(清醒)
1497,0,Wake(清醒)
1498,0,Wake(清醒)
1499,0,Wake(清醒)
1500,0,Wake(清醒)
1501,0,Wake(清醒)
1502,0,Wake(清醒)
1503,0,Wake(清醒)
1504,0,Wake(清醒)
1505,0,Wake(清醒)
1506,0,Wake(清醒)
1507,0,Wake(清醒)
1508,0,Wake(清醒)
1509,0,Wake(清醒)
1510,0,Wake(清醒)
1511,0,Wake(清醒)
1512,0,Wake(清醒)
1513,0,Wake(清醒)
1514,0,Wake(清醒)
1515,0,Wake(清醒)
1516,0,Wake(清醒)
1517,0,Wake(清醒)
1518,0,Wake(清醒)
1519,0,Wake(清醒)
1520,0,Wake(清醒)
1521,0,Wake(清醒)
1522,0,Wake(清醒)
1523,0,Wake(清醒)
1524,0,Wake(清醒)
1525,0,Wake(清醒)
1526,0,Wake(清醒)
1527,0,Wake(清醒)
1528,0,Wake(清醒)
1529,0,Wake(清醒)
1530,0,Wake(清醒)
1531,0,Wake(清醒)
1532,0,Wake(清醒)
1533,0,Wake(清醒)
1534,0,Wake(清醒)
1535,0,Wake(清醒)
1536,0,Wake(清醒)
1537,0,Wake(清醒)
1538,0,Wake(清醒)
1539,0,Wake(清醒)
1540,0,Wake(清醒)
1541,0,Wake(清醒)
1542,0,Wake(清醒)
1543,0,Wake(清醒)
1544,0,Wake(清醒)
1545,0,Wake(清醒)
1546,0,Wake(清醒)
1547,0,Wake(清醒)
1548,0,Wake(清醒)
1549,0,Wake(清醒)
1550,0,Wake(清醒)
1551,0,Wake(清醒)
1552,0,Wake(清醒)
1553,0,Wake(清醒)
1554,0,Wake(清醒)
1555,0,Wake(清醒)
1556,0,Wake(清醒)
1557,0,Wake(清醒)
1558,0,Wake(清醒)
1559,0,Wake(清醒)
1560,0,Wake(清醒)
1561,0,Wake(清醒)
1562,0,Wake(清醒)
1563,0,Wake(清醒)
1564,0,Wake(清醒)
1565,0,Wake(清醒)
1566,0,Wake(清醒)
1567,0,Wake(清醒)
1568,0,Wake(清醒)
1569,0,Wake(清醒)
1570,0,Wake(清醒)
1571,0,Wake(清醒)
1572,0,Wake(清醒)
1573,0,Wake(清醒)
1574,0,Wake(清醒)
1575,0,Wake(清醒)
1576,0,Wake(清醒)
1577,0,Wake(清醒)
1578,0,Wake(清醒)
1579,0,Wake(清醒)
1580,0,Wake(清醒)
1581,0,Wake(清醒)
1582,0,Wake(清醒)
1583,0,Wake(清醒)
1584,0,Wake(清醒)
1585,0,Wake(清醒)
1586,0,Wake(清醒)
1587,0,Wake(清醒)
1588,0,Wake(清醒)
1589,0,Wake(清醒)
1590,0,Wake(清醒)
1591,0,Wake(清醒)
1592,0,Wake(清醒)
1593,0,Wake(清醒)
1594,0,Wake(清醒)
1595,0,Wake(清醒)
1596,0,Wake(清醒)
1597,0,Wake(清醒)
1598,0,Wake(清醒)
1599,0,Wake(清醒)
1600,0,Wake(清醒)
1601,0,Wake(清醒)
1602,0,Wake(清醒)
1603,0,Wake(清醒)
1604,0,Wake(清醒)
1605,0,Wake(清醒)
1606,0,Wake(清醒)
1607,0,Wake(清醒)
1608,0,Wake(清醒)
1609,0,Wake(清醒)
1610,0,Wake(清醒)
1611,0,Wake(清醒)
1612,0,Wake(清醒)
1613,0,Wake(清醒)
1614,0,Wake(清醒)
1615,0,Wake(清醒)
1616,0,Wake(清醒)
1617,0,Wake(清醒)
1618,0,Wake(清醒)
1619,0,Wake(清醒)
1620,0,Wake(清醒)
1621,0,Wake(清醒)
1622,0,Wake(清醒)
1623,0,Wake(清醒)
1624,0,Wake(清醒)
1625,0,Wake(清醒)
1626,0,Wake(清醒)
1627,0,Wake(清醒)
1628,0,Wake(清醒)
1629,0,Wake(清醒)
1630,0,Wake(清醒)
1631,0,Wake(清醒)
1632,0,Wake(清醒)
1633,0,Wake(清醒)
1634,0,Wake(清醒)
1635,0,Wake(清醒)
1636,0,Wake(清醒)
1637,0,Wake(清醒)
1638,0,Wake(清醒)
1639,0,Wake(清醒)
1640,0,Wake(清醒)
1641,0,Wake(清醒)
1642,0,Wake(清醒)
1643,0,Wake(清醒)
1644,0,Wake(清醒)
1645,0,Wake(清醒)
1646,0,Wake(清醒)
1647,0,Wake(清醒)
1648,0,Wake(清醒)
1649,0,Wake(清醒)
1650,0,Wake(清醒)
1651,0,Wake(清醒)
1652,0,Wake(清醒)
1653,0,Wake(清醒)
1654,0,Wake(清醒)
1655,0,Wake(清醒)
1656,0,Wake(清醒)
1657,0,Wake(清醒)
1658,0,Wake(清醒)
1659,0,Wake(清醒)
1660,0,Wake(清醒)
1661,0,Wake(清醒)
1662,0,Wake(清醒)
1663,0,Wake(清醒)
1664,0,Wake(清醒)
1665,0,Wake(清醒)
1666,0,Wake(清醒)
1667,0,Wake(清醒)
1668,0,Wake(清醒)
1669,0,Wake(清醒)
1670,0,Wake(清醒)
1671,0,Wake(清醒)
1672,0,Wake(清醒)
1673,0,Wake(清醒)
1674,0,Wake(清醒)
1675,0,Wake(清醒)
1676,0,Wake(清醒)
1677,0,Wake(清醒)
1678,0,Wake(清醒)
1679,0,Wake(清醒)
1680,0,Wake(清醒)
1681,0,Wake(清醒)
1682,0,Wake(清醒)
1683,0,Wake(清醒)
1684,0,Wake(清醒)
1685,0,Wake(清醒)
1686,0,Wake(清醒)
1687,0,Wake(清醒)
1688,0,Wake(清醒)
1689,0,Wake(清醒)
1690,0,Wake(清醒)
1691,0,Wake(清醒)
1692,0,Wake(清醒)
1693,0,Wake(清醒)
1694,0,Wake(清醒)
1695,0,Wake(清醒)
1696,0,Wake(清醒)
1697,0,Wake(清醒)
1698,0,Wake(清醒)
1699,0,Wake(清醒)
1700,0,Wake(清醒)
1701,0,Wake(清醒)
1702,0,Wake(清醒)
1703,0,Wake(清醒)
1704,0,Wake(清醒)
1705,0,Wake(清醒)
1706,0,Wake(清醒)
1707,0,Wake(清醒)
1708,0,Wake(清醒)
1709,0,Wake(清醒)
1710,0,Wake(清醒)
1711,0,Wake(清醒)
1712,0,Wake(清醒)
1713,0,Wake(清醒)
1714,0,Wake(清醒)
1715,0,Wake(清醒)
1716,0,Wake(清醒)
1717,0,Wake(清醒)
1718,0,Wake(清醒)
1719,0,Wake(清醒)
1720,0,Wake(清醒)
1721,0,Wake(清醒)
1722,0,Wake(清醒)
1723,0,Wake(清醒)
1724,0,Wake(清醒)
1725,0,Wake(清醒)
1726,0,Wake(清醒)
1727,0,Wake(清醒)
1728,0,Wake(清醒)
1729,0,Wake(清醒)
1730,0,Wake(清醒)
1731,0,Wake(清醒)
1732,0,Wake(清醒)
1733,0,Wake(清醒)
1734,0,Wake(清醒)
1735,0,Wake(清醒)
1736,0,Wake(清醒)
1737,0,Wake(清醒)
1738,0,Wake(清醒)
1739,0,Wake(清醒)
1740,0,Wake(清醒)
1741,0,Wake(清醒)
1742,0,Wake(清醒)
1743,0,Wake(清醒)
1744,0,Wake(清醒)
1745,0,Wake(清醒)
1746,0,Wake(清醒)
1747,0,Wake(清醒)
1748,0,Wake(清醒)
1749,0,Wake(清醒)
1750,0,Wake(清醒)
1751,0,Wake(清醒)
1752,0,Wake(清醒)
1753,0,Wake(清醒)
1754,0,Wake(清醒)
1755,0,Wake(清醒)
1756,0,Wake(清醒)
1757,0,Wake(清醒)
1758,0,Wake(清醒)
1759,0,Wake(清醒)
1760,0,Wake(清醒)
1761,0,Wake(清醒)
1762,0,Wake(清醒)
1763,0,Wake(清醒)
1764,0,Wake(清醒)
1765,0,Wake(清醒)
1766,0,Wake(清醒)
1767,0,Wake(清醒)
1768,0,Wake(清醒)
1769,0,Wake(清醒)
1770,0,Wake(清醒)
1771,0,Wake(清醒)
1772,0,Wake(清醒)
1773,0,Wake(清醒)
1774,0,Wake(清醒)
1775,0,Wake(清醒)
1776,0,Wake(清醒)
1777,0,Wake(清醒)
1778,0,Wake(清醒)
1779,0,Wake(清醒)
1780,0,Wake(清醒)
1781,0,Wake(清醒)
1782,0,Wake(清醒)
1783,0,Wake(清醒)
1784,0,Wake(清醒)
1785,0,Wake(清醒)
1786,0,Wake(清醒)
1787,0,Wake(清醒)
1788,0,Wake(清醒)
1789,0,Wake(清醒)
1790,0,Wake(清醒)
1791,0,Wake(清醒)
1792,0,Wake(清醒)
1793,0,Wake(清醒)
1794,0,Wake(清醒)
1795,0,Wake(清醒)
1796,0,Wake(清醒)
1797,0,Wake(清醒)
1798,0,Wake(清醒)
1799,0,Wake(清醒)
1800,0,Wake(清醒)
1801,0,Wake(清醒)
1802,0,Wake(清醒)
1803,0,Wake(清醒)
1804,0,Wake(清醒)
1805,0,Wake(清醒)
1806,0,Wake(清醒)
1807,0,Wake(清醒)
1808,0,Wake(清醒)
1809,0,Wake(清醒)
1810,0,Wake(清醒)
1811,0,Wake(清醒)
1812,0,Wake(清醒)
1813,0,Wake(清醒)
1814,0,Wake(清醒)
1815,0,Wake(清醒)
1816,0,Wake(清醒)
1817,0,Wake(清醒)
1818,0,Wake(清醒)
1819,0,Wake(清醒)
1820,0,Wake(清醒)
1821,0,Wake(清醒)
1822,0,Wake(清醒)
1823,0,Wake(清醒)
1824,0,Wake(清醒)
1825,0,Wake(清醒)
1826,0,Wake(清醒)
1827,0,Wake(清醒)
1828,0,Wake(清醒)
1829,0,Wake(清醒)
1830,0,Wake(清醒)
1831,0,Wake(清醒)
1832,0,Wake(清醒)
1833,0,Wake(清醒)
1834,0,Wake(清醒)
1835,0,Wake(清醒)
1836,0,Wake(清醒)
1837,0,Wake(清醒)
1838,0,Wake(清醒)
1839,0,Wake(清醒)
1840,0,Wake(清醒)
1841,0,Wake(清醒)
1842,0,Wake(清醒)
1843,0,Wake(清醒)
1844,0,Wake(清醒)
1845,0,Wake(清醒)
1846,0,Wake(清醒)
1847,0,Wake(清醒)
1848,0,Wake(清醒)
1849,0,Wake(清醒)
1850,0,Wake(清醒)
1851,0,Wake(清醒)
1852,0,Wake(清醒)
1853,0,Wake(清醒)
1854,0,Wake(清醒)
1855,0,Wake(清醒)
1856,0,Wake(清醒)
1857,0,Wake(清醒)
1858,0,Wake(清醒)
1859,0,Wake(清醒)
1860,0,Wake(清醒)
1861,0,Wake(清醒)
1862,0,Wake(清醒)
1863,0,Wake(清醒)
1864,0,Wake(清醒)
1865,0,Wake(清醒)
1866,0,Wake(清醒)
1867,0,Wake(清醒)
1868,0,Wake(清醒)
1869,0,Wake(清醒)
1870,0,Wake(清醒)
1871,0,Wake(清醒)
1872,0,Wake(清醒)
1873,0,Wake(清醒)
1874,0,Wake(清醒)
1875,0,Wake(清醒)
1876,0,Wake(清醒)
1877,0,Wake(清醒)
1878,0,Wake(清醒)
1879,0,Wake(清醒)
1880,0,Wake(清醒)
1881,0,Wake(清醒)
1882,0,Wake(清醒)
1883,0,Wake(清醒)
1884,0,Wake(清醒)
1885,0,Wake(清醒)
1886,0,Wake(清醒)
1887,0,Wake(清醒)
1888,0,Wake(清醒)
1889,0,Wake(清醒)
1890,0,Wake(清醒)
1891,0,Wake(清醒)
1892,0,Wake(清醒)
1893,0,Wake(清醒)
1894,0,Wake(清醒)
1895,0,Wake(清醒)
1896,0,Wake(清醒)
1897,0,Wake(清醒)
1898,0,Wake(清醒)
1899,0,Wake(清醒)
1900,0,Wake(清醒)
1901,0,Wake(清醒)
1902,0,Wake(清醒)
1903,0,Wake(清醒)
1904,0,Wake(清醒)
1905,0,Wake(清醒)
1906,0,Wake(清醒)
1907,0,Wake(清醒)
1908,0,Wake(清醒)
1909,0,Wake(清醒)
1910,0,Wake(清醒)
1911,0,Wake(清醒)
1912,0,Wake(清醒)
1913,0,Wake(清醒)
1914,0,Wake(清醒)
1915,0,Wake(清醒)
1916,0,Wake(清醒)
1917,0,Wake(清醒)
1918,0,Wake(清醒)
1919,0,Wake(清醒)
1920,0,Wake(清醒)
1921,0,Wake(清醒)
1922,0,Wake(清醒)
1923,0,Wake(清醒)
1924,0,Wake(清醒)
1925,0,Wake(清醒)
1926,0,Wake(清醒)
1927,0,Wake(清醒)
1928,0,Wake(清醒)
1929,0,Wake(清醒)
1930,0,Wake(清醒)
1931,0,Wake(清醒)
1932,0,Wake(清醒)
1933,0,Wake(清醒)
1934,0,Wake(清醒)
1935,0,Wake(清醒)
1936,0,Wake(清醒)
1937,0,Wake(清醒)
1938,0,Wake(清醒)
1939,0,Wake(清醒)
1940,0,Wake(清醒)
1941,0,Wake(清醒)
1942,0,Wake(清醒)
1943,0,Wake(清醒)
1944,0,Wake(清醒)
1945,0,Wake(清醒)
1946,0,Wake(清醒)
1947,0,Wake(清醒)
1948,0,Wake(清醒)
1949,0,Wake(清醒)
1950,0,Wake(清醒)
1951,0,Wake(清醒)
1952,0,Wake(清醒)
1953,0,Wake(清醒)
1954,0,Wake(清醒)
1955,0,Wake(清醒)
1956,0,Wake(清醒)
1957,0,Wake(清醒)
1958,0,Wake(清醒)
1959,0,Wake(清醒)
1960,0,Wake(清醒)
1961,0,Wake(清醒)
1962,0,Wake(清醒)
1963,0,Wake(清醒)
1964,0,Wake(清醒)
1965,0,Wake(清醒)
1966,0,Wake(清醒)
1967,0,Wake(清醒)
1968,0,Wake(清醒)
1969,0,Wake(清醒)
1970,0,Wake(清醒)
1971,0,Wake(清醒)
1972,0,Wake(清醒)
1973,0,Wake(清醒)
1974,0,Wake(清醒)
1975,0,Wake(清醒)
1976,0,Wake(清醒)
1977,0,Wake(清醒)
1978,0,Wake(清醒)
1979,0,Wake(清醒)
1980,0,Wake(清醒)
1981,0,Wake(清醒)
1982,0,Wake(清醒)
1983,0,Wake(清醒)
1984,0,Wake(清醒)
1985,0,Wake(清醒)
1986,0,Wake(清醒)
1987,0,Wake(清醒)
1988,0,Wake(清醒)
1989,0,Wake(清醒)
1990,0,Wake(清醒)
1991,0,Wake(清醒)
1992,0,Wake(清醒)
1993,0,Wake(清醒)
1994,0,Wake(清醒)
1995,0,Wake(清醒)
1996,0,Wake(清醒)
1997,0,Wake(清醒)
1998,0,Wake(清醒)
1999,0,Wake(清醒)
2000,0,Wake(清醒)
2001,0,Wake(清醒)
2002,0,Wake(清醒)
2003,0,Wake(清醒)
2004,0,Wake(清醒)
2005,0,Wake(清醒)
2006,0,Wake(清醒)
2007,0,Wake(清醒)
2008,0,Wake(清醒)
2009,0,Wake(清醒)
2010,0,Wake(清醒)
2011,0,Wake(清醒)
2012,0,Wake(清醒)
2013,0,Wake(清醒)
2014,0,Wake(清醒)
2015,0,Wake(清醒)
2016,0,Wake(清醒)
2017,0,Wake(清醒)
2018,0,Wake(清醒)
2019,0,Wake(清醒)
2020,0,Wake(清醒)
2021,0,Wake(清醒)
2022,0,Wake(清醒)
2023,0,Wake(清醒)
2024,0,Wake(清醒)
2025,0,Wake(清醒)
2026,0,Wake(清醒)
2027,0,Wake(清醒)
2028,0,Wake(清醒)
2029,0,Wake(清醒)
2030,0,Wake(清醒)
2031,0,Wake(清醒)
2032,0,Wake(清醒)
2033,0,Wake(清醒)
2034,0,Wake(清醒)
2035,0,Wake(清醒)
2036,0,Wake(清醒)
2037,0,Wake(清醒)
2038,0,Wake(清醒)
2039,0,Wake(清醒)
2040,0,Wake(清醒)
2041,0,Wake(清醒)
2042,0,Wake(清醒)
2043,0,Wake(清醒)
2044,0,Wake(清醒)
2045,0,Wake(清醒)
2046,0,Wake(清醒)
2047,0,Wake(清醒)
2048,0,Wake(清醒)
2049,0,Wake(清醒)
2050,0,Wake(清醒)
2051,0,Wake(清醒)
2052,0,Wake(清醒)
2053,0,Wake(清醒)
2054,0,Wake(清醒)
2055,0,Wake(清醒)
2056,0,Wake(清醒)
2057,0,Wake(清醒)
2058,0,Wake(清醒)
2059,0,Wake(清醒)
2060,0,Wake(清醒)
2061,0,Wake(清醒)
2062,0,Wake(清醒)
2063,0,Wake(清醒)
2064,0,Wake(清醒)
2065,0,Wake(清醒)
2066,0,Wake(清醒)
2067,0,Wake(清醒)
2068,0,Wake(清醒)
2069,0,Wake(清醒)
2070,0,Wake(清醒)
2071,0,Wake(清醒)
2072,0,Wake(清醒)
2073,0,Wake(清醒)
2074,0,Wake(清醒)
2075,0,Wake(清醒)
2076,0,Wake(清醒)
2077,0,Wake(清醒)
2078,0,Wake(清醒)
2079,0,Wake(清醒)
2080,0,Wake(清醒)
2081,0,Wake(清醒)
2082,0,Wake(清醒)
2083,0,Wake(清醒)
2084,0,Wake(清醒)
2085,0,Wake(清醒)
2086,0,Wake(清醒)
2087,0,Wake(清醒)
2088,0,Wake(清醒)
2089,0,Wake(清醒)
2090,0,Wake(清醒)
2091,0,Wake(清醒)
2092,0,Wake(清醒)
2093,0,Wake(清醒)
2094,0,Wake(清醒)
2095,0,Wake(清醒)
2096,0,Wake(清醒)
2097,0,Wake(清醒)
2098,0,Wake(清醒)
2099,0,Wake(清醒)
2100,0,Wake(清醒)
2101,0,Wake(清醒)
2102,0,Wake(清醒)
2103,0,Wake(清醒)
2104,0,Wake(清醒)
2105,0,Wake(清醒)
2106,0,Wake(清醒)
2107,0,Wake(清醒)
2108,0,Wake(清醒)
2109,0,Wake(清醒)
2110,0,Wake(清醒)
2111,0,Wake(清醒)
2112,0,Wake(清醒)
2113,0,Wake(清醒)
2114,0,Wake(清醒)
2115,0,Wake(清醒)
2116,0,Wake(清醒)
2117,0,Wake(清醒)
2118,0,Wake(清醒)
2119,0,Wake(清醒)
2120,0,Wake(清醒)
2121,0,Wake(清醒)
2122,0,Wake(清醒)
2123,0,Wake(清醒)
2124,0,Wake(清醒)
2125,0,Wake(清醒)
2126,0,Wake(清醒)
2127,0,Wake(清醒)
2128,0,Wake(清醒)
2129,0,Wake(清醒)
2130,0,Wake(清醒)
2131,0,Wake(清醒)
2132,0,Wake(清醒)
2133,0,Wake(清醒)
2134,0,Wake(清醒)
2135,0,Wake(清醒)
2136,0,Wake(清醒)
2137,0,Wake(清醒)
2138,0,Wake(清醒)
2139,0,Wake(清醒)
2140,0,Wake(清醒)
2141,0,Wake(清醒)
2142,0,Wake(清醒)
2143,0,Wake(清醒)
2144,0,Wake(清醒)
2145,0,Wake(清醒)
2146,0,Wake(清醒)
2147,0,Wake(清醒)
2148,0,Wake(清醒)
2149,0,Wake(清醒)
2150,0,Wake(清醒)
2151,0,Wake(清醒)
2152,0,Wake(清醒)
2153,0,Wake(清醒)
2154,0,Wake(清醒)
2155,0,Wake(清醒)
2156,0,Wake(清醒)
2157,0,Wake(清醒)
2158,0,Wake(清醒)
2159,0,Wake(清醒)
2160,0,Wake(清醒)
2161,0,Wake(清醒)
2162,0,Wake(清醒)
2163,0,Wake(清醒)
2164,0,Wake(清醒)
2165,0,Wake(清醒)
2166,0,Wake(清醒)
2167,0,Wake(清醒)
2168,0,Wake(清醒)
2169,0,Wake(清醒)
2170,0,Wake(清醒)
2171,0,Wake(清醒)
2172,0,Wake(清醒)
2173,0,Wake(清醒)
2174,0,Wake(清醒)
2175,0,Wake(清醒)
2176,0,Wake(清醒)
2177,0,Wake(清醒)
2178,0,Wake(清醒)
2179,0,Wake(清醒)
2180,0,Wake(清醒)
2181,0,Wake(清醒)
2182,0,Wake(清醒)
2183,0,Wake(清醒)
2184,0,Wake(清醒)
2185,0,Wake(清醒)
2186,0,Wake(清醒)
2187,0,Wake(清醒)
2188,0,Wake(清醒)
2189,0,Wake(清醒)
2190,0,Wake(清醒)
2191,0,Wake(清醒)
2192,0,Wake(清醒)
2193,0,Wake(清醒)
2194,0,Wake(清醒)
2195,0,Wake(清醒)
2196,0,Wake(清醒)
2197,0,Wake(清醒)
2198,0,Wake(清醒)
2199,0,Wake(清醒)
2200,0,Wake(清醒)
2201,0,Wake(清醒)
2202,0,Wake(清醒)
2203,0,Wake(清醒)
2204,0,Wake(清醒)
2205,0,Wake(清醒)
2206,0,Wake(清醒)
2207,0,Wake(清醒)
2208,0,Wake(清醒)
2209,0,Wake(清醒)
2210,0,Wake(清醒)
2211,0,Wake(清醒)
2212,0,Wake(清醒)
2213,0,Wake(清醒)
2214,0,Wake(清醒)
2215,0,Wake(清醒)
2216,0,Wake(清醒)
2217,0,Wake(清醒)
2218,0,Wake(清醒)
2219,0,Wake(清醒)
2220,0,Wake(清醒)
2221,0,Wake(清醒)
2222,0,Wake(清醒)
2223,0,Wake(清醒)
2224,0,Wake(清醒)
2225,0,Wake(清醒)
2226,0,Wake(清醒)
2227,0,Wake(清醒)
2228,0,Wake(清醒)
2229,0,Wake(清醒)
2230,0,Wake(清醒)
2231,0,Wake(清醒)
2232,0,Wake(清醒)
2233,0,Wake(清醒)
2234,0,Wake(清醒)
2235,0,Wake(清醒)
2236,0,Wake(清醒)
2237,0,Wake(清醒)
2238,0,Wake(清醒)
2239,0,Wake(清醒)
2240,0,Wake(清醒)
2241,0,Wake(清醒)
2242,0,Wake(清醒)
2243,0,Wake(清醒)
2244,0,Wake(清醒)
2245,0,Wake(清醒)
2246,0,Wake(清醒)
2247,0,Wake(清醒)
2248,0,Wake(清醒)
2249,0,Wake(清醒)
2250,0,Wake(清醒)
2251,0,Wake(清醒)
2252,0,Wake(清醒)
2253,0,Wake(清醒)
2254,0,Wake(清醒)
2255,0,Wake(清醒)
2256,0,Wake(清醒)
2257,0,Wake(清醒)
2258,0,Wake(清醒)
2259,0,Wake(清醒)
2260,0,Wake(清醒)
2261,0,Wake(清醒)
2262,0,Wake(清醒)
2263,0,Wake(清醒)
2264,0,Wake(清醒)
2265,0,Wake(清醒)
2266,0,Wake(清醒)
2267,0,Wake(清醒)
2268,0,Wake(清醒)
2269,0,Wake(清醒)
2270,0,Wake(清醒)
2271,0,Wake(清醒)
2272,0,Wake(清醒)
2273,0,Wake(清醒)
2274,0,Wake(清醒)
2275,0,Wake(清醒)
2276,0,Wake(清醒)
2277,0,Wake(清醒)
2278,0,Wake(清醒)
2279,0,Wake(清醒)
2280,0,Wake(清醒)
2281,0,Wake(清醒)
2282,0,Wake(清醒)
2283,0,Wake(清醒)
2284,0,Wake(清醒)
2285,0,Wake(清醒)
2286,0,Wake(清醒)
2287,0,Wake(清醒)
2288,0,Wake(清醒)
2289,0,Wake(清醒)
2290,0,Wake(清醒)
2291,0,Wake(清醒)
2292,0,Wake(清醒)
2293,0,Wake(清醒)
2294,0,Wake(清醒)
2295,0,Wake(清醒)
2296,0,Wake(清醒)
2297,0,Wake(清醒)
2298,0,Wake(清醒)
2299,0,Wake(清醒)
2300,0,Wake(清醒)
2301,0,Wake(清醒)
2302,0,Wake(清醒)
2303,0,Wake(清醒)
2304,0,Wake(清醒)
2305,0,Wake(清醒)
2306,0,Wake(清醒)
2307,0,Wake(清醒)
2308,0,Wake(清醒)
2309,0,Wake(清醒)
2310,0,Wake(清醒)
2311,0,Wake(清醒)
2312,0,Wake(清醒)
2313,0,Wake(清醒)
2314,0,Wake(清醒)
2315,0,Wake(清醒)
2316,0,Wake(清醒)
2317,0,Wake(清醒)
2318,0,Wake(清醒)
2319,0,Wake(清醒)
2320,0,Wake(清醒)
2321,0,Wake(清醒)
2322,0,Wake(清醒)
2323,0,Wake(清醒)
2324,0,Wake(清醒)
2325,0,Wake(清醒)
2326,0,Wake(清醒)
2327,0,Wake(清醒)
2328,0,Wake(清醒)
2329,0,Wake(清醒)
2330,0,Wake(清醒)
2331,0,Wake(清醒)
2332,0,Wake(清醒)
2333,0,Wake(清醒)
2334,0,Wake(清醒)
2335,0,Wake(清醒)
2336,0,Wake(清醒)
2337,0,Wake(清醒)
2338,0,Wake(清醒)
2339,0,Wake(清醒)
2340,0,Wake(清醒)
2341,0,Wake(清醒)
2342,0,Wake(清醒)
2343,0,Wake(清醒)
2344,0,Wake(清醒)
2345,0,Wake(清醒)
2346,0,Wake(清醒)
2347,0,Wake(清醒)
2348,0,Wake(清醒)
2349,0,Wake(清醒)
2350,0,Wake(清醒)
2351,0,Wake(清醒)
2352,0,Wake(清醒)
2353,0,Wake(清醒)
2354,0,Wake(清醒)
2355,0,Wake(清醒)
2356,0,Wake(清醒)
2357,0,Wake(清醒)
2358,0,Wake(清醒)
2359,0,Wake(清醒)
2360,0,Wake(清醒)
2361,0,Wake(清醒)
2362,0,Wake(清醒)
2363,0,Wake(清醒)
2364,0,Wake(清醒)
2365,0,Wake(清醒)
2366,0,Wake(清醒)
2367,0,Wake(清醒)
2368,0,Wake(清醒)
2369,0,Wake(清醒)
2370,0,Wake(清醒)
2371,0,Wake(清醒)
2372,0,Wake(清醒)
2373,0,Wake(清醒)
2374,0,Wake(清醒)
2375,0,Wake(清醒)
2376,0,Wake(清醒)
2377,0,Wake(清醒)
2378,0,Wake(清醒)
2379,0,Wake(清醒)
2380,0,Wake(清醒)
2381,0,Wake(清醒)
2382,0,Wake(清醒)
2383,0,Wake(清醒)
2384,0,Wake(清醒)
2385,0,Wake(清醒)
2386,0,Wake(清醒)
2387,0,Wake(清醒)
2388,0,Wake(清醒)
2389,0,Wake(清醒)
2390,0,Wake(清醒)
2391,0,Wake(清醒)
2392,0,Wake(清醒)
2393,0,Wake(清醒)
2394,0,Wake(清醒)
2395,0,Wake(清醒)
2396,0,Wake(清醒)
2397,0,Wake(清醒)
2398,0,Wake(清醒)
2399,0,Wake(清醒)
2400,0,Wake(清醒)
2401,0,Wake(清醒)
2402,0,Wake(清醒)
2403,0,Wake(清醒)
2404,0,Wake(清醒)
2405,0,Wake(清醒)
2406,0,Wake(清醒)
2407,0,Wake(清醒)
2408,0,Wake(清醒)
2409,0,Wake(清醒)
2410,0,Wake(清醒)
2411,0,Wake(清醒)
2412,0,Wake(清醒)
2413,0,Wake(清醒)
2414,0,Wake(清醒)
2415,0,Wake(清醒)
2416,0,Wake(清醒)
2417,0,Wake(清醒)
2418,0,Wake(清醒)
2419,0,Wake(清醒)
2420,0,Wake(清醒)
2421,0,Wake(清醒)
2422,0,Wake(清醒)
2423,0,Wake(清醒)
2424,0,Wake(清醒)
2425,0,Wake(清醒)
2426,0,Wake(清醒)
2427,0,Wake(清醒)
2428,0,Wake(清醒)
2429,0,Wake(清醒)
2430,0,Wake(清醒)
2431,0,Wake(清醒)
2432,0,Wake(清醒)
2433,0,Wake(清醒)
2434,0,Wake(清醒)
2435,0,Wake(清醒)
2436,0,Wake(清醒)
2437,0,Wake(清醒)
2438,0,Wake(清醒)
2439,0,Wake(清醒)
2440,0,Wake(清醒)
2441,0,Wake(清醒)
2442,0,Wake(清醒)
2443,0,Wake(清醒)
2444,0,Wake(清醒)
2445,0,Wake(清醒)
2446,0,Wake(清醒)
2447,0,Wake(清醒)
2448,0,Wake(清醒)
2449,0,Wake(清醒)
2450,0,Wake(清醒)
2451,0,Wake(清醒)
2452,0,Wake(清醒)
2453,0,Wake(清醒)
2454,0,Wake(清醒)
2455,0,Wake(清醒)
2456,0,Wake(清醒)
2457,0,Wake(清醒)
2458,0,Wake(清醒)
2459,0,Wake(清醒)
2460,0,Wake(清醒)
2461,0,Wake(清醒)
2462,0,Wake(清醒)
2463,0,Wake(清醒)
2464,0,Wake(清醒)
2465,0,Wake(清醒)
2466,0,Wake(清醒)
2467,0,Wake(清醒)
2468,0,Wake(清醒)
2469,0,Wake(清醒)
2470,0,Wake(清醒)
2471,0,Wake(清醒)
2472,0,Wake(清醒)
2473,0,Wake(清醒)
2474,0,Wake(清醒)
2475,0,Wake(清醒)
2476,0,Wake(清醒)
2477,0,Wake(清醒)
2478,0,Wake(清醒)
2479,0,Wake(清醒)
2480,0,Wake(清醒)
2481,0,Wake(清醒)
2482,0,Wake(清醒)
2483,0,Wake(清醒)
2484,0,Wake(清醒)
2485,0,Wake(清醒)
2486,0,Wake(清醒)
2487,0,Wake(清醒)
2488,0,Wake(清醒)
2489,0,Wake(清醒)
2490,0,Wake(清醒)
2491,0,Wake(清醒)
2492,0,Wake(清醒)
2493,0,Wake(清醒)
2494,0,Wake(清醒)
2495,0,Wake(清醒)
2496,0,Wake(清醒)
2497,0,Wake(清醒)
2498,0,Wake(清醒)
2499,0,Wake(清醒)
2500,0,Wake(清醒)
2501,0,Wake(清醒)
2502,0,Wake(清醒)
2503,0,Wake(清醒)
2504,0,Wake(清醒)
2505,0,Wake(清醒)
2506,0,Wake(清醒)
2507,0,Wake(清醒)
2508,0,Wake(清醒)
2509,0,Wake(清醒)
2510,0,Wake(清醒)
2511,0,Wake(清醒)
2512,0,Wake(清醒)
2513,0,Wake(清醒)
2514,0,Wake(清醒)
2515,0,Wake(清醒)
2516,0,Wake(清醒)
2517,0,Wake(清醒)
2518,0,Wake(清醒)
2519,0,Wake(清醒)
2520,0,Wake(清醒)
2521,0,Wake(清醒)
2522,0,Wake(清醒)
2523,0,Wake(清醒)
2524,0,Wake(清醒)
2525,0,Wake(清醒)
2526,0,Wake(清醒)
2527,0,Wake(清醒)
2528,0,Wake(清醒)
2529,0,Wake(清醒)
2530,0,Wake(清醒)
2531,0,Wake(清醒)
2532,0,Wake(清醒)
2533,0,Wake(清醒)
2534,0,Wake(清醒)
2535,0,Wake(清醒)
2536,0,Wake(清醒)
2537,0,Wake(清醒)
2538,0,Wake(清醒)
2539,0,Wake(清醒)
2540,0,Wake(清醒)
2541,0,Wake(清醒)
2542,0,Wake(清醒)
2543,0,Wake(清醒)
2544,0,Wake(清醒)
2545,0,Wake(清醒)
2546,0,Wake(清醒)
2547,0,Wake(清醒)
2548,0,Wake(清醒)
2549,0,Wake(清醒)
2550,0,Wake(清醒)
2551,0,Wake(清醒)
2552,0,Wake(清醒)
2553,0,Wake(清醒)
2554,0,Wake(清醒)
2555,0,Wake(清醒)
2556,0,Wake(清醒)
2557,0,Wake(清醒)
2558,0,Wake(清醒)
2559,0,Wake(清醒)
2560,0,Wake(清醒)
2561,0,Wake(清醒)
2562,0,Wake(清醒)
2563,0,Wake(清醒)
2564,0,Wake(清醒)
2565,0,Wake(清醒)
2566,0,Wake(清醒)
2567,0,Wake(清醒)
2568,0,Wake(清醒)
2569,0,Wake(清醒)
2570,0,Wake(清醒)
2571,0,Wake(清醒)
2572,0,Wake(清醒)
2573,0,Wake(清醒)
2574,0,Wake(清醒)
2575,0,Wake(清醒)
2576,0,Wake(清醒)
2577,0,Wake(清醒)
2578,0,Wake(清醒)
2579,0,Wake(清醒)
2580,0,Wake(清醒)
2581,0,Wake(清醒)
2582,0,Wake(清醒)
2583,0,Wake(清醒)
2584,0,Wake(清醒)
2585,0,Wake(清醒)
2586,0,Wake(清醒)
2587,0,Wake(清醒)
2588,0,Wake(清醒)
2589,0,Wake(清醒)
2590,0,Wake(清醒)
2591,0,Wake(清醒)
2592,0,Wake(清醒)
2593,0,Wake(清醒)
2594,0,Wake(清醒)
2595,0,Wake(清醒)
2596,0,Wake(清醒)
2597,0,Wake(清醒)
2598,0,Wake(清醒)
2599,0,Wake(清醒)
2600,0,Wake(清醒)
2601,0,Wake(清醒)
2602,0,Wake(清醒)
2603,0,Wake(清醒)
2604,0,Wake(清醒)
2605,0,Wake(清醒)
2606,0,Wake(清醒)
2607,0,Wake(清醒)
2608,0,Wake(清醒)
2609,0,Wake(清醒)
2610,0,Wake(清醒)
2611,0,Wake(清醒)
2612,0,Wake(清醒)
2613,0,Wake(清醒)
2614,0,Wake(清醒)
2615,0,Wake(清醒)
2616,0,Wake(清醒)
2617,0,Wake(清醒)
2618,0,Wake(清醒)
2619,0,Wake(清醒)
2620,0,Wake(清醒)
2621,0,Wake(清醒)
2622,0,Wake(清醒)
2623,0,Wake(清醒)
2624,0,Wake(清醒)
2625,0,Wake(清醒)
2626,0,Wake(清醒)
2627,0,Wake(清醒)
2628,0,Wake(清醒)
2629,0,Wake(清醒)
2630,0,Wake(清醒)
2631,0,Wake(清醒)
2632,0,Wake(清醒)
2633,0,Wake(清醒)
2634,0,Wake(清醒)
2635,0,Wake(清醒)
2636,0,Wake(清醒)
2637,0,Wake(清醒)
2638,0,Wake(清醒)
2639,0,Wake(清醒)
2640,0,Wake(清醒)
2641,0,Wake(清醒)
2642,0,Wake(清醒)
2643,0,Wake(清醒)
2644,0,Wake(清醒)
2645,0,Wake(清醒)
2646,0,Wake(清醒)
2647,0,Wake(清醒)
2648,0,Wake(清醒)
2649,0,Wake(清醒)
2650,0,Wake(清醒)
2651,0,Wake(清醒)
2652,0,Wake(清醒)
2653,0,Wake(清醒)
2654,0,Wake(清醒)
2655,0,Wake(清醒)
2656,0,Wake(清醒)
2657,0,Wake(清醒)
2658,0,Wake(清醒)
2659,0,Wake(清醒)
2660,0,Wake(清醒)
2661,0,Wake(清醒)
2662,0,Wake(清醒)
2663,0,Wake(清醒)
2664,0,Wake(清醒)
2665,0,Wake(清醒)
2666,0,Wake(清醒)
2667,0,Wake(清醒)
2668,0,Wake(清醒)
2669,0,Wake(清醒)
2670,0,Wake(清醒)
2671,0,Wake(清醒)
2672,0,Wake(清醒)
2673,0,Wake(清醒)
2674,0,Wake(清醒)
2675,0,Wake(清醒)
2676,0,Wake(清醒)
2677,0,Wake(清醒)
2678,0,Wake(清醒)
2679,0,Wake(清醒)
2680,0,Wake(清醒)
2681,0,Wake(清醒)
2682,0,Wake(清醒)
2683,0,Wake(清醒)
2684,0,Wake(清醒)
2685,0,Wake(清醒)
2686,0,Wake(清醒)
2687,0,Wake(清醒)
2688,0,Wake(清醒)
2689,0,Wake(清醒)
2690,0,Wake(清醒)
2691,0,Wake(清醒)
2692,0,Wake(清醒)
2693,0,Wake(清醒)
2694,0,Wake(清醒)
2695,0,Wake(清醒)
2696,0,Wake(清醒)
2697,0,Wake(清醒)
2698,0,Wake(清醒)
2699,0,Wake(清醒)
2700,0,Wake(清醒)
2701,0,Wake(清醒)
2702,0,Wake(清醒)
2703,0,Wake(清醒)
2704,0,Wake(清醒)
2705,0,Wake(清醒)
2706,0,Wake(清醒)
2707,0,Wake(清醒)
2708,0,Wake(清醒)
2709,0,Wake(清醒)
2710,0,Wake(清醒)
2711,0,Wake(清醒)
2712,0,Wake(清醒)
2713,0,Wake(清醒)
2714,0,Wake(清醒)
2715,0,Wake(清醒)
2716,0,Wake(清醒)
2717,0,Wake(清醒)
2718,0,Wake(清醒)
2719,0,Wake(清醒)
2720,0,Wake(清醒)
2721,0,Wake(清醒)
2722,0,Wake(清醒)
2723,0,Wake(清醒)
2724,0,Wake(清醒)
2725,0,Wake(清醒)
2726,0,Wake(清醒)
2727,0,Wake(清醒)
2728,0,Wake(清醒)
2729,0,Wake(清醒)
2730,0,Wake(清醒)
2731,0,Wake(清醒)
2732,0,Wake(清醒)
2733,0,Wake(清醒)
2734,0,Wake(清醒)
2735,0,Wake(清醒)
2736,0,Wake(清醒)
2737,0,Wake(清醒)
2738,0,Wake(清醒)
2739,0,Wake(清醒)
2740,0,Wake(清醒)
2741,0,Wake(清醒)
2742,0,Wake(清醒)
2743,0,Wake(清醒)
2744,0,Wake(清醒)
2745,0,Wake(清醒)
2746,0,Wake(清醒)
2747,0,Wake(清醒)
2748,0,Wake(清醒)
2749,0,Wake(清醒)
2750,0,Wake(清醒)
2751,0,Wake(清醒)
2752,0,Wake(清醒)
2753,0,Wake(清醒)
2754,0,Wake(清醒)
2755,0,Wake(清醒)
2756,0,Wake(清醒)
2757,0,Wake(清醒)
2758,0,Wake(清醒)
2759,0,Wake(清醒)
2760,0,Wake(清醒)
2761,0,Wake(清醒)
2762,0,Wake(清醒)
2763,0,Wake(清醒)
2764,0,Wake(清醒)
2765,0,Wake(清醒)
2766,0,Wake(清醒)
2767,0,Wake(清醒)
2768,0,Wake(清醒)
2769,0,Wake(清醒)
2770,0,Wake(清醒)
2771,0,Wake(清醒)
2772,0,Wake(清醒)
2773,0,Wake(清醒)
2774,0,Wake(清醒)
2775,0,Wake(清醒)
2776,0,Wake(清醒)
2777,0,Wake(清醒)
2778,0,Wake(清醒)
2779,0,Wake(清醒)
2780,0,Wake(清醒)
2781,0,Wake(清醒)
2782,0,Wake(清醒)
2783,0,Wake(清醒)
2784,0,Wake(清醒)
2785,0,Wake(清醒)
2786,0,Wake(清醒)
2787,0,Wake(清醒)
2788,0,Wake(清醒)
2789,0,Wake(清醒)
2790,0,Wake(清醒)
2791,0,Wake(清醒)
2792,0,Wake(清醒)
2793,0,Wake(清醒)
2794,0,Wake(清醒)
2795,0,Wake(清醒)
2796,0,Wake(清醒)
2797,0,Wake(清醒)
2798,0,Wake(清醒)
2799,0,Wake(清醒)
2800,0,Wake(清醒)
2801,0,Wake(清醒)
2802,0,Wake(清醒)
2803,0,Wake(清醒)
2804,0,Wake(清醒)
2805,0,Wake(清醒)
2806,0,Wake(清醒)
2807,0,Wake(清醒)
2808,0,Wake(清醒)
2809,0,Wake(清醒)
2810,0,Wake(清醒)
2811,0,Wake(清醒)
2812,0,Wake(清醒)
2813,0,Wake(清醒)
2814,0,Wake(清醒)
2815,0,Wake(清醒)
2816,0,Wake(清醒)
2817,0,Wake(清醒)
2818,0,Wake(清醒)
2819,0,Wake(清醒)
2820,0,Wake(清醒)
2821,0,Wake(清醒)
2822,0,Wake(清醒)
2823,0,Wake(清醒)
2824,0,Wake(清醒)
2825,0,Wake(清醒)
2826,0,Wake(清醒)
2827,0,Wake(清醒)
2828,0,Wake(清醒)
2829,0,Wake(清醒)
2830,0,Wake(清醒)
2831,0,Wake(清醒)
2832,0,Wake(清醒)
2833,0,Wake(清醒)
2834,0,Wake(清醒)
2835,0,Wake(清醒)
2836,0,Wake(清醒)
2837,0,Wake(清醒)
2838,0,Wake(清醒)
2839,0,Wake(清醒)
2840,0,Wake(清醒)
2841,0,Wake(清醒)
2842,0,Wake(清醒)
2843,0,Wake(清醒)
2844,0,Wake(清醒)
2845,0,Wake(清醒)
2846,0,Wake(清醒)
2847,0,Wake(清醒)
2848,0,Wake(清醒)
2849,0,Wake(清醒)
2850,0,Wake(清醒)
2851,0,Wake(清醒)
2852,0,Wake(清醒)
2853,0,Wake(清醒)
2854,0,Wake(清醒)
2855,0,Wake(清醒)
2856,0,Wake(清醒)
2857,0,Wake(清醒)
2858,0,Wake(清醒)
2859,0,Wake(清醒)
2860,0,Wake(清醒)
2861,0,Wake(清醒)
2862,0,Wake(清醒)
2863,0,Wake(清醒)
2864,0,Wake(清醒)
2865,0,Wake(清醒)
2866,0,Wake(清醒)
2867,0,Wake(清醒)
2868,0,Wake(清醒)
2869,0,Wake(清醒)
2870,0,Wake(清醒)
2871,0,Wake(清醒)
2872,0,Wake(清醒)
2873,0,Wake(清醒)
2874,0,Wake(清醒)
2875,0,Wake(清醒)
2876,0,Wake(清醒)
2877,0,Wake(清醒)
2878,0,Wake(清醒)
2879,0,Wake(清醒)
2880,0,Wake(清醒)
2881,0,Wake(清醒)
2882,0,Wake(清醒)
2883,0,Wake(清醒)
2884,0,Wake(清醒)
2885,0,Wake(清醒)
2886,0,Wake(清醒)
2887,0,Wake(清醒)
2888,0,Wake(清醒)
2889,0,Wake(清醒)
2890,0,Wake(清醒)
2891,0,Wake(清醒)
2892,0,Wake(清醒)
2893,0,Wake(清醒)
2894,0,Wake(清醒)
2895,0,Wake(清醒)
2896,0,Wake(清醒)
2897,0,Wake(清醒)
2898,0,Wake(清醒)
2899,0,Wake(清醒)
2900,0,Wake(清醒)
2901,0,Wake(清醒)
2902,0,Wake(清醒)
2903,0,Wake(清醒)
2904,0,Wake(清醒)
2905,0,Wake(清醒)
2906,0,Wake(清醒)
2907,0,Wake(清醒)
2908,0,Wake(清醒)
2909,0,Wake(清醒)
2910,0,Wake(清醒)
2911,0,Wake(清醒)
2912,0,Wake(清醒)
2913,0,Wake(清醒)
2914,0,Wake(清醒)
2915,0,Wake(清醒)
2916,0,Wake(清醒)
2917,0,Wake(清醒)
2918,0,Wake(清醒)
2919,0,Wake(清醒)
2920,0,Wake(清醒)
2921,0,Wake(清醒)
2922,0,Wake(清醒)
2923,0,Wake(清醒)
2924,0,Wake(清醒)
2925,0,Wake(清醒)
2926,0,Wake(清醒)
2927,0,Wake(清醒)
2928,0,Wake(清醒)
2929,0,Wake(清醒)
2930,0,Wake(清醒)
2931,0,Wake(清醒)
2932,0,Wake(清醒)
2933,0,Wake(清醒)
2934,0,Wake(清醒)
2935,0,Wake(清醒)
2936,0,Wake(清醒)
2937,0,Wake(清醒)
2938,0,Wake(清醒)
2939,0,Wake(清醒)
2940,0,Wake(清醒)
2941,0,Wake(清醒)
2942,0,Wake(清醒)
2943,0,Wake(清醒)
2944,0,Wake(清醒)
2945,0,Wake(清醒)
2946,0,Wake(清醒)
2947,0,Wake(清醒)
2948,0,Wake(清醒)
2949,0,Wake(清醒)
2950,0,Wake(清醒)
2951,0,Wake(清醒)
2952,0,Wake(清醒)
2953,0,Wake(清醒)
2954,0,Wake(清醒)
2955,0,Wake(清醒)
2956,0,Wake(清醒)
2957,0,Wake(清醒)
2958,0,Wake(清醒)
2959,0,Wake(清醒)
2960,0,Wake(清醒)
2961,0,Wake(清醒)
2962,0,Wake(清醒)
2963,0,Wake(清醒)
2964,0,Wake(清醒)
2965,0,Wake(清醒)
2966,0,Wake(清醒)
2967,0,Wake(清醒)
2968,0,Wake(清醒)
2969,0,Wake(清醒)
2970,0,Wake(清醒)
2971,0,Wake(清醒)
2972,0,Wake(清醒)
2973,0,Wake(清醒)
2974,0,Wake(清醒)
2975,0,Wake(清醒)
2976,0,Wake(清醒)
2977,0,Wake(清醒)
2978,0,Wake(清醒)
2979,0,Wake(清醒)
2980,0,Wake(清醒)
2981,0,Wake(清醒)
2982,0,Wake(清醒)
2983,0,Wake(清醒)
2984,0,Wake(清醒)
2985,0,Wake(清醒)
2986,0,Wake(清醒)
2987,0,Wake(清醒)
2988,0,Wake(清醒)
2989,0,Wake(清醒)
2990,0,Wake(清醒)
2991,0,Wake(清醒)
2992,0,Wake(清醒)
2993,0,Wake(清醒)
2994,0,Wake(清醒)
2995,0,Wake(清醒)
2996,0,Wake(清醒)
2997,0,Wake(清醒)
2998,0,Wake(清醒)
2999,0,Wake(清醒)
3000,0,Wake(清醒)
3001,0,Wake(清醒)
3002,0,Wake(清醒)
3003,0,Wake(清醒)
3004,0,Wake(清醒)
3005,0,Wake(清醒)
3006,0,Wake(清醒)
3007,0,Wake(清醒)
3008,0,Wake(清醒)
3009,0,Wake(清醒)
3010,0,Wake(清醒)
3011,0,Wake(清醒)
3012,0,Wake(清醒)
3013,0,Wake(清醒)
3014,0,Wake(清醒)
3015,0,Wake(清醒)
3016,0,Wake(清醒)
3017,0,Wake(清醒)
3018,0,Wake(清醒)
3019,0,Wake(清醒)
3020,0,Wake(清醒)
3021,0,Wake(清醒)
3022,0,Wake(清醒)
3023,0,Wake(清醒)
3024,0,Wake(清醒)
3025,0,Wake(清醒)
3026,0,Wake(清醒)
3027,0,Wake(清醒)
3028,0,Wake(清醒)
3029,0,Wake(清醒)
3030,0,Wake(清醒)
3031,0,Wake(清醒)
3032,0,Wake(清醒)
3033,0,Wake(清醒)
3034,0,Wake(清醒)
3035,0,Wake(清醒)
3036,0,Wake(清醒)
3037,0,Wake(清醒)
3038,0,Wake(清醒)
3039,0,Wake(清醒)
3040,0,Wake(清醒)
3041,0,Wake(清醒)
3042,0,Wake(清醒)
3043,0,Wake(清醒)
3044,0,Wake(清醒)
3045,0,Wake(清醒)
3046,0,Wake(清醒)
3047,0,Wake(清醒)
3048,0,Wake(清醒)
3049,0,Wake(清醒)
3050,0,Wake(清醒)
3051,0,Wake(清醒)
3052,0,Wake(清醒)
3053,0,Wake(清醒)
3054,0,Wake(清醒)
3055,0,Wake(清醒)
3056,0,Wake(清醒)
3057,0,Wake(清醒)
3058,0,Wake(清醒)
3059,0,Wake(清醒)
3060,0,Wake(清醒)
3061,0,Wake(清醒)
3062,0,Wake(清醒)
3063,0,Wake(清醒)
3064,0,Wake(清醒)
3065,0,Wake(清醒)
3066,0,Wake(清醒)
3067,0,Wake(清醒)
3068,0,Wake(清醒)
3069,0,Wake(清醒)
3070,0,Wake(清醒)
3071,0,Wake(清醒)
3072,0,Wake(清醒)
3073,0,Wake(清醒)
3074,0,Wake(清醒)
3075,0,Wake(清醒)
3076,0,Wake(清醒)
3077,0,Wake(清醒)
3078,0,Wake(清醒)
3079,0,Wake(清醒)
3080,0,Wake(清醒)
3081,0,Wake(清醒)
3082,0,Wake(清醒)
3083,0,Wake(清醒)
3084,0,Wake(清醒)
3085,0,Wake(清醒)
3086,0,Wake(清醒)
3087,0,Wake(清醒)
3088,0,Wake(清醒)
3089,0,Wake(清醒)
3090,0,Wake(清醒)
3091,0,Wake(清醒)
3092,0,Wake(清醒)
3093,0,Wake(清醒)
3094,0,Wake(清醒)
3095,0,Wake(清醒)
3096,0,Wake(清醒)
3097,0,Wake(清醒)
3098,0,Wake(清醒)
3099,0,Wake(清醒)
3100,0,Wake(清醒)
3101,0,Wake(清醒)
3102,0,Wake(清醒)
3103,0,Wake(清醒)
3104,0,Wake(清醒)
3105,0,Wake(清醒)
3106,0,Wake(清醒)
3107,0,Wake(清醒)
3108,0,Wake(清醒)
3109,0,Wake(清醒)
3110,0,Wake(清醒)
3111,0,Wake(清醒)
3112,0,Wake(清醒)
3113,0,Wake(清醒)
3114,0,Wake(清醒)
3115,0,Wake(清醒)
3116,0,Wake(清醒)
3117,0,Wake(清醒)
3118,0,Wake(清醒)
3119,0,Wake(清醒)
3120,0,Wake(清醒)
3121,0,Wake(清醒)
3122,0,Wake(清醒)
3123,0,Wake(清醒)
3124,0,Wake(清醒)
3125,0,Wake(清醒)
3126,0,Wake(清醒)
3127,0,Wake(清醒)
3128,0,Wake(清醒)
3129,0,Wake(清醒)
3130,0,Wake(清醒)
3131,0,Wake(清醒)
3132,0,Wake(清醒)
3133,0,Wake(清醒)
3134,0,Wake(清醒)
3135,0,Wake(清醒)
3136,0,Wake(清醒)
3137,0,Wake(清醒)
3138,0,Wake(清醒)
3139,0,Wake(清醒)
3140,0,Wake(清醒)
3141,0,Wake(清醒)
3142,0,Wake(清醒)
3143,0,Wake(清醒)
3144,0,Wake(清醒)
3145,0,Wake(清醒)
3146,0,Wake(清醒)
3147,0,Wake(清醒)
3148,0,Wake(清醒)
3149,0,Wake(清醒)
3150,0,Wake(清醒)
3151,0,Wake(清醒)
3152,0,Wake(清醒)
3153,0,Wake(清醒)
3154,0,Wake(清醒)
3155,0,Wake(清醒)
3156,0,Wake(清醒)
3157,0,Wake(清醒)
3158,0,Wake(清醒)
3159,0,Wake(清醒)
3160,0,Wake(清醒)
3161,0,Wake(清醒)
3162,0,Wake(清醒)
3163,0,Wake(清醒)
3164,0,Wake(清醒)
3165,0,Wake(清醒)
3166,0,Wake(清醒)
3167,0,Wake(清醒)
3168,0,Wake(清醒)
3169,0,Wake(清醒)
3170,0,Wake(清醒)
3171,0,Wake(清醒)
3172,0,Wake(清醒)
3173,0,Wake(清醒)
3174,0,Wake(清醒)
3175,0,Wake(清醒)
3176,0,Wake(清醒)
3177,0,Wake(清醒)
3178,0,Wake(清醒)
3179,0,Wake(清醒)
3180,0,Wake(清醒)
3181,0,Wake(清醒)
3182,0,Wake(清醒)
3183,0,Wake(清醒)
3184,0,Wake(清醒)
3185,0,Wake(清醒)
3186,0,Wake(清醒)
3187,0,Wake(清醒)
3188,0,Wake(清醒)
3189,0,Wake(清醒)
3190,0,Wake(清醒)
3191,0,Wake(清醒)
3192,0,Wake(清醒)
3193,0,Wake(清醒)
3194,0,Wake(清醒)
3195,0,Wake(清醒)
3196,0,Wake(清醒)
3197,0,Wake(清醒)
3198,0,Wake(清醒)
3199,0,Wake(清醒)
3200,0,Wake(清醒)
3201,0,Wake(清醒)
3202,0,Wake(清醒)
3203,0,Wake(清醒)
3204,0,Wake(清醒)
3205,0,Wake(清醒)
3206,0,Wake(清醒)
3207,0,Wake(清醒)
3208,0,Wake(清醒)
3209,0,Wake(清醒)
3210,0,Wake(清醒)
3211,0,Wake(清醒)
3212,0,Wake(清醒)
3213,0,Wake(清醒)
3214,0,Wake(清醒)
3215,0,Wake(清醒)
3216,0,Wake(清醒)
3217,0,Wake(清醒)
3218,0,Wake(清醒)
3219,0,Wake(清醒)
3220,0,Wake(清醒)
3221,0,Wake(清醒)
3222,0,Wake(清醒)
3223,0,Wake(清醒)
3224,0,Wake(清醒)
3225,0,Wake(清醒)
3226,0,Wake(清醒)
3227,0,Wake(清醒)
3228,0,Wake(清醒)
3229,0,Wake(清醒)
3230,0,Wake(清醒)
3231,0,Wake(清醒)
3232,0,Wake(清醒)
3233,0,Wake(清醒)
3234,0,Wake(清醒)
3235,0,Wake(清醒)
3236,0,Wake(清醒)
3237,0,Wake(清醒)
3238,0,Wake(清醒)
3239,0,Wake(清醒)
3240,0,Wake(清醒)
3241,0,Wake(清醒)
3242,0,Wake(清醒)
3243,0,Wake(清醒)
3244,0,Wake(清醒)
3245,0,Wake(清醒)
3246,0,Wake(清醒)
3247,0,Wake(清醒)
3248,0,Wake(清醒)
3249,0,Wake(清醒)
3250,0,Wake(清醒)
3251,0,Wake(清醒)
3252,0,Wake(清醒)
3253,0,Wake(清醒)
3254,0,Wake(清醒)
3255,0,Wake(清醒)
3256,0,Wake(清醒)
3257,0,Wake(清醒)
3258,0,Wake(清醒)
3259,0,Wake(清醒)
3260,0,Wake(清醒)
3261,0,Wake(清醒)
3262,0,Wake(清醒)
3263,0,Wake(清醒)
3264,0,Wake(清醒)
3265,0,Wake(清醒)
3266,0,Wake(清醒)
3267,0,Wake(清醒)
3268,0,Wake(清醒)
3269,0,Wake(清醒)
3270,0,Wake(清醒)
3271,0,Wake(清醒)
3272,0,Wake(清醒)
3273,0,Wake(清醒)
3274,0,Wake(清醒)
3275,0,Wake(清醒)
3276,0,Wake(清醒)
3277,0,Wake(清醒)
3278,0,Wake(清醒)
3279,0,Wake(清醒)
3280,0,Wake(清醒)
3281,0,Wake(清醒)
3282,0,Wake(清醒)
3283,0,Wake(清醒)
3284,0,Wake(清醒)
3285,0,Wake(清醒)
3286,0,Wake(清醒)
3287,0,Wake(清醒)
3288,0,Wake(清醒)
3289,0,Wake(清醒)
3290,0,Wake(清醒)
3291,0,Wake(清醒)
3292,0,Wake(清醒)
3293,0,Wake(清醒)
3294,0,Wake(清醒)
3295,0,Wake(清醒)
3296,0,Wake(清醒)
3297,0,Wake(清醒)
3298,0,Wake(清醒)
3299,0,Wake(清醒)
3300,0,Wake(清醒)
3301,0,Wake(清醒)
3302,0,Wake(清醒)
3303,0,Wake(清醒)
3304,0,Wake(清醒)
3305,0,Wake(清醒)
3306,0,Wake(清醒)
3307,0,Wake(清醒)
3308,0,Wake(清醒)
3309,0,Wake(清醒)
3310,0,Wake(清醒)
3311,0,Wake(清醒)
3312,0,Wake(清醒)
3313,0,Wake(清醒)
3314,0,Wake(清醒)
3315,0,Wake(清醒)
3316,0,Wake(清醒)
3317,0,Wake(清醒)
3318,0,Wake(清醒)
3319,0,Wake(清醒)
3320,0,Wake(清醒)
3321,0,Wake(清醒)
3322,0,Wake(清醒)
3323,0,Wake(清醒)
3324,0,Wake(清醒)
3325,0,Wake(清醒)
3326,0,Wake(清醒)
3327,0,Wake(清醒)
3328,0,Wake(清醒)
3329,0,Wake(清醒)
3330,0,Wake(清醒)
3331,0,Wake(清醒)
3332,0,Wake(清醒)
3333,0,Wake(清醒)
3334,0,Wake(清醒)
3335,0,Wake(清醒)
3336,0,Wake(清醒)
3337,0,Wake(清醒)
3338,0,Wake(清醒)
3339,0,Wake(清醒)
3340,0,Wake(清醒)
3341,0,Wake(清醒)
3342,0,Wake(清醒)
3343,0,Wake(清醒)
3344,0,Wake(清醒)
3345,0,Wake(清醒)
3346,0,Wake(清醒)
3347,0,Wake(清醒)
3348,0,Wake(清醒)
3349,0,Wake(清醒)
3350,0,Wake(清醒)
3351,0,Wake(清醒)
3352,0,Wake(清醒)
3353,0,Wake(清醒)
3354,0,Wake(清醒)
3355,0,Wake(清醒)
3356,0,Wake(清醒)
3357,0,Wake(清醒)
3358,0,Wake(清醒)
3359,0,Wake(清醒)
3360,0,Wake(清醒)
3361,0,Wake(清醒)
3362,0,Wake(清醒)
3363,0,Wake(清醒)
3364,0,Wake(清醒)
3365,0,Wake(清醒)
3366,0,Wake(清醒)
3367,0,Wake(清醒)
3368,0,Wake(清醒)
3369,0,Wake(清醒)
3370,0,Wake(清醒)
3371,0,Wake(清醒)
3372,0,Wake(清醒)
3373,0,Wake(清醒)
3374,0,Wake(清醒)
3375,0,Wake(清醒)
3376,0,Wake(清醒)
3377,0,Wake(清醒)
3378,0,Wake(清醒)
3379,0,Wake(清醒)
3380,0,Wake(清醒)
3381,0,Wake(清醒)
3382,0,Wake(清醒)
3383,0,Wake(清醒)
3384,0,Wake(清醒)
3385,0,Wake(清醒)
3386,0,Wake(清醒)
3387,0,Wake(清醒)
3388,0,Wake(清醒)
3389,0,Wake(清醒)
3390,0,Wake(清醒)
3391,0,Wake(清醒)
3392,0,Wake(清醒)
3393,0,Wake(清醒)
3394,0,Wake(清醒)
3395,0,Wake(清醒)
3396,0,Wake(清醒)
3397,0,Wake(清醒)
3398,0,Wake(清醒)
3399,0,Wake(清醒)
3400,0,Wake(清醒)
3401,0,Wake(清醒)
3402,0,Wake(清醒)
3403,0,Wake(清醒)
3404,0,Wake(清醒)
3405,0,Wake(清醒)
3406,0,Wake(清醒)
3407,0,Wake(清醒)
3408,0,Wake(清醒)
3409,0,Wake(清醒)
3410,0,Wake(清醒)
3411,0,Wake(清醒)
3412,0,Wake(清醒)
3413,0,Wake(清醒)
3414,0,Wake(清醒)
3415,0,Wake(清醒)
3416,0,Wake(清醒)
3417,0,Wake(清醒)
3418,0,Wake(清醒)
3419,0,Wake(清醒)
3420,0,Wake(清醒)
3421,0,Wake(清醒)
3422,0,Wake(清醒)
3423,0,Wake(清醒)
3424,0,Wake(清醒)
3425,0,Wake(清醒)
3426,0,Wake(清醒)
3427,0,Wake(清醒)
3428,0,Wake(清醒)
3429,0,Wake(清醒)
3430,0,Wake(清醒)
3431,0,Wake(清醒)
3432,0,Wake(清醒)
3433,0,Wake(清醒)
3434,0,Wake(清醒)
3435,0,Wake(清醒)
3436,0,Wake(清醒)
3437,0,Wake(清醒)
3438,0,Wake(清醒)
3439,0,Wake(清醒)
3440,0,Wake(清醒)
3441,0,Wake(清醒)
3442,0,Wake(清醒)
3443,0,Wake(清醒)
3444,0,Wake(清醒)
3445,0,Wake(清醒)
3446,0,Wake(清醒)
3447,0,Wake(清醒)
3448,0,Wake(清醒)
3449,0,Wake(清醒)
3450,0,Wake(清醒)
3451,0,Wake(清醒)
3452,0,Wake(清醒)
3453,0,Wake(清醒)
3454,0,Wake(清醒)
3455,0,Wake(清醒)
3456,0,Wake(清醒)
3457,0,Wake(清醒)
3458,0,Wake(清醒)
3459,0,Wake(清醒)
3460,0,Wake(清醒)
3461,0,Wake(清醒)
3462,0,Wake(清醒)
3463,0,Wake(清醒)
3464,0,Wake(清醒)
3465,0,Wake(清醒)
3466,0,Wake(清醒)
3467,0,Wake(清醒)
3468,0,Wake(清醒)
3469,0,Wake(清醒)
3470,0,Wake(清醒)
3471,0,Wake(清醒)
3472,0,Wake(清醒)
3473,0,Wake(清醒)
3474,0,Wake(清醒)
3475,0,Wake(清醒)
3476,0,Wake(清醒)
3477,0,Wake(清醒)
3478,0,Wake(清醒)
3479,0,Wake(清醒)
3480,0,Wake(清醒)
3481,0,Wake(清醒)
3482,0,Wake(清醒)
3483,0,Wake(清醒)
3484,0,Wake(清醒)
3485,0,Wake(清醒)
3486,0,Wake(清醒)
3487,0,Wake(清醒)
3488,0,Wake(清醒)
3489,0,Wake(清醒)
3490,0,Wake(清醒)
3491,0,Wake(清醒)
3492,0,Wake(清醒)
3493,0,Wake(清醒)
3494,0,Wake(清醒)
3495,0,Wake(清醒)
3496,0,Wake(清醒)
3497,0,Wake(清醒)
3498,0,Wake(清醒)
3499,0,Wake(清醒)
3500,0,Wake(清醒)
3501,0,Wake(清醒)
3502,0,Wake(清醒)
3503,0,Wake(清醒)
3504,0,Wake(清醒)
3505,0,Wake(清醒)
3506,0,Wake(清醒)
3507,0,Wake(清醒)
3508,0,Wake(清醒)
3509,0,Wake(清醒)
3510,0,Wake(清醒)
3511,0,Wake(清醒)
3512,0,Wake(清醒)
3513,0,Wake(清醒)
3514,0,Wake(清醒)
3515,0,Wake(清醒)
3516,0,Wake(清醒)
3517,0,Wake(清醒)
3518,0,Wake(清醒)
3519,0,Wake(清醒)
3520,0,Wake(清醒)
3521,0,Wake(清醒)
3522,0,Wake(清醒)
3523,0,Wake(清醒)
3524,0,Wake(清醒)
3525,0,Wake(清醒)
3526,0,Wake(清醒)
3527,0,Wake(清醒)
3528,0,Wake(清醒)
3529,0,Wake(清醒)
3530,0,Wake(清醒)
3531,0,Wake(清醒)
3532,0,Wake(清醒)
3533,0,Wake(清醒)
3534,0,Wake(清醒)
3535,0,Wake(清醒)
3536,0,Wake(清醒)
3537,0,Wake(清醒)
3538,0,Wake(清醒)
3539,0,Wake(清醒)
3540,0,Wake(清醒)
3541,0,Wake(清醒)
3542,0,Wake(清醒)
3543,0,Wake(清醒)
3544,0,Wake(清醒)
3545,0,Wake(清醒)
3546,0,Wake(清醒)
3547,0,Wake(清醒)
3548,0,Wake(清醒)
3549,0,Wake(清醒)
3550,0,Wake(清醒)
3551,0,Wake(清醒)
3552,0,Wake(清醒)
3553,0,Wake(清醒)
3554,0,Wake(清醒)
3555,0,Wake(清醒)
3556,0,Wake(清醒)
3557,0,Wake(清醒)
3558,0,Wake(清醒)
3559,0,Wake(清醒)
3560,0,Wake(清醒)
3561,0,Wake(清醒)
3562,0,Wake(清醒)
3563,0,Wake(清醒)
3564,0,Wake(清醒)
3565,0,Wake(清醒)
3566,0,Wake(清醒)
3567,0,Wake(清醒)
3568,0,Wake(清醒)
3569,0,Wake(清醒)
3570,0,Wake(清醒)
3571,0,Wake(清醒)
3572,0,Wake(清醒)
3573,0,Wake(清醒)
3574,0,Wake(清醒)
3575,0,Wake(清醒)
3576,0,Wake(清醒)
3577,0,Wake(清醒)
3578,0,Wake(清醒)
3579,0,Wake(清醒)
3580,0,Wake(清醒)
3581,0,Wake(清醒)
3582,0,Wake(清醒)
3583,0,Wake(清醒)
3584,0,Wake(清醒)
3585,0,Wake(清醒)
3586,0,Wake(清醒)
3587,0,Wake(清醒)
3588,0,Wake(清醒)
3589,0,Wake(清醒)
3590,0,Wake(清醒)
3591,0,Wake(清醒)
3592,0,Wake(清醒)
3593,0,Wake(清醒)
3594,0,Wake(清醒)
3595,0,Wake(清醒)
3596,0,Wake(清醒)
3597,0,Wake(清醒)
3598,0,Wake(清醒)
3599,0,Wake(清醒)
3600,0,Wake(清醒)
3601,0,Wake(清醒)
3602,0,Wake(清醒)
3603,0,Wake(清醒)
3604,0,Wake(清醒)
3605,0,Wake(清醒)
3606,0,Wake(清醒)
3607,0,Wake(清醒)
3608,0,Wake(清醒)
3609,0,Wake(清醒)
3610,0,Wake(清醒)
3611,0,Wake(清醒)
3612,0,Wake(清醒)
3613,0,Wake(清醒)
3614,0,Wake(清醒)
3615,0,Wake(清醒)
3616,0,Wake(清醒)
3617,0,Wake(清醒)
3618,0,Wake(清醒)
3619,0,Wake(清醒)
3620,0,Wake(清醒)
3621,0,Wake(清醒)
3622,0,Wake(清醒)
3623,0,Wake(清醒)
3624,0,Wake(清醒)
3625,0,Wake(清醒)
3626,0,Wake(清醒)
3627,0,Wake(清醒)
3628,0,Wake(清醒)
3629,0,Wake(清醒)
3630,0,Wake(清醒)
3631,0,Wake(清醒)
3632,0,Wake(清醒)
3633,0,Wake(清醒)
3634,0,Wake(清醒)
3635,0,Wake(清醒)
3636,0,Wake(清醒)
3637,0,Wake(清醒)
3638,0,Wake(清醒)
3639,0,Wake(清醒)
3640,0,Wake(清醒)
3641,0,Wake(清醒)
3642,0,Wake(清醒)
3643,0,Wake(清醒)
3644,0,Wake(清醒)
3645,0,Wake(清醒)
3646,0,Wake(清醒)
3647,0,Wake(清醒)
3648,0,Wake(清醒)
3649,0,Wake(清醒)
3650,0,Wake(清醒)
3651,0,Wake(清醒)
3652,0,Wake(清醒)
3653,0,Wake(清醒)
3654,0,Wake(清醒)
3655,0,Wake(清醒)
3656,0,Wake(清醒)
3657,0,Wake(清醒)
3658,0,Wake(清醒)
3659,0,Wake(清醒)
3660,0,Wake(清醒)
3661,0,Wake(清醒)
3662,0,Wake(清醒)
3663,0,Wake(清醒)
3664,0,Wake(清醒)
3665,0,Wake(清醒)
3666,0,Wake(清醒)
3667,0,Wake(清醒)
3668,0,Wake(清醒)
3669,0,Wake(清醒)
3670,0,Wake(清醒)
3671,0,Wake(清醒)
3672,0,Wake(清醒)
3673,0,Wake(清醒)
3674,0,Wake(清醒)
3675,0,Wake(清醒)
3676,0,Wake(清醒)
3677,0,Wake(清醒)
3678,0,Wake(清醒)
3679,0,Wake(清醒)
3680,0,Wake(清醒)
3681,0,Wake(清醒)
3682,0,Wake(清醒)
3683,0,Wake(清醒)
3684,0,Wake(清醒)
3685,0,Wake(清醒)
3686,0,Wake(清醒)
3687,0,Wake(清醒)
3688,0,Wake(清醒)
3689,0,Wake(清醒)
3690,0,Wake(清醒)
3691,0,Wake(清醒)
3692,0,Wake(清醒)
3693,0,Wake(清醒)
3694,0,Wake(清醒)
3695,0,Wake(清醒)
3696,0,Wake(清醒)
3697,0,Wake(清醒)
3698,0,Wake(清醒)
3699,0,Wake(清醒)
3700,0,Wake(清醒)
3701,0,Wake(清醒)
3702,0,Wake(清醒)
3703,0,Wake(清醒)
3704,0,Wake(清醒)
3705,0,Wake(清醒)
3706,0,Wake(清醒)
3707,0,Wake(清醒)
3708,0,Wake(清醒)
3709,0,Wake(清醒)
3710,0,Wake(清醒)
3711,0,Wake(清醒)
3712,0,Wake(清醒)
3713,0,Wake(清醒)
3714,0,Wake(清醒)
3715,0,Wake(清醒)
3716,0,Wake(清醒)
3717,0,Wake(清醒)
3718,0,Wake(清醒)
3719,0,Wake(清醒)
3720,0,Wake(清醒)
3721,0,Wake(清醒)
3722,0,Wake(清醒)
3723,0,Wake(清醒)
3724,0,Wake(清醒)
3725,0,Wake(清醒)
3726,0,Wake(清醒)
3727,0,Wake(清醒)
3728,0,Wake(清醒)
3729,0,Wake(清醒)
3730,0,Wake(清醒)
3731,0,Wake(清醒)
3732,0,Wake(清醒)
3733,0,Wake(清醒)
3734,0,Wake(清醒)
3735,0,Wake(清醒)
3736,0,Wake(清醒)
3737,0,Wake(清醒)
3738,0,Wake(清醒)
3739,0,Wake(清醒)
3740,0,Wake(清醒)
3741,0,Wake(清醒)
3742,0,Wake(清醒)
3743,0,Wake(清醒)
3744,0,Wake(清醒)
3745,0,Wake(清醒)
3746,0,Wake(清醒)
3747,0,Wake(清醒)
3748,0,Wake(清醒)
3749,0,Wake(清醒)
3750,0,Wake(清醒)
3751,0,Wake(清醒)
3752,0,Wake(清醒)
3753,0,Wake(清醒)
3754,0,Wake(清醒)
3755,0,Wake(清醒)
3756,0,Wake(清醒)
3757,0,Wake(清醒)
3758,0,Wake(清醒)
3759,0,Wake(清醒)
3760,0,Wake(清醒)
3761,0,Wake(清醒)
3762,0,Wake(清醒)
3763,0,Wake(清醒)
3764,0,Wake(清醒)
3765,0,Wake(清醒)
3766,0,Wake(清醒)
3767,0,Wake(清醒)
3768,0,Wake(清醒)
3769,0,Wake(清醒)
3770,0,Wake(清醒)
3771,0,Wake(清醒)
3772,0,Wake(清醒)
3773,0,Wake(清醒)
3774,0,Wake(清醒)
3775,0,Wake(清醒)
3776,0,Wake(清醒)
3777,0,Wake(清醒)
3778,0,Wake(清醒)
3779,0,Wake(清醒)
3780,0,Wake(清醒)
3781,0,Wake(清醒)
3782,0,Wake(清醒)
3783,0,Wake(清醒)
3784,0,Wake(清醒)
3785,0,Wake(清醒)
3786,0,Wake(清醒)
3787,0,Wake(清醒)
3788,0,Wake(清醒)
3789,0,Wake(清醒)
3790,0,Wake(清醒)
3791,0,Wake(清醒)
3792,0,Wake(清醒)
3793,0,Wake(清醒)
3794,0,Wake(清醒)
3795,0,Wake(清醒)
3796,0,Wake(清醒)
3797,0,Wake(清醒)
3798,0,Wake(清醒)
3799,0,Wake(清醒)
3800,0,Wake(清醒)
3801,0,Wake(清醒)
3802,0,Wake(清醒)
3803,0,Wake(清醒)
3804,0,Wake(清醒)
3805,0,Wake(清醒)
3806,0,Wake(清醒)
3807,0,Wake(清醒)
3808,0,Wake(清醒)
3809,0,Wake(清醒)
3810,0,Wake(清醒)
3811,0,Wake(清醒)
3812,0,Wake(清醒)
3813,0,Wake(清醒)
3814,0,Wake(清醒)
3815,0,Wake(清醒)
3816,0,Wake(清醒)
3817,0,Wake(清醒)
3818,0,Wake(清醒)
3819,0,Wake(清醒)
3820,0,Wake(清醒)
3821,0,Wake(清醒)
3822,0,Wake(清醒)
3823,0,Wake(清醒)
3824,0,Wake(清醒)
3825,0,Wake(清醒)
3826,0,Wake(清醒)
3827,0,Wake(清醒)
3828,0,Wake(清醒)
3829,0,Wake(清醒)
3830,0,Wake(清醒)
3831,0,Wake(清醒)
3832,0,Wake(清醒)
3833,0,Wake(清醒)
3834,0,Wake(清醒)
3835,0,Wake(清醒)
3836,0,Wake(清醒)
3837,0,Wake(清醒)
3838,0,Wake(清醒)
3839,0,Wake(清醒)
3840,0,Wake(清醒)
3841,0,Wake(清醒)
3842,0,Wake(清醒)
3843,0,Wake(清醒)
3844,0,Wake(清醒)
3845,0,Wake(清醒)
3846,0,Wake(清醒)
3847,0,Wake(清醒)
3848,0,Wake(清醒)
3849,0,Wake(清醒)
3850,0,Wake(清醒)
3851,0,Wake(清醒)
3852,0,Wake(清醒)
3853,0,Wake(清醒)
3854,0,Wake(清醒)
3855,0,Wake(清醒)
3856,0,Wake(清醒)
3857,0,Wake(清醒)
3858,0,Wake(清醒)
3859,0,Wake(清醒)
3860,0,Wake(清醒)
3861,0,Wake(清醒)
3862,0,Wake(清醒)
3863,0,Wake(清醒)
3864,0,Wake(清醒)
3865,0,Wake(清醒)
3866,0,Wake(清醒)
3867,0,Wake(清醒)
3868,0,Wake(清醒)
3869,0,Wake(清醒)
3870,0,Wake(清醒)
3871,0,Wake(清醒)
3872,0,Wake(清醒)
3873,0,Wake(清醒)
3874,0,Wake(清醒)
3875,0,Wake(清醒)
3876,0,Wake(清醒)
3877,0,Wake(清醒)
3878,0,Wake(清醒)
3879,0,Wake(清醒)
3880,0,Wake(清醒)
3881,0,Wake(清醒)
3882,0,Wake(清醒)
3883,0,Wake(清醒)
3884,0,Wake(清醒)
3885,0,Wake(清醒)
3886,0,Wake(清醒)
3887,0,Wake(清醒)
3888,0,Wake(清醒)
3889,0,Wake(清醒)
3890,0,Wake(清醒)
3891,0,Wake(清醒)
3892,0,Wake(清醒)
3893,0,Wake(清醒)
3894,0,Wake(清醒)
3895,0,Wake(清醒)
3896,0,Wake(清醒)
3897,0,Wake(清醒)
3898,0,Wake(清醒)
3899,0,Wake(清醒)
3900,0,Wake(清醒)
3901,0,Wake(清醒)
3902,0,Wake(清醒)
3903,0,Wake(清醒)
3904,0,Wake(清醒)
3905,0,Wake(清醒)
3906,0,Wake(清醒)
3907,0,Wake(清醒)
3908,0,Wake(清醒)
3909,0,Wake(清醒)
3910,0,Wake(清醒)
3911,0,Wake(清醒)
3912,0,Wake(清醒)
3913,0,Wake(清醒)
3914,0,Wake(清醒)
3915,0,Wake(清醒)
3916,0,Wake(清醒)
3917,0,Wake(清醒)
3918,0,Wake(清醒)
3919,0,Wake(清醒)
3920,0,Wake(清醒)
3921,0,Wake(清醒)
3922,0,Wake(清醒)
3923,0,Wake(清醒)
3924,0,Wake(清醒)
3925,0,Wake(清醒)
3926,0,Wake(清醒)
3927,0,Wake(清醒)
3928,0,Wake(清醒)
3929,0,Wake(清醒)
3930,0,Wake(清醒)
3931,0,Wake(清醒)
3932,0,Wake(清醒)
3933,0,Wake(清醒)
3934,0,Wake(清醒)
3935,0,Wake(清醒)
3936,0,Wake(清醒)
3937,0,Wake(清醒)
3938,0,Wake(清醒)
3939,0,Wake(清醒)
3940,0,Wake(清醒)
3941,0,Wake(清醒)
3942,0,Wake(清醒)
3943,0,Wake(清醒)
3944,0,Wake(清醒)
3945,0,Wake(清醒)
3946,0,Wake(清醒)
3947,0,Wake(清醒)
3948,0,Wake(清醒)
3949,0,Wake(清醒)
3950,0,Wake(清醒)
3951,0,Wake(清醒)
3952,0,Wake(清醒)
3953,0,Wake(清醒)
3954,0,Wake(清醒)
3955,0,Wake(清醒)
3956,0,Wake(清醒)
3957,0,Wake(清醒)
3958,0,Wake(清醒)
3959,0,Wake(清醒)
3960,0,Wake(清醒)
3961,0,Wake(清醒)
3962,0,Wake(清醒)
3963,0,Wake(清醒)
3964,0,Wake(清醒)
3965,0,Wake(清醒)
3966,0,Wake(清醒)
3967,0,Wake(清醒)
3968,0,Wake(清醒)
3969,0,Wake(清醒)
3970,0,Wake(清醒)
3971,0,Wake(清醒)
3972,0,Wake(清醒)
3973,0,Wake(清醒)
3974,0,Wake(清醒)
3975,0,Wake(清醒)
3976,0,Wake(清醒)
3977,0,Wake(清醒)
3978,0,Wake(清醒)
3979,0,Wake(清醒)
3980,0,Wake(清醒)
3981,0,Wake(清醒)
3982,0,Wake(清醒)
3983,0,Wake(清醒)
3984,0,Wake(清醒)
3985,0,Wake(清醒)
3986,0,Wake(清醒)
3987,0,Wake(清醒)
3988,0,Wake(清醒)
3989,0,Wake(清醒)
3990,0,Wake(清醒)
3991,0,Wake(清醒)
3992,0,Wake(清醒)
3993,0,Wake(清醒)
3994,0,Wake(清醒)
3995,0,Wake(清醒)
3996,0,Wake(清醒)
3997,0,Wake(清醒)
3998,0,Wake(清醒)
3999,0,Wake(清醒)
4000,0,Wake(清醒)
4001,0,Wake(清醒)
4002,0,Wake(清醒)
4003,0,Wake(清醒)
4004,0,Wake(清醒)
4005,0,Wake(清醒)
4006,0,Wake(清醒)
4007,0,Wake(清醒)
4008,0,Wake(清醒)
4009,0,Wake(清醒)
4010,0,Wake(清醒)
4011,0,Wake(清醒)
4012,0,Wake(清醒)
4013,0,Wake(清醒)
4014,0,Wake(清醒)
4015,0,Wake(清醒)
4016,0,Wake(清醒)
4017,0,Wake(清醒)
4018,0,Wake(清醒)
4019,0,Wake(清醒)
4020,0,Wake(清醒)
4021,0,Wake(清醒)
4022,0,Wake(清醒)
4023,0,Wake(清醒)
4024,0,Wake(清醒)
4025,0,Wake(清醒)
4026,0,Wake(清醒)
4027,0,Wake(清醒)
4028,0,Wake(清醒)
4029,0,Wake(清醒)
4030,0,Wake(清醒)
4031,0,Wake(清醒)
4032,0,Wake(清醒)
4033,0,Wake(清醒)
4034,0,Wake(清醒)
4035,0,Wake(清醒)
4036,0,Wake(清醒)
4037,0,Wake(清醒)
4038,0,Wake(清醒)
4039,0,Wake(清醒)
4040,0,Wake(清醒)
4041,0,Wake(清醒)
4042,0,Wake(清醒)
4043,0,Wake(清醒)
4044,0,Wake(清醒)
4045,0,Wake(清醒)
4046,0,Wake(清醒)
4047,0,Wake(清醒)
4048,0,Wake(清醒)
4049,0,Wake(清醒)
4050,0,Wake(清醒)
4051,0,Wake(清醒)
4052,0,Wake(清醒)
4053,0,Wake(清醒)
4054,0,Wake(清醒)
4055,0,Wake(清醒)
4056,0,Wake(清醒)
4057,0,Wake(清醒)
4058,0,Wake(清醒)
4059,0,Wake(清醒)
4060,0,Wake(清醒)
4061,0,Wake(清醒)
4062,0,Wake(清醒)
4063,0,Wake(清醒)
4064,0,Wake(清醒)
4065,0,Wake(清醒)
4066,0,Wake(清醒)
4067,0,Wake(清醒)
4068,0,Wake(清醒)
4069,0,Wake(清醒)
4070,0,Wake(清醒)
4071,0,Wake(清醒)
4072,0,Wake(清醒)
4073,0,Wake(清醒)
4074,0,Wake(清醒)
4075,0,Wake(清醒)
4076,0,Wake(清醒)
4077,0,Wake(清醒)
4078,0,Wake(清醒)
4079,0,Wake(清醒)
4080,0,Wake(清醒)
4081,0,Wake(清醒)
4082,0,Wake(清醒)
4083,0,Wake(清醒)
4084,0,Wake(清醒)
4085,0,Wake(清醒)
4086,0,Wake(清醒)
4087,0,Wake(清醒)
4088,0,Wake(清醒)
4089,0,Wake(清醒)
4090,0,Wake(清醒)
4091,0,Wake(清醒)
4092,0,Wake(清醒)
4093,0,Wake(清醒)
4094,0,Wake(清醒)
4095,0,Wake(清醒)
4096,0,Wake(清醒)
4097,0,Wake(清醒)
4098,0,Wake(清醒)
4099,0,Wake(清醒)
4100,0,Wake(清醒)
4101,0,Wake(清醒)
4102,0,Wake(清醒)
4103,0,Wake(清醒)
4104,0,Wake(清醒)
4105,0,Wake(清醒)
4106,0,Wake(清醒)
4107,0,Wake(清醒)
4108,0,Wake(清醒)
4109,0,Wake(清醒)
4110,0,Wake(清醒)
4111,0,Wake(清醒)
4112,0,Wake(清醒)
4113,0,Wake(清醒)
4114,0,Wake(清醒)
4115,0,Wake(清醒)
4116,0,Wake(清醒)
4117,0,Wake(清醒)
4118,0,Wake(清醒)
4119,0,Wake(清醒)
4120,0,Wake(清醒)
4121,0,Wake(清醒)
4122,0,Wake(清醒)
4123,0,Wake(清醒)
4124,0,Wake(清醒)
4125,0,Wake(清醒)
4126,0,Wake(清醒)
4127,0,Wake(清醒)
4128,0,Wake(清醒)
4129,0,Wake(清醒)
4130,0,Wake(清醒)
4131,0,Wake(清醒)
4132,0,Wake(清醒)
4133,0,Wake(清醒)
4134,0,Wake(清醒)
4135,0,Wake(清醒)
4136,0,Wake(清醒)
4137,0,Wake(清醒)
4138,0,Wake(清醒)
4139,0,Wake(清醒)
4140,0,Wake(清醒)
4141,0,Wake(清醒)
4142,0,Wake(清醒)
4143,0,Wake(清醒)
4144,0,Wake(清醒)
4145,0,Wake(清醒)
4146,0,Wake(清醒)
4147,0,Wake(清醒)
4148,0,Wake(清醒)
4149,0,Wake(清醒)
4150,0,Wake(清醒)
4151,0,Wake(清醒)
4152,0,Wake(清醒)
4153,0,Wake(清醒)
4154,0,Wake(清醒)
4155,0,Wake(清醒)
4156,0,Wake(清醒)
4157,0,Wake(清醒)
4158,0,Wake(清醒)
4159,0,Wake(清醒)
4160,0,Wake(清醒)
4161,0,Wake(清醒)
4162,0,Wake(清醒)
4163,0,Wake(清醒)
4164,0,Wake(清醒)
4165,0,Wake(清醒)
4166,0,Wake(清醒)
4167,0,Wake(清醒)
4168,0,Wake(清醒)
4169,0,Wake(清醒)
4170,0,Wake(清醒)
4171,0,Wake(清醒)
4172,0,Wake(清醒)
4173,0,Wake(清醒)
4174,0,Wake(清醒)
4175,0,Wake(清醒)
4176,0,Wake(清醒)
4177,0,Wake(清醒)
4178,0,Wake(清醒)
4179,0,Wake(清醒)
4180,0,Wake(清醒)
4181,0,Wake(清醒)
4182,0,Wake(清醒)
4183,0,Wake(清醒)
4184,0,Wake(清醒)
4185,0,Wake(清醒)
4186,0,Wake(清醒)
4187,0,Wake(清醒)
4188,0,Wake(清醒)
4189,0,Wake(清醒)
4190,0,Wake(清醒)
4191,0,Wake(清醒)
4192,0,Wake(清醒)
4193,0,Wake(清醒)
4194,0,Wake(清醒)
4195,0,Wake(清醒)
4196,0,Wake(清醒)
4197,0,Wake(清醒)
4198,0,Wake(清醒)
4199,0,Wake(清醒)
4200,0,Wake(清醒)
4201,0,Wake(清醒)
4202,0,Wake(清醒)
4203,0,Wake(清醒)
4204,0,Wake(清醒)
4205,0,Wake(清醒)
4206,0,Wake(清醒)
4207,0,Wake(清醒)
4208,0,Wake(清醒)
4209,0,Wake(清醒)
4210,0,Wake(清醒)
4211,0,Wake(清醒)
4212,0,Wake(清醒)
4213,0,Wake(清醒)
4214,0,Wake(清醒)
4215,0,Wake(清醒)
4216,0,Wake(清醒)
4217,0,Wake(清醒)
4218,0,Wake(清醒)
4219,0,Wake(清醒)
4220,0,Wake(清醒)
4221,0,Wake(清醒)
4222,0,Wake(清醒)
4223,0,Wake(清醒)
4224,0,Wake(清醒)
4225,0,Wake(清醒)
4226,0,Wake(清醒)
4227,0,Wake(清醒)
4228,0,Wake(清醒)
4229,0,Wake(清醒)
4230,0,Wake(清醒)
4231,0,Wake(清醒)
4232,0,Wake(清醒)
4233,0,Wake(清醒)
4234,0,Wake(清醒)
4235,0,Wake(清醒)
4236,0,Wake(清醒)
4237,0,Wake(清醒)
4238,0,Wake(清醒)
4239,0,Wake(清醒)
4240,0,Wake(清醒)
4241,0,Wake(清醒)
4242,0,Wake(清醒)
4243,0,Wake(清醒)
4244,0,Wake(清醒)
4245,0,Wake(清醒)
4246,0,Wake(清醒)
4247,0,Wake(清醒)
4248,0,Wake(清醒)
4249,0,Wake(清醒)
4250,0,Wake(清醒)
4251,0,Wake(清醒)
4252,0,Wake(清醒)
4253,0,Wake(清醒)
4254,0,Wake(清醒)
4255,0,Wake(清醒)
4256,0,Wake(清醒)
4257,0,Wake(清醒)
4258,0,Wake(清醒)
4259,0,Wake(清醒)
4260,0,Wake(清醒)
4261,0,Wake(清醒)
4262,0,Wake(清醒)
4263,0,Wake(清醒)
4264,0,Wake(清醒)
4265,0,Wake(清醒)
4266,0,Wake(清醒)
4267,0,Wake(清醒)
4268,0,Wake(清醒)
4269,0,Wake(清醒)
4270,0,Wake(清醒)
4271,0,Wake(清醒)
4272,0,Wake(清醒)
4273,0,Wake(清醒)
4274,0,Wake(清醒)
4275,0,Wake(清醒)
4276,0,Wake(清醒)
4277,0,Wake(清醒)
4278,0,Wake(清醒)
4279,0,Wake(清醒)
4280,0,Wake(清醒)
4281,0,Wake(清醒)
4282,0,Wake(清醒)
4283,0,Wake(清醒)
4284,0,Wake(清醒)
4285,0,Wake(清醒)
4286,0,Wake(清醒)
4287,0,Wake(清醒)
4288,0,Wake(清醒)
4289,0,Wake(清醒)
4290,0,Wake(清醒)
4291,0,Wake(清醒)
4292,0,Wake(清醒)
4293,0,Wake(清醒)
4294,0,Wake(清醒)
4295,0,Wake(清醒)
4296,0,Wake(清醒)
4297,0,Wake(清醒)
4298,0,Wake(清醒)
4299,0,Wake(清醒)
4300,0,Wake(清醒)
4301,0,Wake(清醒)
4302,0,Wake(清醒)
4303,0,Wake(清醒)
4304,0,Wake(清醒)
4305,0,Wake(清醒)
4306,0,Wake(清醒)
4307,0,Wake(清醒)
4308,0,Wake(清醒)
4309,0,Wake(清醒)
4310,0,Wake(清醒)
4311,0,Wake(清醒)
4312,0,Wake(清醒)
4313,0,Wake(清醒)
4314,0,Wake(清醒)
4315,0,Wake(清醒)
4316,0,Wake(清醒)
4317,0,Wake(清醒)
4318,0,Wake(清醒)
4319,0,Wake(清醒)
4320,0,Wake(清醒)
4321,0,Wake(清醒)
4322,0,Wake(清醒)
4323,0,Wake(清醒)
4324,0,Wake(清醒)
4325,0,Wake(清醒)
4326,0,Wake(清醒)
4327,0,Wake(清醒)
4328,0,Wake(清醒)
4329,0,Wake(清醒)
4330,0,Wake(清醒)
4331,0,Wake(清醒)
4332,0,Wake(清醒)
4333,0,Wake(清醒)
4334,0,Wake(清醒)
4335,0,Wake(清醒)
4336,0,Wake(清醒)
4337,0,Wake(清醒)
4338,0,Wake(清醒)
4339,0,Wake(清醒)
4340,0,Wake(清醒)
4341,0,Wake(清醒)
4342,0,Wake(清醒)
4343,0,Wake(清醒)
4344,0,Wake(清醒)
4345,0,Wake(清醒)
4346,0,Wake(清醒)
4347,0,Wake(清醒)
4348,0,Wake(清醒)
4349,0,Wake(清醒)
4350,0,Wake(清醒)
4351,0,Wake(清醒)
4352,0,Wake(清醒)
4353,0,Wake(清醒)
4354,0,Wake(清醒)
4355,0,Wake(清醒)
4356,0,Wake(清醒)
4357,0,Wake(清醒)
4358,0,Wake(清醒)
4359,0,Wake(清醒)
4360,0,Wake(清醒)
4361,0,Wake(清醒)
4362,0,Wake(清醒)
4363,0,Wake(清醒)
4364,0,Wake(清醒)
4365,0,Wake(清醒)
4366,0,Wake(清醒)
4367,0,Wake(清醒)
4368,0,Wake(清醒)
4369,0,Wake(清醒)
4370,0,Wake(清醒)
4371,0,Wake(清醒)
4372,0,Wake(清醒)
4373,0,Wake(清醒)
4374,0,Wake(清醒)
4375,0,Wake(清醒)
4376,0,Wake(清醒)
4377,0,Wake(清醒)
4378,0,Wake(清醒)
4379,0,Wake(清醒)
4380,0,Wake(清醒)
4381,0,Wake(清醒)
4382,0,Wake(清醒)
4383,0,Wake(清醒)
4384,0,Wake(清醒)
4385,0,Wake(清醒)
4386,0,Wake(清醒)
4387,0,Wake(清醒)
4388,0,Wake(清醒)
4389,0,Wake(清醒)
4390,0,Wake(清醒)
4391,0,Wake(清醒)
4392,0,Wake(清醒)
4393,0,Wake(清醒)
4394,0,Wake(清醒)
4395,0,Wake(清醒)
4396,0,Wake(清醒)
4397,0,Wake(清醒)
4398,0,Wake(清醒)
4399,0,Wake(清醒)
4400,0,Wake(清醒)
4401,0,Wake(清醒)
4402,0,Wake(清醒)
4403,0,Wake(清醒)
4404,0,Wake(清醒)
4405,0,Wake(清醒)
4406,0,Wake(清醒)
4407,0,Wake(清醒)
4408,0,Wake(清醒)
4409,0,Wake(清醒)
4410,0,Wake(清醒)
4411,0,Wake(清醒)
4412,0,Wake(清醒)
4413,0,Wake(清醒)
4414,0,Wake(清醒)
4415,0,Wake(清醒)
4416,0,Wake(清醒)
4417,0,Wake(清醒)
4418,0,Wake(清醒)
4419,0,Wake(清醒)
4420,0,Wake(清醒)
4421,0,Wake(清醒)
4422,0,Wake(清醒)
4423,0,Wake(清醒)
4424,0,Wake(清醒)
4425,0,Wake(清醒)
4426,0,Wake(清醒)
4427,0,Wake(清醒)
4428,0,Wake(清醒)
4429,0,Wake(清醒)
4430,0,Wake(清醒)
4431,0,Wake(清醒)
4432,0,Wake(清醒)
4433,0,Wake(清醒)
4434,0,Wake(清醒)
4435,0,Wake(清醒)
4436,0,Wake(清醒)
4437,0,Wake(清醒)
4438,0,Wake(清醒)
4439,0,Wake(清醒)
4440,0,Wake(清醒)
4441,0,Wake(清醒)
4442,0,Wake(清醒)
4443,0,Wake(清醒)
4444,0,Wake(清醒)
4445,0,Wake(清醒)
4446,0,Wake(清醒)
4447,0,Wake(清醒)
4448,0,Wake(清醒)
4449,0,Wake(清醒)
4450,0,Wake(清醒)
4451,0,Wake(清醒)
4452,0,Wake(清醒)
4453,0,Wake(清醒)
4454,0,Wake(清醒)
4455,0,Wake(清醒)
4456,0,Wake(清醒)
4457,0,Wake(清醒)
4458,0,Wake(清醒)
4459,0,Wake(清醒)
4460,0,Wake(清醒)
4461,0,Wake(清醒)
4462,0,Wake(清醒)
4463,0,Wake(清醒)
4464,0,Wake(清醒)
4465,0,Wake(清醒)
4466,0,Wake(清醒)
4467,0,Wake(清醒)
4468,0,Wake(清醒)
4469,0,Wake(清醒)
4470,0,Wake(清醒)
4471,0,Wake(清醒)
4472,0,Wake(清醒)
4473,0,Wake(清醒)
4474,0,Wake(清醒)
4475,0,Wake(清醒)
4476,0,Wake(清醒)
4477,0,Wake(清醒)
4478,0,Wake(清醒)
4479,0,Wake(清醒)
4480,0,Wake(清醒)
4481,0,Wake(清醒)
4482,0,Wake(清醒)
4483,0,Wake(清醒)
4484,0,Wake(清醒)
4485,0,Wake(清醒)
4486,0,Wake(清醒)
4487,0,Wake(清醒)
4488,0,Wake(清醒)
4489,0,Wake(清醒)
4490,0,Wake(清醒)
4491,0,Wake(清醒)
4492,0,Wake(清醒)
4493,0,Wake(清醒)
4494,0,Wake(清醒)
4495,0,Wake(清醒)
4496,0,Wake(清醒)
4497,0,Wake(清醒)
4498,0,Wake(清醒)
4499,0,Wake(清醒)
4500,0,Wake(清醒)
4501,0,Wake(清醒)
4502,0,Wake(清醒)
4503,0,Wake(清醒)
4504,0,Wake(清醒)
4505,0,Wake(清醒)
4506,0,Wake(清醒)
4507,0,Wake(清醒)
4508,0,Wake(清醒)
4509,0,Wake(清醒)
4510,0,Wake(清醒)
4511,0,Wake(清醒)
4512,0,Wake(清醒)
4513,0,Wake(清醒)
4514,0,Wake(清醒)
4515,0,Wake(清醒)
4516,0,Wake(清醒)
4517,0,Wake(清醒)
4518,0,Wake(清醒)
4519,0,Wake(清醒)
4520,0,Wake(清醒)
4521,0,Wake(清醒)
4522,0,Wake(清醒)
4523,0,Wake(清醒)
4524,0,Wake(清醒)
4525,0,Wake(清醒)
4526,0,Wake(清醒)
4527,0,Wake(清醒)
4528,0,Wake(清醒)
4529,0,Wake(清醒)
4530,0,Wake(清醒)
4531,0,Wake(清醒)
4532,0,Wake(清醒)
4533,0,Wake(清醒)
4534,0,Wake(清醒)
4535,0,Wake(清醒)
4536,0,Wake(清醒)
4537,0,Wake(清醒)
4538,0,Wake(清醒)
4539,0,Wake(清醒)
4540,0,Wake(清醒)
4541,0,Wake(清醒)
4542,0,Wake(清醒)
4543,0,Wake(清醒)
4544,0,Wake(清醒)
4545,0,Wake(清醒)
4546,0,Wake(清醒)
4547,0,Wake(清醒)
4548,0,Wake(清醒)
4549,0,Wake(清醒)
4550,0,Wake(清醒)
4551,0,Wake(清醒)
4552,0,Wake(清醒)
4553,0,Wake(清醒)
4554,0,Wake(清醒)
4555,0,Wake(清醒)
4556,0,Wake(清醒)
4557,0,Wake(清醒)
4558,0,Wake(清醒)
4559,0,Wake(清醒)
4560,0,Wake(清醒)
4561,0,Wake(清醒)
4562,0,Wake(清醒)
4563,0,Wake(清醒)
4564,0,Wake(清醒)
4565,0,Wake(清醒)
4566,0,Wake(清醒)
4567,0,Wake(清醒)
4568,0,Wake(清醒)
4569,0,Wake(清醒)
4570,0,Wake(清醒)
4571,0,Wake(清醒)
4572,0,Wake(清醒)
4573,0,Wake(清醒)
4574,0,Wake(清醒)
4575,0,Wake(清醒)
4576,0,Wake(清醒)
4577,0,Wake(清醒)
4578,0,Wake(清醒)
4579,0,Wake(清醒)
4580,0,Wake(清醒)
4581,0,Wake(清醒)
4582,0,Wake(清醒)
4583,0,Wake(清醒)
4584,0,Wake(清醒)
4585,0,Wake(清醒)
4586,0,Wake(清醒)
4587,0,Wake(清醒)
4588,0,Wake(清醒)
4589,0,Wake(清醒)
4590,0,Wake(清醒)
4591,0,Wake(清醒)
4592,0,Wake(清醒)
4593,0,Wake(清醒)
4594,0,Wake(清醒)
4595,0,Wake(清醒)
4596,0,Wake(清醒)
4597,0,Wake(清醒)
4598,0,Wake(清醒)
4599,0,Wake(清醒)
4600,0,Wake(清醒)
4601,0,Wake(清醒)
4602,0,Wake(清醒)
4603,0,Wake(清醒)
4604,0,Wake(清醒)
4605,0,Wake(清醒)
4606,0,Wake(清醒)
4607,0,Wake(清醒)
4608,0,Wake(清醒)
4609,0,Wake(清醒)
4610,0,Wake(清醒)
4611,0,Wake(清醒)
4612,0,Wake(清醒)
4613,0,Wake(清醒)
4614,0,Wake(清醒)
4615,0,Wake(清醒)
4616,0,Wake(清醒)
4617,0,Wake(清醒)
4618,0,Wake(清醒)
4619,0,Wake(清醒)
4620,0,Wake(清醒)
4621,0,Wake(清醒)
4622,0,Wake(清醒)
4623,0,Wake(清醒)
4624,0,Wake(清醒)
4625,0,Wake(清醒)
4626,0,Wake(清醒)
4627,0,Wake(清醒)
4628,0,Wake(清醒)
4629,0,Wake(清醒)
4630,0,Wake(清醒)
4631,0,Wake(清醒)
4632,0,Wake(清醒)
4633,0,Wake(清醒)
4634,0,Wake(清醒)
4635,0,Wake(清醒)
4636,0,Wake(清醒)
4637,0,Wake(清醒)
4638,0,Wake(清醒)
4639,0,Wake(清醒)
4640,0,Wake(清醒)
4641,0,Wake(清醒)
4642,0,Wake(清醒)
4643,0,Wake(清醒)
4644,0,Wake(清醒)
4645,0,Wake(清醒)
4646,0,Wake(清醒)
4647,0,Wake(清醒)
4648,0,Wake(清醒)
4649,0,Wake(清醒)
4650,0,Wake(清醒)
4651,0,Wake(清醒)
4652,0,Wake(清醒)
4653,0,Wake(清醒)
4654,0,Wake(清醒)
4655,0,Wake(清醒)
4656,0,Wake(清醒)
4657,0,Wake(清醒)
4658,0,Wake(清醒)
4659,0,Wake(清醒)
4660,0,Wake(清醒)
4661,0,Wake(清醒)
4662,0,Wake(清醒)
4663,0,Wake(清醒)
4664,0,Wake(清醒)
4665,0,Wake(清醒)
4666,0,Wake(清醒)
4667,0,Wake(清醒)
4668,0,Wake(清醒)
4669,0,Wake(清醒)
4670,0,Wake(清醒)
4671,0,Wake(清醒)
4672,0,Wake(清醒)
4673,0,Wake(清醒)
4674,0,Wake(清醒)
4675,0,Wake(清醒)
4676,0,Wake(清醒)
4677,0,Wake(清醒)
4678,0,Wake(清醒)
4679,0,Wake(清醒)
4680,0,Wake(清醒)
4681,0,Wake(清醒)
4682,0,Wake(清醒)
4683,0,Wake(清醒)
4684,0,Wake(清醒)
4685,0,Wake(清醒)
4686,0,Wake(清醒)
4687,0,Wake(清醒)
4688,0,Wake(清醒)
4689,0,Wake(清醒)
4690,0,Wake(清醒)
4691,0,Wake(清醒)
4692,0,Wake(清醒)
4693,0,Wake(清醒)
4694,0,Wake(清醒)
4695,0,Wake(清醒)
4696,0,Wake(清醒)
4697,0,Wake(清醒)
4698,0,Wake(清醒)
4699,0,Wake(清醒)
4700,0,Wake(清醒)
4701,0,Wake(清醒)
4702,0,Wake(清醒)
4703,0,Wake(清醒)
4704,0,Wake(清醒)
4705,0,Wake(清醒)
4706,0,Wake(清醒)
4707,0,Wake(清醒)
4708,0,Wake(清醒)
4709,0,Wake(清醒)
4710,0,Wake(清醒)
4711,0,Wake(清醒)
4712,0,Wake(清醒)
4713,0,Wake(清醒)
4714,0,Wake(清醒)
4715,0,Wake(清醒)
4716,0,Wake(清醒)
4717,0,Wake(清醒)
4718,0,Wake(清醒)
4719,0,Wake(清醒)
4720,0,Wake(清醒)
4721,0,Wake(清醒)
4722,0,Wake(清醒)
4723,0,Wake(清醒)
4724,0,Wake(清醒)
4725,0,Wake(清醒)
4726,0,Wake(清醒)
4727,0,Wake(清醒)
4728,0,Wake(清醒)
4729,0,Wake(清醒)
4730,0,Wake(清醒)
4731,0,Wake(清醒)
4732,0,Wake(清醒)
4733,0,Wake(清醒)
4734,0,Wake(清醒)
4735,0,Wake(清醒)
4736,0,Wake(清醒)
4737,0,Wake(清醒)
4738,0,Wake(清醒)
4739,0,Wake(清醒)
4740,0,Wake(清醒)
4741,0,Wake(清醒)
4742,0,Wake(清醒)
4743,0,Wake(清醒)
4744,0,Wake(清醒)
4745,0,Wake(清醒)
4746,0,Wake(清醒)
4747,0,Wake(清醒)
4748,0,Wake(清醒)
4749,0,Wake(清醒)
4750,0,Wake(清醒)
4751,0,Wake(清醒)
4752,0,Wake(清醒)
4753,0,Wake(清醒)
4754,0,Wake(清醒)
4755,0,Wake(清醒)
4756,0,Wake(清醒)
4757,0,Wake(清醒)
4758,0,Wake(清醒)
4759,0,Wake(清醒)
4760,0,Wake(清醒)
4761,0,Wake(清醒)
4762,0,Wake(清醒)
4763,0,Wake(清醒)
4764,0,Wake(清醒)
4765,0,Wake(清醒)
4766,0,Wake(清醒)
4767,0,Wake(清醒)
4768,0,Wake(清醒)
4769,0,Wake(清醒)
4770,0,Wake(清醒)
4771,0,Wake(清醒)
4772,0,Wake(清醒)
4773,0,Wake(清醒)
4774,0,Wake(清醒)
4775,0,Wake(清醒)
4776,0,Wake(清醒)
4777,0,Wake(清醒)
4778,0,Wake(清醒)
4779,0,Wake(清醒)
4780,0,Wake(清醒)
4781,0,Wake(清醒)
4782,0,Wake(清醒)
4783,0,Wake(清醒)
4784,0,Wake(清醒)
4785,0,Wake(清醒)
4786,0,Wake(清醒)
4787,0,Wake(清醒)
4788,0,Wake(清醒)
4789,0,Wake(清醒)
4790,0,Wake(清醒)
4791,0,Wake(清醒)
4792,0,Wake(清醒)
4793,0,Wake(清醒)
4794,0,Wake(清醒)
4795,0,Wake(清醒)
4796,0,Wake(清醒)
4797,0,Wake(清醒)
4798,0,Wake(清醒)
4799,0,Wake(清醒)
4800,0,Wake(清醒)
4801,0,Wake(清醒)
4802,0,Wake(清醒)
4803,0,Wake(清醒)
4804,0,Wake(清醒)
4805,0,Wake(清醒)
4806,0,Wake(清醒)
4807,0,Wake(清醒)
4808,0,Wake(清醒)
4809,0,Wake(清醒)
4810,0,Wake(清醒)
4811,0,Wake(清醒)
4812,0,Wake(清醒)
4813,0,Wake(清醒)
4814,0,Wake(清醒)
4815,0,Wake(清醒)
4816,0,Wake(清醒)
4817,0,Wake(清醒)
4818,0,Wake(清醒)
4819,0,Wake(清醒)
4820,0,Wake(清醒)
4821,0,Wake(清醒)
4822,0,Wake(清醒)
4823,0,Wake(清醒)
4824,0,Wake(清醒)
4825,0,Wake(清醒)
4826,0,Wake(清醒)
4827,0,Wake(清醒)
4828,0,Wake(清醒)
4829,0,Wake(清醒)
4830,0,Wake(清醒)
4831,0,Wake(清醒)
4832,0,Wake(清醒)
4833,0,Wake(清醒)
4834,0,Wake(清醒)
4835,0,Wake(清醒)
4836,0,Wake(清醒)
4837,0,Wake(清醒)
4838,0,Wake(清醒)
4839,0,Wake(清醒)
4840,0,Wake(清醒)
4841,0,Wake(清醒)
4842,0,Wake(清醒)
4843,0,Wake(清醒)
4844,0,Wake(清醒)
4845,0,Wake(清醒)
4846,0,Wake(清醒)
4847,0,Wake(清醒)
4848,0,Wake(清醒)
4849,0,Wake(清醒)
4850,0,Wake(清醒)
4851,0,Wake(清醒)
4852,0,Wake(清醒)
4853,0,Wake(清醒)
4854,0,Wake(清醒)
4855,0,Wake(清醒)
4856,0,Wake(清醒)
4857,0,Wake(清醒)
4858,0,Wake(清醒)
4859,0,Wake(清醒)
4860,0,Wake(清醒)
4861,0,Wake(清醒)
4862,0,Wake(清醒)
4863,0,Wake(清醒)
4864,0,Wake(清醒)
4865,0,Wake(清醒)
4866,0,Wake(清醒)
4867,0,Wake(清醒)
4868,0,Wake(清醒)
4869,0,Wake(清醒)
4870,0,Wake(清醒)
4871,0,Wake(清醒)
4872,0,Wake(清醒)
4873,0,Wake(清醒)
4874,0,Wake(清醒)
4875,0,Wake(清醒)
4876,0,Wake(清醒)
4877,0,Wake(清醒)
4878,0,Wake(清醒)
4879,0,Wake(清醒)
4880,0,Wake(清醒)
4881,0,Wake(清醒)
4882,0,Wake(清醒)
4883,0,Wake(清醒)
4884,0,Wake(清醒)
4885,0,Wake(清醒)
4886,0,Wake(清醒)
4887,0,Wake(清醒)
4888,0,Wake(清醒)
4889,0,Wake(清醒)
4890,0,Wake(清醒)
4891,0,Wake(清醒)
4892,0,Wake(清醒)
4893,0,Wake(清醒)
4894,0,Wake(清醒)
4895,0,Wake(清醒)
4896,0,Wake(清醒)
4897,0,Wake(清醒)
4898,0,Wake(清醒)
4899,0,Wake(清醒)
4900,0,Wake(清醒)
4901,0,Wake(清醒)
4902,0,Wake(清醒)
4903,0,Wake(清醒)
4904,0,Wake(清醒)
4905,0,Wake(清醒)
4906,0,Wake(清醒)
4907,0,Wake(清醒)
4908,0,Wake(清醒)
4909,0,Wake(清醒)
4910,0,Wake(清醒)
4911,0,Wake(清醒)
4912,0,Wake(清醒)
4913,0,Wake(清醒)
4914,0,Wake(清醒)
4915,0,Wake(清醒)
4916,0,Wake(清醒)
4917,0,Wake(清醒)
4918,0,Wake(清醒)
4919,0,Wake(清醒)
4920,0,Wake(清醒)
4921,0,Wake(清醒)
4922,0,Wake(清醒)
4923,0,Wake(清醒)
4924,0,Wake(清醒)
4925,0,Wake(清醒)
4926,0,Wake(清醒)
4927,0,Wake(清醒)
4928,0,Wake(清醒)
4929,0,Wake(清醒)
4930,0,Wake(清醒)
4931,0,Wake(清醒)
4932,0,Wake(清醒)
4933,0,Wake(清醒)
4934,0,Wake(清醒)
4935,0,Wake(清醒)
4936,0,Wake(清醒)
4937,0,Wake(清醒)
4938,0,Wake(清醒)
4939,0,Wake(清醒)
4940,0,Wake(清醒)
4941,0,Wake(清醒)
4942,0,Wake(清醒)
4943,0,Wake(清醒)
4944,0,Wake(清醒)
4945,0,Wake(清醒)
4946,0,Wake(清醒)
4947,0,Wake(清醒)
4948,0,Wake(清醒)
4949,0,Wake(清醒)
4950,0,Wake(清醒)
4951,0,Wake(清醒)
4952,0,Wake(清醒)
4953,0,Wake(清醒)
4954,0,Wake(清醒)
4955,0,Wake(清醒)
4956,0,Wake(清醒)
4957,0,Wake(清醒)
4958,0,Wake(清醒)
4959,0,Wake(清醒)
4960,0,Wake(清醒)
4961,0,Wake(清醒)
4962,0,Wake(清醒)
4963,0,Wake(清醒)
4964,0,Wake(清醒)
4965,0,Wake(清醒)
4966,0,Wake(清醒)
4967,0,Wake(清醒)
4968,0,Wake(清醒)
4969,0,Wake(清醒)
4970,0,Wake(清醒)
4971,0,Wake(清醒)
4972,0,Wake(清醒)
4973,0,Wake(清醒)
4974,0,Wake(清醒)
4975,0,Wake(清醒)
4976,0,Wake(清醒)
4977,0,Wake(清醒)
4978,0,Wake(清醒)
4979,0,Wake(清醒)
4980,0,Wake(清醒)
4981,0,Wake(清醒)
4982,0,Wake(清醒)
4983,0,Wake(清醒)
4984,0,Wake(清醒)
4985,0,Wake(清醒)
4986,0,Wake(清醒)
4987,0,Wake(清醒)
4988,0,Wake(清醒)
4989,0,Wake(清醒)
4990,0,Wake(清醒)
4991,0,Wake(清醒)
4992,0,Wake(清醒)
4993,0,Wake(清醒)
4994,0,Wake(清醒)
4995,0,Wake(清醒)
4996,0,Wake(清醒)
4997,0,Wake(清醒)
4998,0,Wake(清醒)
4999,0,Wake(清醒)
5000,0,Wake(清醒)
5001,0,Wake(清醒)
5002,0,Wake(清醒)
5003,0,Wake(清醒)
5004,0,Wake(清醒)
5005,0,Wake(清醒)
5006,0,Wake(清醒)
5007,0,Wake(清醒)
5008,0,Wake(清醒)
5009,0,Wake(清醒)
5010,0,Wake(清醒)
5011,0,Wake(清醒)
5012,0,Wake(清醒)
5013,0,Wake(清醒)
5014,0,Wake(清醒)
5015,0,Wake(清醒)
5016,0,Wake(清醒)
5017,0,Wake(清醒)
5018,0,Wake(清醒)
5019,0,Wake(清醒)
5020,0,Wake(清醒)
5021,0,Wake(清醒)
5022,0,Wake(清醒)
5023,0,Wake(清醒)
5024,0,Wake(清醒)
5025,0,Wake(清醒)
5026,0,Wake(清醒)
5027,0,Wake(清醒)
5028,0,Wake(清醒)
5029,0,Wake(清醒)
5030,0,Wake(清醒)
5031,0,Wake(清醒)
5032,0,Wake(清醒)
5033,0,Wake(清醒)
5034,0,Wake(清醒)
5035,0,Wake(清醒)
5036,0,Wake(清醒)
5037,0,Wake(清醒)
5038,0,Wake(清醒)
5039,0,Wake(清醒)
5040,0,Wake(清醒)
5041,0,Wake(清醒)
5042,0,Wake(清醒)
5043,0,Wake(清醒)
5044,0,Wake(清醒)
5045,0,Wake(清醒)
5046,0,Wake(清醒)
5047,0,Wake(清醒)
5048,0,Wake(清醒)
5049,0,Wake(清醒)
5050,0,Wake(清醒)
5051,0,Wake(清醒)
5052,0,Wake(清醒)
5053,0,Wake(清醒)
5054,0,Wake(清醒)
5055,0,Wake(清醒)
5056,0,Wake(清醒)
5057,0,Wake(清醒)
5058,0,Wake(清醒)
5059,0,Wake(清醒)
5060,0,Wake(清醒)
5061,0,Wake(清醒)
5062,0,Wake(清醒)
5063,0,Wake(清醒)
5064,0,Wake(清醒)
5065,0,Wake(清醒)
5066,0,Wake(清醒)
5067,0,Wake(清醒)
5068,0,Wake(清醒)
5069,0,Wake(清醒)
5070,0,Wake(清醒)
5071,0,Wake(清醒)
5072,0,Wake(清醒)
5073,0,Wake(清醒)
5074,0,Wake(清醒)
5075,0,Wake(清醒)
5076,0,Wake(清醒)
5077,0,Wake(清醒)
5078,0,Wake(清醒)
5079,0,Wake(清醒)
5080,0,Wake(清醒)
5081,0,Wake(清醒)
5082,0,Wake(清醒)
5083,0,Wake(清醒)
5084,0,Wake(清醒)
5085,0,Wake(清醒)
5086,0,Wake(清醒)
5087,0,Wake(清醒)
5088,0,Wake(清醒)
5089,0,Wake(清醒)
5090,0,Wake(清醒)
5091,0,Wake(清醒)
5092,0,Wake(清醒)
5093,0,Wake(清醒)
5094,0,Wake(清醒)
5095,0,Wake(清醒)
5096,0,Wake(清醒)
5097,0,Wake(清醒)
5098,0,Wake(清醒)
5099,0,Wake(清醒)
5100,0,Wake(清醒)
5101,0,Wake(清醒)
5102,0,Wake(清醒)
5103,0,Wake(清醒)
5104,0,Wake(清醒)
5105,0,Wake(清醒)
5106,0,Wake(清醒)
5107,0,Wake(清醒)
5108,0,Wake(清醒)
5109,0,Wake(清醒)
5110,0,Wake(清醒)
5111,0,Wake(清醒)
5112,0,Wake(清醒)
5113,0,Wake(清醒)
5114,0,Wake(清醒)
5115,0,Wake(清醒)
5116,0,Wake(清醒)
5117,0,Wake(清醒)
5118,0,Wake(清醒)
5119,0,Wake(清醒)
5120,0,Wake(清醒)
5121,0,Wake(清醒)
5122,0,Wake(清醒)
5123,0,Wake(清醒)
5124,0,Wake(清醒)
5125,0,Wake(清醒)
5126,0,Wake(清醒)
5127,0,Wake(清醒)
5128,0,Wake(清醒)
5129,0,Wake(清醒)
5130,0,Wake(清醒)
5131,0,Wake(清醒)
5132,0,Wake(清醒)
5133,0,Wake(清醒)
5134,0,Wake(清醒)
5135,0,Wake(清醒)
5136,0,Wake(清醒)
5137,0,Wake(清醒)
5138,0,Wake(清醒)
5139,0,Wake(清醒)
5140,0,Wake(清醒)
5141,0,Wake(清醒)
5142,0,Wake(清醒)
5143,0,Wake(清醒)
5144,0,Wake(清醒)
5145,0,Wake(清醒)
5146,0,Wake(清醒)
5147,0,Wake(清醒)
5148,0,Wake(清醒)
5149,0,Wake(清醒)
5150,0,Wake(清醒)
5151,0,Wake(清醒)
5152,0,Wake(清醒)
5153,0,Wake(清醒)
5154,0,Wake(清醒)
5155,0,Wake(清醒)
5156,0,Wake(清醒)
5157,0,Wake(清醒)
5158,0,Wake(清醒)
5159,0,Wake(清醒)
5160,0,Wake(清醒)
5161,0,Wake(清醒)
5162,0,Wake(清醒)
5163,0,Wake(清醒)
5164,0,Wake(清醒)
5165,0,Wake(清醒)
5166,0,Wake(清醒)
5167,0,Wake(清醒)
5168,0,Wake(清醒)
5169,0,Wake(清醒)
5170,0,Wake(清醒)
5171,0,Wake(清醒)
5172,0,Wake(清醒)
5173,0,Wake(清醒)
5174,0,Wake(清醒)
5175,0,Wake(清醒)
5176,0,Wake(清醒)
5177,0,Wake(清醒)
5178,0,Wake(清醒)
5179,0,Wake(清醒)
5180,0,Wake(清醒)
5181,0,Wake(清醒)
5182,0,Wake(清醒)
5183,0,Wake(清醒)
5184,0,Wake(清醒)
5185,0,Wake(清醒)
5186,0,Wake(清醒)
5187,0,Wake(清醒)
5188,0,Wake(清醒)
5189,0,Wake(清醒)
5190,0,Wake(清醒)
5191,0,Wake(清醒)
5192,0,Wake(清醒)
5193,0,Wake(清醒)
5194,0,Wake(清醒)
5195,0,Wake(清醒)
5196,0,Wake(清醒)
5197,0,Wake(清醒)
5198,0,Wake(清醒)
5199,0,Wake(清醒)
5200,0,Wake(清醒)
5201,0,Wake(清醒)
5202,0,Wake(清醒)
5203,0,Wake(清醒)
5204,0,Wake(清醒)
5205,0,Wake(清醒)
5206,0,Wake(清醒)
5207,0,Wake(清醒)
5208,0,Wake(清醒)
5209,0,Wake(清醒)
5210,0,Wake(清醒)
5211,0,Wake(清醒)
5212,0,Wake(清醒)
5213,0,Wake(清醒)
5214,0,Wake(清醒)
5215,0,Wake(清醒)
5216,0,Wake(清醒)
5217,0,Wake(清醒)
5218,0,Wake(清醒)
5219,0,Wake(清醒)
5220,0,Wake(清醒)
5221,0,Wake(清醒)
5222,0,Wake(清醒)
5223,0,Wake(清醒)
5224,0,Wake(清醒)
5225,0,Wake(清醒)
5226,0,Wake(清醒)
5227,0,Wake(清醒)
5228,0,Wake(清醒)
5229,0,Wake(清醒)
5230,0,Wake(清醒)
5231,0,Wake(清醒)
5232,0,Wake(清醒)
5233,0,Wake(清醒)
5234,0,Wake(清醒)
5235,0,Wake(清醒)
5236,0,Wake(清醒)
5237,0,Wake(清醒)
5238,0,Wake(清醒)
5239,0,Wake(清醒)
5240,0,Wake(清醒)
5241,0,Wake(清醒)
5242,0,Wake(清醒)
5243,0,Wake(清醒)
5244,0,Wake(清醒)
5245,0,Wake(清醒)
5246,0,Wake(清醒)
5247,0,Wake(清醒)
5248,0,Wake(清醒)
5249,0,Wake(清醒)
5250,0,Wake(清醒)
5251,0,Wake(清醒)
5252,0,Wake(清醒)
5253,0,Wake(清醒)
5254,0,Wake(清醒)
5255,0,Wake(清醒)
5256,0,Wake(清醒)
5257,0,Wake(清醒)
5258,0,Wake(清醒)
5259,0,Wake(清醒)
5260,0,Wake(清醒)
5261,0,Wake(清醒)
5262,0,Wake(清醒)
5263,0,Wake(清醒)
5264,0,Wake(清醒)
5265,0,Wake(清醒)
5266,0,Wake(清醒)
5267,0,Wake(清醒)
5268,0,Wake(清醒)
5269,0,Wake(清醒)
5270,0,Wake(清醒)
5271,0,Wake(清醒)
5272,0,Wake(清醒)
5273,0,Wake(清醒)
5274,0,Wake(清醒)
5275,0,Wake(清醒)
5276,0,Wake(清醒)
5277,0,Wake(清醒)
5278,0,Wake(清醒)
5279,0,Wake(清醒)
5280,0,Wake(清醒)
5281,0,Wake(清醒)
5282,0,Wake(清醒)
5283,0,Wake(清醒)
5284,0,Wake(清醒)
5285,0,Wake(清醒)
5286,0,Wake(清醒)
5287,0,Wake(清醒)
5288,0,Wake(清醒)
5289,0,Wake(清醒)
5290,0,Wake(清醒)
5291,0,Wake(清醒)
5292,0,Wake(清醒)
5293,0,Wake(清醒)
5294,0,Wake(清醒)
5295,0,Wake(清醒)
5296,0,Wake(清醒)
5297,0,Wake(清醒)
5298,0,Wake(清醒)
5299,0,Wake(清醒)
5300,0,Wake(清醒)
5301,0,Wake(清醒)
5302,0,Wake(清醒)
5303,0,Wake(清醒)
5304,0,Wake(清醒)
5305,0,Wake(清醒)
5306,0,Wake(清醒)
5307,0,Wake(清醒)
5308,0,Wake(清醒)
5309,0,Wake(清醒)
5310,0,Wake(清醒)
5311,0,Wake(清醒)
5312,0,Wake(清醒)
5313,0,Wake(清醒)
5314,0,Wake(清醒)
5315,0,Wake(清醒)
5316,0,Wake(清醒)
5317,0,Wake(清醒)
5318,0,Wake(清醒)
5319,0,Wake(清醒)
5320,0,Wake(清醒)
5321,0,Wake(清醒)
5322,0,Wake(清醒)
5323,0,Wake(清醒)
5324,0,Wake(清醒)
5325,0,Wake(清醒)
5326,0,Wake(清醒)
5327,0,Wake(清醒)
5328,0,Wake(清醒)
5329,0,Wake(清醒)
5330,0,Wake(清醒)
5331,0,Wake(清醒)
5332,0,Wake(清醒)
5333,0,Wake(清醒)
5334,0,Wake(清醒)
5335,0,Wake(清醒)
5336,0,Wake(清醒)
5337,0,Wake(清醒)
5338,0,Wake(清醒)
5339,0,Wake(清醒)
5340,0,Wake(清醒)
5341,0,Wake(清醒)
5342,0,Wake(清醒)
5343,0,Wake(清醒)
5344,0,Wake(清醒)
5345,0,Wake(清醒)
5346,0,Wake(清醒)
5347,0,Wake(清醒)
5348,0,Wake(清醒)
5349,0,Wake(清醒)
5350,0,Wake(清醒)
5351,0,Wake(清醒)
5352,0,Wake(清醒)
5353,0,Wake(清醒)
5354,0,Wake(清醒)
5355,0,Wake(清醒)
5356,0,Wake(清醒)
5357,0,Wake(清醒)
5358,0,Wake(清醒)
5359,0,Wake(清醒)
5360,0,Wake(清醒)
5361,0,Wake(清醒)
5362,0,Wake(清醒)
5363,0,Wake(清醒)
5364,0,Wake(清醒)
5365,0,Wake(清醒)
5366,0,Wake(清醒)
5367,0,Wake(清醒)
5368,0,Wake(清醒)
5369,0,Wake(清醒)
5370,0,Wake(清醒)
5371,0,Wake(清醒)
5372,0,Wake(清醒)
5373,0,Wake(清醒)
5374,0,Wake(清醒)
5375,0,Wake(清醒)
5376,0,Wake(清醒)
5377,0,Wake(清醒)
5378,0,Wake(清醒)
5379,0,Wake(清醒)
5380,0,Wake(清醒)
5381,0,Wake(清醒)
5382,0,Wake(清醒)
5383,0,Wake(清醒)
5384,0,Wake(清醒)
5385,0,Wake(清醒)
5386,0,Wake(清醒)
5387,0,Wake(清醒)
5388,0,Wake(清醒)
5389,0,Wake(清醒)
5390,0,Wake(清醒)
5391,0,Wake(清醒)
5392,0,Wake(清醒)
5393,0,Wake(清醒)
5394,0,Wake(清醒)
5395,0,Wake(清醒)
5396,0,Wake(清醒)
5397,0,Wake(清醒)
5398,0,Wake(清醒)
5399,0,Wake(清醒)
5400,0,Wake(清醒)
5401,0,Wake(清醒)
5402,0,Wake(清醒)
5403,0,Wake(清醒)
5404,0,Wake(清醒)
5405,0,Wake(清醒)
5406,0,Wake(清醒)
5407,0,Wake(清醒)
5408,0,Wake(清醒)
5409,0,Wake(清醒)
5410,0,Wake(清醒)
5411,0,Wake(清醒)
5412,0,Wake(清醒)
5413,0,Wake(清醒)
5414,0,Wake(清醒)
5415,0,Wake(清醒)
5416,0,Wake(清醒)
5417,0,Wake(清醒)
5418,0,Wake(清醒)
5419,0,Wake(清醒)
5420,0,Wake(清醒)
5421,0,Wake(清醒)
5422,0,Wake(清醒)
5423,0,Wake(清醒)
5424,0,Wake(清醒)
5425,0,Wake(清醒)
5426,0,Wake(清醒)
5427,0,Wake(清醒)
5428,0,Wake(清醒)
5429,0,Wake(清醒)
5430,0,Wake(清醒)
5431,0,Wake(清醒)
5432,0,Wake(清醒)
5433,0,Wake(清醒)
5434,0,Wake(清醒)
5435,0,Wake(清醒)
5436,0,Wake(清醒)
5437,0,Wake(清醒)
5438,0,Wake(清醒)
5439,0,Wake(清醒)
5440,0,Wake(清醒)
5441,0,Wake(清醒)
5442,0,Wake(清醒)
5443,0,Wake(清醒)
5444,0,Wake(清醒)
5445,0,Wake(清醒)
5446,0,Wake(清醒)
5447,0,Wake(清醒)
5448,0,Wake(清醒)
5449,0,Wake(清醒)
5450,0,Wake(清醒)
5451,0,Wake(清醒)
5452,0,Wake(清醒)
5453,0,Wake(清醒)
5454,0,Wake(清醒)
5455,0,Wake(清醒)
5456,0,Wake(清醒)
5457,0,Wake(清醒)
5458,0,Wake(清醒)
5459,0,Wake(清醒)
5460,0,Wake(清醒)
5461,0,Wake(清醒)
5462,0,Wake(清醒)
5463,0,Wake(清醒)
5464,0,Wake(清醒)
5465,0,Wake(清醒)
5466,0,Wake(清醒)
5467,0,Wake(清醒)
5468,0,Wake(清醒)
5469,0,Wake(清醒)
5470,0,Wake(清醒)
5471,0,Wake(清醒)
5472,0,Wake(清醒)
5473,0,Wake(清醒)
5474,0,Wake(清醒)
5475,0,Wake(清醒)
5476,0,Wake(清醒)
5477,0,Wake(清醒)
5478,0,Wake(清醒)
5479,0,Wake(清醒)
5480,0,Wake(清醒)
5481,0,Wake(清醒)
5482,0,Wake(清醒)
5483,0,Wake(清醒)
5484,0,Wake(清醒)
5485,0,Wake(清醒)
5486,0,Wake(清醒)
5487,0,Wake(清醒)
5488,0,Wake(清醒)
5489,0,Wake(清醒)
5490,0,Wake(清醒)
5491,0,Wake(清醒)
5492,0,Wake(清醒)
5493,0,Wake(清醒)
5494,0,Wake(清醒)
5495,0,Wake(清醒)
5496,0,Wake(清醒)
5497,0,Wake(清醒)
5498,0,Wake(清醒)
5499,0,Wake(清醒)
5500,0,Wake(清醒)
5501,0,Wake(清醒)
5502,0,Wake(清醒)
5503,0,Wake(清醒)
5504,0,Wake(清醒)
5505,0,Wake(清醒)
5506,0,Wake(清醒)
5507,0,Wake(清醒)
5508,0,Wake(清醒)
5509,0,Wake(清醒)
5510,0,Wake(清醒)
5511,0,Wake(清醒)
5512,0,Wake(清醒)
5513,0,Wake(清醒)
5514,0,Wake(清醒)
5515,0,Wake(清醒)
5516,0,Wake(清醒)
5517,0,Wake(清醒)
5518,0,Wake(清醒)
5519,0,Wake(清醒)
5520,0,Wake(清醒)
5521,0,Wake(清醒)
5522,0,Wake(清醒)
5523,0,Wake(清醒)
5524,0,Wake(清醒)
5525,0,Wake(清醒)
5526,0,Wake(清醒)
5527,0,Wake(清醒)
5528,0,Wake(清醒)
5529,0,Wake(清醒)
5530,0,Wake(清醒)
5531,0,Wake(清醒)
5532,0,Wake(清醒)
5533,0,Wake(清醒)
5534,0,Wake(清醒)
5535,0,Wake(清醒)
5536,0,Wake(清醒)
5537,0,Wake(清醒)
5538,0,Wake(清醒)
5539,0,Wake(清醒)
5540,0,Wake(清醒)
5541,0,Wake(清醒)
5542,0,Wake(清醒)
5543,0,Wake(清醒)
5544,0,Wake(清醒)
5545,0,Wake(清醒)
5546,0,Wake(清醒)
5547,0,Wake(清醒)
5548,0,Wake(清醒)
5549,0,Wake(清醒)
5550,0,Wake(清醒)
5551,0,Wake(清醒)
5552,0,Wake(清醒)
5553,0,Wake(清醒)
5554,0,Wake(清醒)
5555,0,Wake(清醒)
5556,0,Wake(清醒)
5557,0,Wake(清醒)
5558,0,Wake(清醒)
5559,0,Wake(清醒)
5560,0,Wake(清醒)
5561,0,Wake(清醒)
5562,0,Wake(清醒)
5563,0,Wake(清醒)
5564,0,Wake(清醒)
5565,0,Wake(清醒)
5566,0,Wake(清醒)
5567,0,Wake(清醒)
5568,0,Wake(清醒)
5569,0,Wake(清醒)
5570,0,Wake(清醒)
5571,0,Wake(清醒)
5572,0,Wake(清醒)
5573,0,Wake(清醒)
5574,0,Wake(清醒)
5575,0,Wake(清醒)
5576,0,Wake(清醒)
5577,0,Wake(清醒)
5578,0,Wake(清醒)
5579,0,Wake(清醒)
5580,0,Wake(清醒)
5581,0,Wake(清醒)
5582,0,Wake(清醒)
5583,0,Wake(清醒)
5584,0,Wake(清醒)
5585,0,Wake(清醒)
5586,0,Wake(清醒)
5587,0,Wake(清醒)
5588,0,Wake(清醒)
5589,0,Wake(清醒)
5590,0,Wake(清醒)
5591,0,Wake(清醒)
5592,0,Wake(清醒)
5593,0,Wake(清醒)
5594,0,Wake(清醒)
5595,0,Wake(清醒)
5596,0,Wake(清醒)
5597,0,Wake(清醒)
5598,0,Wake(清醒)
5599,0,Wake(清醒)
5600,0,Wake(清醒)
5601,0,Wake(清醒)
5602,0,Wake(清醒)
5603,0,Wake(清醒)
5604,0,Wake(清醒)
5605,0,Wake(清醒)
5606,0,Wake(清醒)
5607,0,Wake(清醒)
5608,0,Wake(清醒)
5609,0,Wake(清醒)
5610,0,Wake(清醒)
5611,0,Wake(清醒)
5612,0,Wake(清醒)
5613,0,Wake(清醒)
5614,0,Wake(清醒)
5615,0,Wake(清醒)
5616,0,Wake(清醒)
5617,0,Wake(清醒)
5618,0,Wake(清醒)
5619,0,Wake(清醒)
5620,0,Wake(清醒)
5621,0,Wake(清醒)
5622,0,Wake(清醒)
5623,0,Wake(清醒)
5624,0,Wake(清醒)
5625,0,Wake(清醒)
5626,0,Wake(清醒)
5627,0,Wake(清醒)
5628,0,Wake(清醒)
5629,0,Wake(清醒)
5630,0,Wake(清醒)
5631,0,Wake(清醒)
5632,0,Wake(清醒)
5633,0,Wake(清醒)
5634,0,Wake(清醒)
5635,0,Wake(清醒)
5636,0,Wake(清醒)
5637,0,Wake(清醒)
5638,0,Wake(清醒)
5639,0,Wake(清醒)
5640,0,Wake(清醒)
5641,0,Wake(清醒)
5642,0,Wake(清醒)
5643,0,Wake(清醒)
5644,0,Wake(清醒)
5645,0,Wake(清醒)
5646,0,Wake(清醒)
5647,0,Wake(清醒)
5648,0,Wake(清醒)
5649,0,Wake(清醒)
5650,0,Wake(清醒)
5651,0,Wake(清醒)
5652,0,Wake(清醒)
5653,0,Wake(清醒)
5654,0,Wake(清醒)
5655,0,Wake(清醒)
5656,0,Wake(清醒)
5657,0,Wake(清醒)
5658,0,Wake(清醒)
5659,0,Wake(清醒)
5660,0,Wake(清醒)
5661,0,Wake(清醒)
5662,0,Wake(清醒)
5663,0,Wake(清醒)
5664,0,Wake(清醒)
5665,0,Wake(清醒)
5666,0,Wake(清醒)
5667,0,Wake(清醒)
5668,0,Wake(清醒)
5669,0,Wake(清醒)
5670,0,Wake(清醒)
5671,0,Wake(清醒)
5672,0,Wake(清醒)
5673,0,Wake(清醒)
5674,0,Wake(清醒)
5675,0,Wake(清醒)
5676,0,Wake(清醒)
5677,0,Wake(清醒)
5678,0,Wake(清醒)
5679,0,Wake(清醒)
5680,0,Wake(清醒)
5681,0,Wake(清醒)
5682,0,Wake(清醒)
5683,0,Wake(清醒)
5684,0,Wake(清醒)
5685,0,Wake(清醒)
5686,0,Wake(清醒)
5687,0,Wake(清醒)
5688,0,Wake(清醒)
5689,0,Wake(清醒)
5690,0,Wake(清醒)
5691,0,Wake(清醒)
5692,0,Wake(清醒)
5693,0,Wake(清醒)
5694,0,Wake(清醒)
5695,0,Wake(清醒)
5696,0,Wake(清醒)
5697,0,Wake(清醒)
5698,0,Wake(清醒)
5699,0,Wake(清醒)
5700,0,Wake(清醒)
5701,0,Wake(清醒)
5702,0,Wake(清醒)
5703,0,Wake(清醒)
5704,0,Wake(清醒)
5705,0,Wake(清醒)
5706,0,Wake(清醒)
5707,0,Wake(清醒)
5708,0,Wake(清醒)
5709,0,Wake(清醒)
5710,0,Wake(清醒)
5711,0,Wake(清醒)
5712,0,Wake(清醒)
5713,0,Wake(清醒)
5714,0,Wake(清醒)
5715,0,Wake(清醒)
5716,0,Wake(清醒)
5717,0,Wake(清醒)
5718,0,Wake(清醒)
5719,0,Wake(清醒)
5720,0,Wake(清醒)
5721,0,Wake(清醒)
5722,0,Wake(清醒)
5723,0,Wake(清醒)
5724,0,Wake(清醒)
5725,0,Wake(清醒)
5726,0,Wake(清醒)
5727,0,Wake(清醒)
5728,0,Wake(清醒)
5729,0,Wake(清醒)
5730,0,Wake(清醒)
5731,0,Wake(清醒)
5732,0,Wake(清醒)
5733,0,Wake(清醒)
5734,0,Wake(清醒)
5735,0,Wake(清醒)
5736,0,Wake(清醒)
5737,0,Wake(清醒)
5738,0,Wake(清醒)
5739,0,Wake(清醒)
5740,0,Wake(清醒)
5741,0,Wake(清醒)
5742,0,Wake(清醒)
5743,0,Wake(清醒)
5744,0,Wake(清醒)
5745,0,Wake(清醒)
5746,0,Wake(清醒)
5747,0,Wake(清醒)
5748,0,Wake(清醒)
5749,0,Wake(清醒)
5750,0,Wake(清醒)
5751,0,Wake(清醒)
5752,0,Wake(清醒)
5753,0,Wake(清醒)
5754,0,Wake(清醒)
5755,0,Wake(清醒)
5756,0,Wake(清醒)
5757,0,Wake(清醒)
5758,0,Wake(清醒)
5759,0,Wake(清醒)
5760,0,Wake(清醒)
5761,0,Wake(清醒)
5762,0,Wake(清醒)
5763,0,Wake(清醒)
5764,0,Wake(清醒)
5765,0,Wake(清醒)
5766,0,Wake(清醒)
5767,0,Wake(清醒)
5768,0,Wake(清醒)
5769,0,Wake(清醒)
5770,0,Wake(清醒)
5771,0,Wake(清醒)
5772,0,Wake(清醒)
5773,0,Wake(清醒)
5774,0,Wake(清醒)
5775,0,Wake(清醒)
5776,0,Wake(清醒)
5777,0,Wake(清醒)
5778,0,Wake(清醒)
5779,0,Wake(清醒)
5780,0,Wake(清醒)
5781,0,Wake(清醒)
5782,0,Wake(清醒)
5783,0,Wake(清醒)
5784,0,Wake(清醒)
5785,0,Wake(清醒)
5786,0,Wake(清醒)
5787,0,Wake(清醒)
5788,0,Wake(清醒)
5789,0,Wake(清醒)
5790,0,Wake(清醒)
5791,0,Wake(清醒)
5792,0,Wake(清醒)
5793,0,Wake(清醒)
5794,0,Wake(清醒)
5795,0,Wake(清醒)
5796,0,Wake(清醒)
5797,0,Wake(清醒)
5798,0,Wake(清醒)
5799,0,Wake(清醒)
5800,0,Wake(清醒)
5801,0,Wake(清醒)
5802,0,Wake(清醒)
5803,0,Wake(清醒)
5804,0,Wake(清醒)
5805,0,Wake(清醒)
5806,0,Wake(清醒)
5807,0,Wake(清醒)
5808,0,Wake(清醒)
5809,0,Wake(清醒)
5810,0,Wake(清醒)
5811,0,Wake(清醒)
5812,0,Wake(清醒)
5813,0,Wake(清醒)
5814,0,Wake(清醒)
5815,0,Wake(清醒)
5816,0,Wake(清醒)
5817,0,Wake(清醒)
5818,0,Wake(清醒)
5819,0,Wake(清醒)
5820,0,Wake(清醒)
5821,0,Wake(清醒)
5822,0,Wake(清醒)
5823,0,Wake(清醒)
5824,0,Wake(清醒)
5825,0,Wake(清醒)
5826,0,Wake(清醒)
5827,0,Wake(清醒)
5828,0,Wake(清醒)
5829,0,Wake(清醒)
5830,0,Wake(清醒)
5831,0,Wake(清醒)
5832,0,Wake(清醒)
5833,0,Wake(清醒)
5834,0,Wake(清醒)
5835,0,Wake(清醒)
5836,0,Wake(清醒)
5837,0,Wake(清醒)
5838,0,Wake(清醒)
5839,0,Wake(清醒)
5840,0,Wake(清醒)
5841,0,Wake(清醒)
5842,0,Wake(清醒)
5843,0,Wake(清醒)
5844,0,Wake(清醒)
5845,0,Wake(清醒)
5846,0,Wake(清醒)
5847,0,Wake(清醒)
5848,0,Wake(清醒)
5849,0,Wake(清醒)
5850,0,Wake(清醒)
5851,0,Wake(清醒)
5852,0,Wake(清醒)
5853,0,Wake(清醒)
5854,0,Wake(清醒)
5855,0,Wake(清醒)
5856,0,Wake(清醒)
5857,0,Wake(清醒)
5858,0,Wake(清醒)
5859,0,Wake(清醒)
5860,0,Wake(清醒)
5861,0,Wake(清醒)
5862,0,Wake(清醒)
5863,0,Wake(清醒)
5864,0,Wake(清醒)
5865,0,Wake(清醒)
5866,0,Wake(清醒)
5867,0,Wake(清醒)
5868,0,Wake(清醒)
5869,0,Wake(清醒)
5870,0,Wake(清醒)
5871,0,Wake(清醒)
5872,0,Wake(清醒)
5873,0,Wake(清醒)
5874,0,Wake(清醒)
5875,0,Wake(清醒)
5876,0,Wake(清醒)
5877,0,Wake(清醒)
5878,0,Wake(清醒)
5879,0,Wake(清醒)
5880,0,Wake(清醒)
5881,0,Wake(清醒)
5882,0,Wake(清醒)
5883,0,Wake(清醒)
5884,0,Wake(清醒)
5885,0,Wake(清醒)
5886,0,Wake(清醒)
5887,0,Wake(清醒)
5888,0,Wake(清醒)
5889,0,Wake(清醒)
5890,0,Wake(清醒)
5891,0,Wake(清醒)
5892,0,Wake(清醒)
5893,0,Wake(清醒)
5894,0,Wake(清醒)
5895,0,Wake(清醒)
5896,0,Wake(清醒)
5897,0,Wake(清醒)
5898,0,Wake(清醒)
5899,0,Wake(清醒)
5900,0,Wake(清醒)
5901,0,Wake(清醒)
5902,0,Wake(清醒)
5903,0,Wake(清醒)
5904,0,Wake(清醒)
5905,0,Wake(清醒)
5906,0,Wake(清醒)
5907,0,Wake(清醒)
5908,0,Wake(清醒)
5909,0,Wake(清醒)
5910,0,Wake(清醒)
5911,0,Wake(清醒)
5912,0,Wake(清醒)
5913,0,Wake(清醒)
5914,0,Wake(清醒)
5915,0,Wake(清醒)
5916,0,Wake(清醒)
5917,0,Wake(清醒)
5918,0,Wake(清醒)
5919,0,Wake(清醒)
5920,0,Wake(清醒)
5921,0,Wake(清醒)
5922,0,Wake(清醒)
5923,0,Wake(清醒)
5924,0,Wake(清醒)
5925,0,Wake(清醒)
5926,0,Wake(清醒)
5927,0,Wake(清醒)
5928,0,Wake(清醒)
5929,0,Wake(清醒)
5930,0,Wake(清醒)
5931,0,Wake(清醒)
5932,0,Wake(清醒)
5933,0,Wake(清醒)
5934,0,Wake(清醒)
5935,0,Wake(清醒)
5936,0,Wake(清醒)
5937,0,Wake(清醒)
5938,0,Wake(清醒)
5939,0,Wake(清醒)
5940,0,Wake(清醒)
5941,0,Wake(清醒)
5942,0,Wake(清醒)
5943,0,Wake(清醒)
5944,0,Wake(清醒)
5945,0,Wake(清醒)
5946,0,Wake(清醒)
5947,0,Wake(清醒)
5948,0,Wake(清醒)
5949,0,Wake(清醒)
5950,0,Wake(清醒)
5951,0,Wake(清醒)
5952,0,Wake(清醒)
5953,0,Wake(清醒)
5954,0,Wake(清醒)
5955,0,Wake(清醒)
5956,0,Wake(清醒)
5957,0,Wake(清醒)
5958,0,Wake(清醒)
5959,0,Wake(清醒)
5960,0,Wake(清醒)
5961,0,Wake(清醒)
5962,0,Wake(清醒)
5963,0,Wake(清醒)
5964,0,Wake(清醒)
5965,0,Wake(清醒)
5966,0,Wake(清醒)
5967,0,Wake(清醒)
5968,0,Wake(清醒)
5969,0,Wake(清醒)
5970,0,Wake(清醒)
5971,0,Wake(清醒)
5972,0,Wake(清醒)
5973,0,Wake(清醒)
5974,0,Wake(清醒)
5975,0,Wake(清醒)
5976,0,Wake(清醒)
5977,0,Wake(清醒)
5978,0,Wake(清醒)
5979,0,Wake(清醒)
5980,0,Wake(清醒)
5981,0,Wake(清醒)
5982,0,Wake(清醒)
5983,0,Wake(清醒)
5984,0,Wake(清醒)
5985,0,Wake(清醒)
5986,0,Wake(清醒)
5987,0,Wake(清醒)
5988,0,Wake(清醒)
5989,0,Wake(清醒)
5990,0,Wake(清醒)
5991,0,Wake(清醒)
5992,0,Wake(清醒)
5993,0,Wake(清醒)
5994,0,Wake(清醒)
5995,0,Wake(清醒)
5996,0,Wake(清醒)
5997,0,Wake(清醒)
5998,0,Wake(清醒)
5999,0,Wake(清醒)
6000,0,Wake(清醒)
6001,0,Wake(清醒)
6002,0,Wake(清醒)
6003,0,Wake(清醒)
6004,0,Wake(清醒)
6005,0,Wake(清醒)
6006,0,Wake(清醒)
6007,0,Wake(清醒)
6008,0,Wake(清醒)
6009,0,Wake(清醒)
6010,0,Wake(清醒)
6011,0,Wake(清醒)
6012,0,Wake(清醒)
6013,0,Wake(清醒)
6014,0,Wake(清醒)
6015,0,Wake(清醒)
6016,0,Wake(清醒)
6017,0,Wake(清醒)
6018,0,Wake(清醒)
6019,0,Wake(清醒)
6020,0,Wake(清醒)
6021,0,Wake(清醒)
6022,0,Wake(清醒)
6023,0,Wake(清醒)
6024,0,Wake(清醒)
6025,0,Wake(清醒)
6026,0,Wake(清醒)
6027,0,Wake(清醒)
6028,0,Wake(清醒)
6029,0,Wake(清醒)
6030,0,Wake(清醒)
6031,0,Wake(清醒)
6032,0,Wake(清醒)
6033,0,Wake(清醒)
6034,0,Wake(清醒)
6035,0,Wake(清醒)
6036,0,Wake(清醒)
6037,0,Wake(清醒)
6038,0,Wake(清醒)
6039,0,Wake(清醒)
6040,0,Wake(清醒)
6041,0,Wake(清醒)
6042,0,Wake(清醒)
6043,0,Wake(清醒)
6044,0,Wake(清醒)
6045,0,Wake(清醒)
6046,0,Wake(清醒)
6047,0,Wake(清醒)
6048,0,Wake(清醒)
6049,0,Wake(清醒)
6050,0,Wake(清醒)
6051,0,Wake(清醒)
6052,0,Wake(清醒)
6053,0,Wake(清醒)
6054,0,Wake(清醒)
6055,0,Wake(清醒)
6056,0,Wake(清醒)
6057,0,Wake(清醒)
6058,0,Wake(清醒)
6059,0,Wake(清醒)
6060,0,Wake(清醒)
6061,0,Wake(清醒)
6062,0,Wake(清醒)
6063,0,Wake(清醒)
6064,0,Wake(清醒)
6065,0,Wake(清醒)
6066,0,Wake(清醒)
6067,0,Wake(清醒)
6068,0,Wake(清醒)
6069,0,Wake(清醒)
6070,0,Wake(清醒)
6071,0,Wake(清醒)
6072,0,Wake(清醒)
6073,0,Wake(清醒)
6074,0,Wake(清醒)
6075,0,Wake(清醒)
6076,0,Wake(清醒)
6077,0,Wake(清醒)
6078,0,Wake(清醒)
6079,0,Wake(清醒)
6080,0,Wake(清醒)
6081,0,Wake(清醒)
6082,0,Wake(清醒)
6083,0,Wake(清醒)
6084,0,Wake(清醒)
6085,0,Wake(清醒)
6086,0,Wake(清醒)
6087,0,Wake(清醒)
6088,0,Wake(清醒)
6089,0,Wake(清醒)
6090,0,Wake(清醒)
6091,0,Wake(清醒)
6092,0,Wake(清醒)
6093,0,Wake(清醒)
6094,0,Wake(清醒)
6095,0,Wake(清醒)
6096,0,Wake(清醒)
6097,0,Wake(清醒)
6098,0,Wake(清醒)
6099,0,Wake(清醒)
6100,0,Wake(清醒)
6101,0,Wake(清醒)
6102,0,Wake(清醒)
6103,0,Wake(清醒)
6104,0,Wake(清醒)
6105,0,Wake(清醒)
6106,0,Wake(清醒)
6107,0,Wake(清醒)
6108,0,Wake(清醒)
6109,0,Wake(清醒)
6110,0,Wake(清醒)
6111,0,Wake(清醒)
6112,0,Wake(清醒)
6113,0,Wake(清醒)
6114,0,Wake(清醒)
6115,0,Wake(清醒)
6116,0,Wake(清醒)
6117,0,Wake(清醒)
6118,0,Wake(清醒)
6119,0,Wake(清醒)
6120,0,Wake(清醒)
6121,0,Wake(清醒)
6122,0,Wake(清醒)
6123,0,Wake(清醒)
6124,0,Wake(清醒)
6125,0,Wake(清醒)
6126,0,Wake(清醒)
6127,0,Wake(清醒)
6128,0,Wake(清醒)
6129,0,Wake(清醒)
6130,0,Wake(清醒)
6131,0,Wake(清醒)
6132,0,Wake(清醒)
6133,0,Wake(清醒)
6134,0,Wake(清醒)
6135,0,Wake(清醒)
6136,0,Wake(清醒)
6137,0,Wake(清醒)
6138,0,Wake(清醒)
6139,0,Wake(清醒)
6140,0,Wake(清醒)
6141,0,Wake(清醒)
6142,0,Wake(清醒)
6143,0,Wake(清醒)
6144,0,Wake(清醒)
6145,0,Wake(清醒)
6146,0,Wake(清醒)
6147,0,Wake(清醒)
6148,0,Wake(清醒)
6149,0,Wake(清醒)
6150,0,Wake(清醒)
6151,0,Wake(清醒)
6152,0,Wake(清醒)
6153,0,Wake(清醒)
6154,0,Wake(清醒)
6155,0,Wake(清醒)
6156,0,Wake(清醒)
6157,0,Wake(清醒)
6158,0,Wake(清醒)
6159,0,Wake(清醒)
6160,0,Wake(清醒)
6161,0,Wake(清醒)
6162,0,Wake(清醒)
6163,0,Wake(清醒)
6164,0,Wake(清醒)
6165,0,Wake(清醒)
6166,0,Wake(清醒)
6167,0,Wake(清醒)
6168,0,Wake(清醒)
6169,0,Wake(清醒)
6170,0,Wake(清醒)
6171,0,Wake(清醒)
6172,0,Wake(清醒)
6173,0,Wake(清醒)
6174,0,Wake(清醒)
6175,0,Wake(清醒)
6176,0,Wake(清醒)
6177,0,Wake(清醒)
6178,0,Wake(清醒)
6179,0,Wake(清醒)
6180,0,Wake(清醒)
6181,0,Wake(清醒)
6182,0,Wake(清醒)
6183,0,Wake(清醒)
6184,0,Wake(清醒)
6185,0,Wake(清醒)
6186,0,Wake(清醒)
6187,0,Wake(清醒)
6188,0,Wake(清醒)
6189,0,Wake(清醒)
6190,0,Wake(清醒)
6191,0,Wake(清醒)
6192,0,Wake(清醒)
6193,0,Wake(清醒)
6194,0,Wake(清醒)
6195,0,Wake(清醒)
6196,0,Wake(清醒)
6197,0,Wake(清醒)
6198,0,Wake(清醒)
6199,0,Wake(清醒)
6200,0,Wake(清醒)
6201,0,Wake(清醒)
6202,0,Wake(清醒)
6203,0,Wake(清醒)
6204,0,Wake(清醒)
6205,0,Wake(清醒)
6206,0,Wake(清醒)
6207,0,Wake(清醒)
6208,0,Wake(清醒)
6209,0,Wake(清醒)
6210,0,Wake(清醒)
6211,0,Wake(清醒)
6212,0,Wake(清醒)
6213,0,Wake(清醒)
6214,0,Wake(清醒)
6215,0,Wake(清醒)
6216,0,Wake(清醒)
6217,0,Wake(清醒)
6218,0,Wake(清醒)
6219,0,Wake(清醒)
6220,0,Wake(清醒)
6221,0,Wake(清醒)
6222,0,Wake(清醒)
6223,0,Wake(清醒)
6224,0,Wake(清醒)
6225,0,Wake(清醒)
6226,0,Wake(清醒)
6227,0,Wake(清醒)
6228,0,Wake(清醒)
6229,0,Wake(清醒)
6230,0,Wake(清醒)
6231,0,Wake(清醒)
6232,0,Wake(清醒)
6233,0,Wake(清醒)
6234,0,Wake(清醒)
6235,0,Wake(清醒)
6236,0,Wake(清醒)
6237,0,Wake(清醒)
6238,0,Wake(清醒)
6239,0,Wake(清醒)
6240,0,Wake(清醒)
6241,0,Wake(清醒)
6242,0,Wake(清醒)
6243,0,Wake(清醒)
6244,0,Wake(清醒)
6245,0,Wake(清醒)
6246,0,Wake(清醒)
6247,0,Wake(清醒)
6248,0,Wake(清醒)
6249,0,Wake(清醒)
6250,0,Wake(清醒)
6251,0,Wake(清醒)
6252,0,Wake(清醒)
6253,0,Wake(清醒)
6254,0,Wake(清醒)
6255,0,Wake(清醒)
6256,0,Wake(清醒)
6257,0,Wake(清醒)
6258,0,Wake(清醒)
6259,0,Wake(清醒)
6260,0,Wake(清醒)
6261,0,Wake(清醒)
6262,0,Wake(清醒)
6263,0,Wake(清醒)
6264,0,Wake(清醒)
6265,0,Wake(清醒)
6266,0,Wake(清醒)
6267,0,Wake(清醒)
6268,0,Wake(清醒)
6269,0,Wake(清醒)
6270,0,Wake(清醒)
6271,0,Wake(清醒)
6272,0,Wake(清醒)
6273,0,Wake(清醒)
6274,0,Wake(清醒)
6275,0,Wake(清醒)
6276,0,Wake(清醒)
6277,0,Wake(清醒)
6278,0,Wake(清醒)
6279,0,Wake(清醒)
6280,0,Wake(清醒)
6281,0,Wake(清醒)
6282,0,Wake(清醒)
6283,0,Wake(清醒)
6284,0,Wake(清醒)
6285,0,Wake(清醒)
6286,0,Wake(清醒)
6287,0,Wake(清醒)
6288,0,Wake(清醒)
6289,0,Wake(清醒)
6290,0,Wake(清醒)
6291,0,Wake(清醒)
6292,0,Wake(清醒)
6293,0,Wake(清醒)
6294,0,Wake(清醒)
6295,0,Wake(清醒)
6296,0,Wake(清醒)
6297,0,Wake(清醒)
6298,0,Wake(清醒)
6299,0,Wake(清醒)
6300,0,Wake(清醒)
6301,0,Wake(清醒)
6302,0,Wake(清醒)
6303,0,Wake(清醒)
6304,0,Wake(清醒)
6305,0,Wake(清醒)
6306,0,Wake(清醒)
6307,0,Wake(清醒)
6308,0,Wake(清醒)
6309,0,Wake(清醒)
6310,0,Wake(清醒)
6311,0,Wake(清醒)
6312,0,Wake(清醒)
6313,0,Wake(清醒)
6314,0,Wake(清醒)
6315,0,Wake(清醒)
6316,0,Wake(清醒)
6317,0,Wake(清醒)
6318,0,Wake(清醒)
6319,0,Wake(清醒)
6320,0,Wake(清醒)
6321,0,Wake(清醒)
6322,0,Wake(清醒)
6323,0,Wake(清醒)
6324,0,Wake(清醒)
6325,0,Wake(清醒)
6326,0,Wake(清醒)
6327,0,Wake(清醒)
6328,0,Wake(清醒)
6329,0,Wake(清醒)
6330,0,Wake(清醒)
6331,0,Wake(清醒)
6332,0,Wake(清醒)
6333,0,Wake(清醒)
6334,0,Wake(清醒)
6335,0,Wake(清醒)
6336,0,Wake(清醒)
6337,0,Wake(清醒)
6338,0,Wake(清醒)
6339,0,Wake(清醒)
6340,0,Wake(清醒)
6341,0,Wake(清醒)
6342,0,Wake(清醒)
6343,0,Wake(清醒)
6344,0,Wake(清醒)
6345,0,Wake(清醒)
6346,0,Wake(清醒)
6347,0,Wake(清醒)
6348,0,Wake(清醒)
6349,0,Wake(清醒)
6350,0,Wake(清醒)
6351,0,Wake(清醒)
6352,0,Wake(清醒)
6353,0,Wake(清醒)
6354,0,Wake(清醒)
6355,0,Wake(清醒)
6356,0,Wake(清醒)
6357,0,Wake(清醒)
6358,0,Wake(清醒)
6359,0,Wake(清醒)
6360,0,Wake(清醒)
6361,0,Wake(清醒)
6362,0,Wake(清醒)
6363,0,Wake(清醒)
6364,0,Wake(清醒)
6365,0,Wake(清醒)
6366,0,Wake(清醒)
6367,0,Wake(清醒)
6368,0,Wake(清醒)
6369,0,Wake(清醒)
6370,0,Wake(清醒)
6371,0,Wake(清醒)
6372,0,Wake(清醒)
6373,0,Wake(清醒)
6374,0,Wake(清醒)
6375,0,Wake(清醒)
6376,0,Wake(清醒)
6377,0,Wake(清醒)
6378,0,Wake(清醒)
6379,0,Wake(清醒)
6380,0,Wake(清醒)
6381,0,Wake(清醒)
6382,0,Wake(清醒)
6383,0,Wake(清醒)
6384,0,Wake(清醒)
6385,0,Wake(清醒)
6386,0,Wake(清醒)
6387,0,Wake(清醒)
6388,0,Wake(清醒)
6389,0,Wake(清醒)
6390,0,Wake(清醒)
6391,0,Wake(清醒)
6392,0,Wake(清醒)
6393,0,Wake(清醒)
6394,0,Wake(清醒)
6395,0,Wake(清醒)
6396,0,Wake(清醒)
6397,0,Wake(清醒)
6398,0,Wake(清醒)
6399,0,Wake(清醒)
6400,0,Wake(清醒)
6401,0,Wake(清醒)
6402,0,Wake(清醒)
6403,0,Wake(清醒)
6404,0,Wake(清醒)
6405,0,Wake(清醒)
6406,0,Wake(清醒)
6407,0,Wake(清醒)
6408,0,Wake(清醒)
6409,0,Wake(清醒)
6410,0,Wake(清醒)
6411,0,Wake(清醒)
6412,0,Wake(清醒)
6413,0,Wake(清醒)
6414,0,Wake(清醒)
6415,0,Wake(清醒)
6416,0,Wake(清醒)
6417,0,Wake(清醒)
6418,0,Wake(清醒)
6419,0,Wake(清醒)
6420,0,Wake(清醒)
6421,0,Wake(清醒)
6422,0,Wake(清醒)
6423,0,Wake(清醒)
6424,0,Wake(清醒)
6425,0,Wake(清醒)
6426,0,Wake(清醒)
6427,0,Wake(清醒)
6428,0,Wake(清醒)
6429,0,Wake(清醒)
6430,0,Wake(清醒)
6431,0,Wake(清醒)
6432,0,Wake(清醒)
6433,0,Wake(清醒)
6434,0,Wake(清醒)
6435,0,Wake(清醒)
6436,0,Wake(清醒)
6437,0,Wake(清醒)
6438,0,Wake(清醒)
6439,0,Wake(清醒)
6440,0,Wake(清醒)
6441,0,Wake(清醒)
6442,0,Wake(清醒)
6443,0,Wake(清醒)
6444,0,Wake(清醒)
6445,0,Wake(清醒)
6446,0,Wake(清醒)
6447,0,Wake(清醒)
6448,0,Wake(清醒)
6449,0,Wake(清醒)
6450,0,Wake(清醒)
6451,0,Wake(清醒)
6452,0,Wake(清醒)
6453,0,Wake(清醒)
6454,0,Wake(清醒)
6455,0,Wake(清醒)
6456,0,Wake(清醒)
6457,0,Wake(清醒)
6458,0,Wake(清醒)
6459,0,Wake(清醒)
6460,0,Wake(清醒)
6461,0,Wake(清醒)
6462,0,Wake(清醒)
6463,0,Wake(清醒)
6464,0,Wake(清醒)
6465,0,Wake(清醒)
6466,0,Wake(清醒)
6467,0,Wake(清醒)
6468,0,Wake(清醒)
6469,0,Wake(清醒)
6470,0,Wake(清醒)
6471,0,Wake(清醒)
6472,0,Wake(清醒)
6473,0,Wake(清醒)
6474,0,Wake(清醒)
6475,0,Wake(清醒)
6476,0,Wake(清醒)
6477,0,Wake(清醒)
6478,0,Wake(清醒)
6479,0,Wake(清醒)
6480,0,Wake(清醒)
6481,0,Wake(清醒)
6482,0,Wake(清醒)
6483,0,Wake(清醒)
6484,0,Wake(清醒)
6485,0,Wake(清醒)
6486,0,Wake(清醒)
6487,0,Wake(清醒)
6488,0,Wake(清醒)
6489,0,Wake(清醒)
6490,0,Wake(清醒)
6491,0,Wake(清醒)
6492,0,Wake(清醒)
6493,0,Wake(清醒)
6494,0,Wake(清醒)
6495,0,Wake(清醒)
6496,0,Wake(清醒)
6497,0,Wake(清醒)
6498,0,Wake(清醒)
6499,0,Wake(清醒)
6500,0,Wake(清醒)
6501,0,Wake(清醒)
6502,0,Wake(清醒)
6503,0,Wake(清醒)
6504,0,Wake(清醒)
6505,0,Wake(清醒)
6506,0,Wake(清醒)
6507,0,Wake(清醒)
6508,0,Wake(清醒)
6509,0,Wake(清醒)
6510,0,Wake(清醒)
6511,0,Wake(清醒)
6512,0,Wake(清醒)
6513,0,Wake(清醒)
6514,0,Wake(清醒)
6515,0,Wake(清醒)
6516,0,Wake(清醒)
6517,0,Wake(清醒)
6518,0,Wake(清醒)
6519,0,Wake(清醒)
6520,0,Wake(清醒)
6521,0,Wake(清醒)
6522,0,Wake(清醒)
6523,0,Wake(清醒)
6524,0,Wake(清醒)
6525,0,Wake(清醒)
6526,0,Wake(清醒)
6527,0,Wake(清醒)
6528,0,Wake(清醒)
6529,0,Wake(清醒)
6530,0,Wake(清醒)
6531,0,Wake(清醒)
6532,0,Wake(清醒)
6533,0,Wake(清醒)
6534,0,Wake(清醒)
6535,0,Wake(清醒)
6536,0,Wake(清醒)
6537,0,Wake(清醒)
6538,0,Wake(清醒)
6539,0,Wake(清醒)
6540,0,Wake(清醒)
6541,0,Wake(清醒)
6542,0,Wake(清醒)
6543,0,Wake(清醒)
6544,0,Wake(清醒)
6545,0,Wake(清醒)
6546,0,Wake(清醒)
6547,0,Wake(清醒)
6548,0,Wake(清醒)
6549,0,Wake(清醒)
6550,0,Wake(清醒)
6551,0,Wake(清醒)
6552,0,Wake(清醒)
6553,0,Wake(清醒)
6554,0,Wake(清醒)
6555,0,Wake(清醒)
6556,0,Wake(清醒)
6557,0,Wake(清醒)
6558,0,Wake(清醒)
6559,0,Wake(清醒)
6560,0,Wake(清醒)
6561,0,Wake(清醒)
6562,0,Wake(清醒)
6563,0,Wake(清醒)
6564,0,Wake(清醒)
6565,0,Wake(清醒)
6566,0,Wake(清醒)
6567,0,Wake(清醒)
6568,0,Wake(清醒)
6569,0,Wake(清醒)
6570,0,Wake(清醒)
6571,0,Wake(清醒)
6572,0,Wake(清醒)
6573,0,Wake(清醒)
6574,0,Wake(清醒)
6575,0,Wake(清醒)
6576,0,Wake(清醒)
6577,0,Wake(清醒)
6578,0,Wake(清醒)
6579,0,Wake(清醒)
6580,0,Wake(清醒)
6581,0,Wake(清醒)
6582,0,Wake(清醒)
6583,0,Wake(清醒)
6584,0,Wake(清醒)
6585,0,Wake(清醒)
6586,0,Wake(清醒)
6587,0,Wake(清醒)
6588,0,Wake(清醒)
6589,0,Wake(清醒)
6590,0,Wake(清醒)
6591,0,Wake(清醒)
6592,0,Wake(清醒)
6593,0,Wake(清醒)
6594,0,Wake(清醒)
6595,0,Wake(清醒)
6596,0,Wake(清醒)
6597,0,Wake(清醒)
6598,0,Wake(清醒)
6599,0,Wake(清醒)
6600,0,Wake(清醒)
