时间段(Epoch),分期阶段代码,对应睡眠状态
1,0,Wake(清醒)
2,0,Wake(清醒)
3,0,Wake(清醒)
4,0,Wake(清醒)
5,0,Wake(清醒)
6,0,Wake(清醒)
7,0,Wake(清醒)
8,0,Wake(清醒)
9,0,Wake(清醒)
10,0,Wake(清醒)
11,0,Wake(清醒)
12,0,Wake(清醒)
13,0,Wake(清醒)
14,0,Wake(清醒)
15,0,Wake(清醒)
16,0,Wake(清醒)
17,0,Wake(清醒)
18,0,Wake(清醒)
19,0,Wake(清醒)
20,0,Wake(清醒)
21,0,Wake(清醒)
22,0,Wake(清醒)
23,0,Wake(清醒)
24,0,Wake(清醒)
25,0,Wake(清醒)
26,0,Wake(清醒)
27,0,Wake(清醒)
28,0,Wake(清醒)
29,0,Wake(清醒)
30,0,Wake(清醒)
31,0,Wake(清醒)
32,0,Wake(清醒)
33,0,Wake(清醒)
34,0,Wake(清醒)
35,0,Wake(清醒)
36,0,Wake(清醒)
37,0,Wake(清醒)
38,0,Wake(清醒)
39,0,Wake(清醒)
40,0,Wake(清醒)
41,0,Wake(清醒)
42,0,Wake(清醒)
43,0,Wake(清醒)
44,0,Wake(清醒)
45,0,Wake(清醒)
46,0,Wake(清醒)
47,0,Wake(清醒)
48,0,Wake(清醒)
49,0,Wake(清醒)
50,0,Wake(清醒)
51,0,Wake(清醒)
52,0,Wake(清醒)
53,0,Wake(清醒)
54,0,Wake(清醒)
55,0,Wake(清醒)
56,0,Wake(清醒)
57,0,Wake(清醒)
58,0,Wake(清醒)
59,0,Wake(清醒)
60,0,Wake(清醒)
61,0,Wake(清醒)
62,0,Wake(清醒)
63,0,Wake(清醒)
64,0,Wake(清醒)
65,0,Wake(清醒)
66,0,Wake(清醒)
67,0,Wake(清醒)
68,0,Wake(清醒)
69,0,Wake(清醒)
70,0,Wake(清醒)
71,0,Wake(清醒)
72,0,Wake(清醒)
73,0,Wake(清醒)
74,0,Wake(清醒)
75,0,Wake(清醒)
76,0,Wake(清醒)
77,0,Wake(清醒)
78,0,Wake(清醒)
79,0,Wake(清醒)
80,0,Wake(清醒)
81,0,Wake(清醒)
82,0,Wake(清醒)
83,0,Wake(清醒)
84,0,Wake(清醒)
85,0,Wake(清醒)
86,0,Wake(清醒)
87,0,Wake(清醒)
88,0,Wake(清醒)
89,0,Wake(清醒)
90,0,Wake(清醒)
91,0,Wake(清醒)
92,0,Wake(清醒)
93,0,Wake(清醒)
94,0,Wake(清醒)
95,0,Wake(清醒)
96,0,Wake(清醒)
97,0,Wake(清醒)
98,0,Wake(清醒)
99,0,Wake(清醒)
100,0,Wake(清醒)
101,0,Wake(清醒)
102,0,Wake(清醒)
103,0,Wake(清醒)
104,0,Wake(清醒)
105,0,Wake(清醒)
106,0,Wake(清醒)
107,0,Wake(清醒)
108,0,Wake(清醒)
109,0,Wake(清醒)
110,0,Wake(清醒)
111,0,Wake(清醒)
112,0,Wake(清醒)
113,0,Wake(清醒)
114,0,Wake(清醒)
115,0,Wake(清醒)
116,0,Wake(清醒)
117,0,Wake(清醒)
118,0,Wake(清醒)
119,0,Wake(清醒)
120,0,Wake(清醒)
121,0,Wake(清醒)
122,0,Wake(清醒)
123,0,Wake(清醒)
124,0,Wake(清醒)
125,0,Wake(清醒)
126,0,Wake(清醒)
127,0,Wake(清醒)
128,0,Wake(清醒)
129,0,Wake(清醒)
130,0,Wake(清醒)
131,0,Wake(清醒)
132,0,Wake(清醒)
133,0,Wake(清醒)
134,0,Wake(清醒)
135,0,Wake(清醒)
136,0,Wake(清醒)
137,0,Wake(清醒)
138,0,Wake(清醒)
139,0,Wake(清醒)
140,0,Wake(清醒)
141,0,Wake(清醒)
142,0,Wake(清醒)
143,0,Wake(清醒)
144,0,Wake(清醒)
145,0,Wake(清醒)
146,0,Wake(清醒)
147,0,Wake(清醒)
148,0,Wake(清醒)
149,0,Wake(清醒)
150,0,Wake(清醒)
151,0,Wake(清醒)
152,0,Wake(清醒)
153,0,Wake(清醒)
154,0,Wake(清醒)
155,0,Wake(清醒)
156,0,Wake(清醒)
157,0,Wake(清醒)
158,0,Wake(清醒)
159,0,Wake(清醒)
160,0,Wake(清醒)
161,0,Wake(清醒)
162,0,Wake(清醒)
163,0,Wake(清醒)
164,0,Wake(清醒)
165,0,Wake(清醒)
166,0,Wake(清醒)
167,0,Wake(清醒)
168,0,Wake(清醒)
169,0,Wake(清醒)
170,0,Wake(清醒)
171,0,Wake(清醒)
172,0,Wake(清醒)
173,0,Wake(清醒)
174,0,Wake(清醒)
175,0,Wake(清醒)
176,0,Wake(清醒)
177,0,Wake(清醒)
178,0,Wake(清醒)
179,0,Wake(清醒)
180,0,Wake(清醒)
181,0,Wake(清醒)
182,0,Wake(清醒)
183,0,Wake(清醒)
184,0,Wake(清醒)
185,0,Wake(清醒)
186,0,Wake(清醒)
187,0,Wake(清醒)
188,0,Wake(清醒)
189,0,Wake(清醒)
190,0,Wake(清醒)
191,0,Wake(清醒)
192,0,Wake(清醒)
193,0,Wake(清醒)
194,0,Wake(清醒)
195,0,Wake(清醒)
196,0,Wake(清醒)
197,0,Wake(清醒)
198,0,Wake(清醒)
199,0,Wake(清醒)
200,0,Wake(清醒)
201,0,Wake(清醒)
202,0,Wake(清醒)
203,0,Wake(清醒)
204,0,Wake(清醒)
205,0,Wake(清醒)
206,0,Wake(清醒)
207,0,Wake(清醒)
208,0,Wake(清醒)
209,0,Wake(清醒)
210,0,Wake(清醒)
211,0,Wake(清醒)
212,0,Wake(清醒)
213,0,Wake(清醒)
214,0,Wake(清醒)
215,0,Wake(清醒)
216,0,Wake(清醒)
217,0,Wake(清醒)
218,0,Wake(清醒)
219,0,Wake(清醒)
220,0,Wake(清醒)
221,0,Wake(清醒)
222,0,Wake(清醒)
223,0,Wake(清醒)
224,0,Wake(清醒)
225,0,Wake(清醒)
226,0,Wake(清醒)
227,0,Wake(清醒)
228,0,Wake(清醒)
229,0,Wake(清醒)
230,0,Wake(清醒)
231,0,Wake(清醒)
232,0,Wake(清醒)
233,0,Wake(清醒)
234,0,Wake(清醒)
235,0,Wake(清醒)
236,0,Wake(清醒)
237,0,Wake(清醒)
238,0,Wake(清醒)
239,0,Wake(清醒)
240,0,Wake(清醒)
241,0,Wake(清醒)
242,0,Wake(清醒)
243,0,Wake(清醒)
244,0,Wake(清醒)
245,0,Wake(清醒)
246,0,Wake(清醒)
247,0,Wake(清醒)
248,0,Wake(清醒)
249,0,Wake(清醒)
250,0,Wake(清醒)
251,0,Wake(清醒)
252,0,Wake(清醒)
253,0,Wake(清醒)
254,0,Wake(清醒)
255,0,Wake(清醒)
256,0,Wake(清醒)
257,0,Wake(清醒)
258,0,Wake(清醒)
259,0,Wake(清醒)
260,0,Wake(清醒)
261,0,Wake(清醒)
262,0,Wake(清醒)
263,0,Wake(清醒)
264,0,Wake(清醒)
265,0,Wake(清醒)
266,0,Wake(清醒)
267,0,Wake(清醒)
268,0,Wake(清醒)
269,0,Wake(清醒)
270,0,Wake(清醒)
271,0,Wake(清醒)
272,0,Wake(清醒)
273,0,Wake(清醒)
274,0,Wake(清醒)
275,0,Wake(清醒)
276,0,Wake(清醒)
277,0,Wake(清醒)
278,0,Wake(清醒)
279,0,Wake(清醒)
280,0,Wake(清醒)
281,0,Wake(清醒)
282,0,Wake(清醒)
283,0,Wake(清醒)
284,0,Wake(清醒)
285,0,Wake(清醒)
286,0,Wake(清醒)
287,0,Wake(清醒)
288,0,Wake(清醒)
289,0,Wake(清醒)
290,0,Wake(清醒)
291,0,Wake(清醒)
292,0,Wake(清醒)
293,0,Wake(清醒)
294,0,Wake(清醒)
295,0,Wake(清醒)
296,0,Wake(清醒)
297,0,Wake(清醒)
298,0,Wake(清醒)
299,0,Wake(清醒)
300,0,Wake(清醒)
301,0,Wake(清醒)
302,0,Wake(清醒)
303,0,Wake(清醒)
304,0,Wake(清醒)
305,0,Wake(清醒)
306,0,Wake(清醒)
307,0,Wake(清醒)
308,0,Wake(清醒)
309,0,Wake(清醒)
310,0,Wake(清醒)
311,0,Wake(清醒)
312,0,Wake(清醒)
313,0,Wake(清醒)
314,0,Wake(清醒)
315,0,Wake(清醒)
316,0,Wake(清醒)
317,0,Wake(清醒)
318,0,Wake(清醒)
319,0,Wake(清醒)
320,0,Wake(清醒)
321,0,Wake(清醒)
322,0,Wake(清醒)
323,0,Wake(清醒)
324,0,Wake(清醒)
325,0,Wake(清醒)
326,0,Wake(清醒)
327,0,Wake(清醒)
328,0,Wake(清醒)
329,0,Wake(清醒)
330,0,Wake(清醒)
331,0,Wake(清醒)
332,0,Wake(清醒)
333,0,Wake(清醒)
334,0,Wake(清醒)
335,0,Wake(清醒)
336,0,Wake(清醒)
337,0,Wake(清醒)
338,0,Wake(清醒)
339,0,Wake(清醒)
340,0,Wake(清醒)
341,0,Wake(清醒)
342,0,Wake(清醒)
343,0,Wake(清醒)
344,0,Wake(清醒)
345,0,Wake(清醒)
346,0,Wake(清醒)
347,0,Wake(清醒)
348,0,Wake(清醒)
349,0,Wake(清醒)
350,0,Wake(清醒)
351,0,Wake(清醒)
352,0,Wake(清醒)
353,0,Wake(清醒)
354,0,Wake(清醒)
355,0,Wake(清醒)
356,0,Wake(清醒)
357,0,Wake(清醒)
358,0,Wake(清醒)
359,0,Wake(清醒)
360,0,Wake(清醒)
361,0,Wake(清醒)
362,0,Wake(清醒)
363,0,Wake(清醒)
364,0,Wake(清醒)
365,0,Wake(清醒)
366,0,Wake(清醒)
367,0,Wake(清醒)
368,0,Wake(清醒)
369,0,Wake(清醒)
370,0,Wake(清醒)
371,0,Wake(清醒)
372,0,Wake(清醒)
373,0,Wake(清醒)
374,0,Wake(清醒)
375,0,Wake(清醒)
376,0,Wake(清醒)
377,0,Wake(清醒)
378,0,Wake(清醒)
379,0,Wake(清醒)
380,0,Wake(清醒)
381,0,Wake(清醒)
382,0,Wake(清醒)
383,0,Wake(清醒)
384,0,Wake(清醒)
385,0,Wake(清醒)
386,0,Wake(清醒)
387,0,Wake(清醒)
388,0,Wake(清醒)
389,0,Wake(清醒)
390,0,Wake(清醒)
391,0,Wake(清醒)
392,0,Wake(清醒)
393,0,Wake(清醒)
394,0,Wake(清醒)
395,0,Wake(清醒)
396,0,Wake(清醒)
397,0,Wake(清醒)
398,0,Wake(清醒)
399,0,Wake(清醒)
400,0,Wake(清醒)
401,0,Wake(清醒)
402,0,Wake(清醒)
403,0,Wake(清醒)
404,0,Wake(清醒)
405,0,Wake(清醒)
406,0,Wake(清醒)
407,0,Wake(清醒)
408,0,Wake(清醒)
409,0,Wake(清醒)
410,0,Wake(清醒)
411,0,Wake(清醒)
412,0,Wake(清醒)
413,0,Wake(清醒)
414,0,Wake(清醒)
415,0,Wake(清醒)
416,0,Wake(清醒)
417,0,Wake(清醒)
418,0,Wake(清醒)
419,0,Wake(清醒)
420,0,Wake(清醒)
421,0,Wake(清醒)
422,0,Wake(清醒)
423,0,Wake(清醒)
424,0,Wake(清醒)
425,0,Wake(清醒)
426,0,Wake(清醒)
427,0,Wake(清醒)
428,0,Wake(清醒)
429,0,Wake(清醒)
430,0,Wake(清醒)
431,0,Wake(清醒)
432,0,Wake(清醒)
433,0,Wake(清醒)
434,0,Wake(清醒)
435,0,Wake(清醒)
436,0,Wake(清醒)
437,0,Wake(清醒)
438,0,Wake(清醒)
439,0,Wake(清醒)
440,0,Wake(清醒)
441,0,Wake(清醒)
442,0,Wake(清醒)
443,0,Wake(清醒)
444,0,Wake(清醒)
445,0,Wake(清醒)
446,0,Wake(清醒)
447,0,Wake(清醒)
448,0,Wake(清醒)
449,0,Wake(清醒)
450,0,Wake(清醒)
451,0,Wake(清醒)
452,0,Wake(清醒)
453,0,Wake(清醒)
454,0,Wake(清醒)
455,0,Wake(清醒)
456,0,Wake(清醒)
457,0,Wake(清醒)
458,0,Wake(清醒)
459,0,Wake(清醒)
460,0,Wake(清醒)
461,0,Wake(清醒)
462,0,Wake(清醒)
463,0,Wake(清醒)
464,0,Wake(清醒)
465,0,Wake(清醒)
466,0,Wake(清醒)
467,0,Wake(清醒)
468,0,Wake(清醒)
469,0,Wake(清醒)
470,0,Wake(清醒)
471,0,Wake(清醒)
472,0,Wake(清醒)
473,0,Wake(清醒)
474,0,Wake(清醒)
475,0,Wake(清醒)
476,0,Wake(清醒)
477,0,Wake(清醒)
478,0,Wake(清醒)
479,0,Wake(清醒)
480,0,Wake(清醒)
481,0,Wake(清醒)
482,0,Wake(清醒)
483,0,Wake(清醒)
484,0,Wake(清醒)
485,0,Wake(清醒)
486,0,Wake(清醒)
487,0,Wake(清醒)
488,0,Wake(清醒)
489,0,Wake(清醒)
490,0,Wake(清醒)
491,0,Wake(清醒)
492,0,Wake(清醒)
493,0,Wake(清醒)
494,0,Wake(清醒)
495,0,Wake(清醒)
496,0,Wake(清醒)
497,0,Wake(清醒)
498,0,Wake(清醒)
499,0,Wake(清醒)
500,0,Wake(清醒)
501,0,Wake(清醒)
502,0,Wake(清醒)
503,0,Wake(清醒)
504,0,Wake(清醒)
505,0,Wake(清醒)
506,0,Wake(清醒)
507,0,Wake(清醒)
508,0,Wake(清醒)
509,0,Wake(清醒)
510,0,Wake(清醒)
511,0,Wake(清醒)
512,0,Wake(清醒)
513,0,Wake(清醒)
514,0,Wake(清醒)
515,0,Wake(清醒)
516,0,Wake(清醒)
517,0,Wake(清醒)
518,0,Wake(清醒)
519,0,Wake(清醒)
520,0,Wake(清醒)
521,0,Wake(清醒)
522,0,Wake(清醒)
523,0,Wake(清醒)
524,0,Wake(清醒)
525,0,Wake(清醒)
526,0,Wake(清醒)
527,0,Wake(清醒)
528,0,Wake(清醒)
529,0,Wake(清醒)
530,0,Wake(清醒)
531,0,Wake(清醒)
532,0,Wake(清醒)
533,0,Wake(清醒)
534,0,Wake(清醒)
535,0,Wake(清醒)
536,0,Wake(清醒)
537,0,Wake(清醒)
538,0,Wake(清醒)
539,0,Wake(清醒)
540,0,Wake(清醒)
541,0,Wake(清醒)
542,0,Wake(清醒)
543,0,Wake(清醒)
544,0,Wake(清醒)
545,0,Wake(清醒)
546,0,Wake(清醒)
547,0,Wake(清醒)
548,0,Wake(清醒)
549,0,Wake(清醒)
550,0,Wake(清醒)
551,0,Wake(清醒)
552,0,Wake(清醒)
553,0,Wake(清醒)
554,0,Wake(清醒)
555,0,Wake(清醒)
556,0,Wake(清醒)
557,0,Wake(清醒)
558,0,Wake(清醒)
559,0,Wake(清醒)
560,0,Wake(清醒)
561,0,Wake(清醒)
562,0,Wake(清醒)
563,0,Wake(清醒)
564,0,Wake(清醒)
565,0,Wake(清醒)
566,0,Wake(清醒)
567,0,Wake(清醒)
568,0,Wake(清醒)
569,0,Wake(清醒)
570,0,Wake(清醒)
571,0,Wake(清醒)
572,0,Wake(清醒)
573,0,Wake(清醒)
574,0,Wake(清醒)
575,0,Wake(清醒)
576,0,Wake(清醒)
577,0,Wake(清醒)
578,0,Wake(清醒)
579,0,Wake(清醒)
580,0,Wake(清醒)
581,0,Wake(清醒)
582,0,Wake(清醒)
583,0,Wake(清醒)
584,0,Wake(清醒)
585,0,Wake(清醒)
586,0,Wake(清醒)
587,0,Wake(清醒)
588,0,Wake(清醒)
589,0,Wake(清醒)
590,0,Wake(清醒)
591,0,Wake(清醒)
592,0,Wake(清醒)
593,0,Wake(清醒)
594,0,Wake(清醒)
595,0,Wake(清醒)
596,0,Wake(清醒)
597,0,Wake(清醒)
598,0,Wake(清醒)
599,0,Wake(清醒)
600,0,Wake(清醒)
601,0,Wake(清醒)
602,0,Wake(清醒)
603,0,Wake(清醒)
604,0,Wake(清醒)
605,0,Wake(清醒)
606,0,Wake(清醒)
607,0,Wake(清醒)
608,0,Wake(清醒)
609,0,Wake(清醒)
610,0,Wake(清醒)
611,0,Wake(清醒)
612,0,Wake(清醒)
613,0,Wake(清醒)
614,0,Wake(清醒)
615,0,Wake(清醒)
616,0,Wake(清醒)
617,0,Wake(清醒)
618,0,Wake(清醒)
619,0,Wake(清醒)
620,0,Wake(清醒)
621,0,Wake(清醒)
622,0,Wake(清醒)
623,0,Wake(清醒)
624,0,Wake(清醒)
625,0,Wake(清醒)
626,0,Wake(清醒)
627,0,Wake(清醒)
628,0,Wake(清醒)
629,0,Wake(清醒)
630,0,Wake(清醒)
631,0,Wake(清醒)
632,0,Wake(清醒)
633,0,Wake(清醒)
634,0,Wake(清醒)
635,0,Wake(清醒)
636,0,Wake(清醒)
637,0,Wake(清醒)
638,0,Wake(清醒)
639,0,Wake(清醒)
640,0,Wake(清醒)
641,0,Wake(清醒)
642,0,Wake(清醒)
643,0,Wake(清醒)
644,0,Wake(清醒)
645,0,Wake(清醒)
646,0,Wake(清醒)
647,0,Wake(清醒)
648,0,Wake(清醒)
649,0,Wake(清醒)
650,0,Wake(清醒)
651,0,Wake(清醒)
652,0,Wake(清醒)
653,0,Wake(清醒)
654,0,Wake(清醒)
655,0,Wake(清醒)
656,0,Wake(清醒)
657,0,Wake(清醒)
658,0,Wake(清醒)
659,0,Wake(清醒)
660,0,Wake(清醒)
661,0,Wake(清醒)
662,0,Wake(清醒)
663,0,Wake(清醒)
664,0,Wake(清醒)
665,0,Wake(清醒)
666,0,Wake(清醒)
667,0,Wake(清醒)
668,0,Wake(清醒)
669,0,Wake(清醒)
670,0,Wake(清醒)
671,0,Wake(清醒)
672,0,Wake(清醒)
673,0,Wake(清醒)
674,0,Wake(清醒)
675,0,Wake(清醒)
676,0,Wake(清醒)
677,0,Wake(清醒)
678,0,Wake(清醒)
679,0,Wake(清醒)
680,0,Wake(清醒)
681,0,Wake(清醒)
682,0,Wake(清醒)
683,0,Wake(清醒)
684,0,Wake(清醒)
685,0,Wake(清醒)
686,0,Wake(清醒)
687,0,Wake(清醒)
688,0,Wake(清醒)
689,0,Wake(清醒)
690,0,Wake(清醒)
691,0,Wake(清醒)
692,0,Wake(清醒)
693,0,Wake(清醒)
694,0,Wake(清醒)
695,0,Wake(清醒)
696,0,Wake(清醒)
697,0,Wake(清醒)
698,0,Wake(清醒)
699,0,Wake(清醒)
700,0,Wake(清醒)
701,0,Wake(清醒)
702,0,Wake(清醒)
703,0,Wake(清醒)
704,0,Wake(清醒)
705,0,Wake(清醒)
706,0,Wake(清醒)
707,0,Wake(清醒)
708,0,Wake(清醒)
709,0,Wake(清醒)
710,0,Wake(清醒)
711,0,Wake(清醒)
712,0,Wake(清醒)
713,0,Wake(清醒)
714,0,Wake(清醒)
715,0,Wake(清醒)
716,0,Wake(清醒)
717,0,Wake(清醒)
718,0,Wake(清醒)
719,0,Wake(清醒)
720,0,Wake(清醒)
721,0,Wake(清醒)
722,0,Wake(清醒)
723,0,Wake(清醒)
724,0,Wake(清醒)
725,0,Wake(清醒)
726,0,Wake(清醒)
727,0,Wake(清醒)
728,0,Wake(清醒)
729,0,Wake(清醒)
730,0,Wake(清醒)
731,0,Wake(清醒)
732,0,Wake(清醒)
733,0,Wake(清醒)
734,0,Wake(清醒)
735,0,Wake(清醒)
736,0,Wake(清醒)
737,0,Wake(清醒)
738,0,Wake(清醒)
739,0,Wake(清醒)
740,0,Wake(清醒)
741,0,Wake(清醒)
742,0,Wake(清醒)
743,0,Wake(清醒)
744,0,Wake(清醒)
745,0,Wake(清醒)
746,0,Wake(清醒)
747,0,Wake(清醒)
748,0,Wake(清醒)
749,0,Wake(清醒)
750,0,Wake(清醒)
751,0,Wake(清醒)
752,0,Wake(清醒)
753,0,Wake(清醒)
754,0,Wake(清醒)
755,0,Wake(清醒)
756,0,Wake(清醒)
757,0,Wake(清醒)
758,0,Wake(清醒)
759,0,Wake(清醒)
760,0,Wake(清醒)
761,0,Wake(清醒)
762,0,Wake(清醒)
763,0,Wake(清醒)
764,0,Wake(清醒)
765,0,Wake(清醒)
766,0,Wake(清醒)
767,0,Wake(清醒)
768,0,Wake(清醒)
769,0,Wake(清醒)
770,0,Wake(清醒)
771,0,Wake(清醒)
772,0,Wake(清醒)
773,0,Wake(清醒)
774,0,Wake(清醒)
775,0,Wake(清醒)
776,0,Wake(清醒)
777,0,Wake(清醒)
778,0,Wake(清醒)
779,0,Wake(清醒)
780,0,Wake(清醒)
781,0,Wake(清醒)
782,0,Wake(清醒)
783,0,Wake(清醒)
784,0,Wake(清醒)
785,0,Wake(清醒)
786,0,Wake(清醒)
787,0,Wake(清醒)
788,0,Wake(清醒)
789,0,Wake(清醒)
790,0,Wake(清醒)
791,0,Wake(清醒)
792,0,Wake(清醒)
793,0,Wake(清醒)
794,0,Wake(清醒)
795,0,Wake(清醒)
796,0,Wake(清醒)
797,0,Wake(清醒)
798,0,Wake(清醒)
799,0,Wake(清醒)
800,0,Wake(清醒)
801,0,Wake(清醒)
802,0,Wake(清醒)
803,0,Wake(清醒)
804,0,Wake(清醒)
805,0,Wake(清醒)
806,0,Wake(清醒)
807,0,Wake(清醒)
808,0,Wake(清醒)
809,0,Wake(清醒)
810,0,Wake(清醒)
811,0,Wake(清醒)
812,0,Wake(清醒)
813,0,Wake(清醒)
814,0,Wake(清醒)
815,0,Wake(清醒)
816,0,Wake(清醒)
817,0,Wake(清醒)
818,0,Wake(清醒)
819,0,Wake(清醒)
820,0,Wake(清醒)
821,0,Wake(清醒)
822,0,Wake(清醒)
823,0,Wake(清醒)
824,0,Wake(清醒)
825,0,Wake(清醒)
826,0,Wake(清醒)
827,0,Wake(清醒)
828,0,Wake(清醒)
829,0,Wake(清醒)
830,0,Wake(清醒)
831,0,Wake(清醒)
832,0,Wake(清醒)
833,0,Wake(清醒)
834,0,Wake(清醒)
835,0,Wake(清醒)
836,0,Wake(清醒)
837,0,Wake(清醒)
838,0,Wake(清醒)
839,0,Wake(清醒)
840,0,Wake(清醒)
841,0,Wake(清醒)
842,0,Wake(清醒)
843,0,Wake(清醒)
844,0,Wake(清醒)
845,0,Wake(清醒)
846,0,Wake(清醒)
847,0,Wake(清醒)
848,0,Wake(清醒)
849,0,Wake(清醒)
850,0,Wake(清醒)
851,0,Wake(清醒)
852,0,Wake(清醒)
853,0,Wake(清醒)
854,0,Wake(清醒)
855,0,Wake(清醒)
856,0,Wake(清醒)
857,0,Wake(清醒)
858,0,Wake(清醒)
859,0,Wake(清醒)
860,0,Wake(清醒)
861,0,Wake(清醒)
862,0,Wake(清醒)
863,0,Wake(清醒)
864,0,Wake(清醒)
865,0,Wake(清醒)
866,0,Wake(清醒)
867,0,Wake(清醒)
868,0,Wake(清醒)
869,0,Wake(清醒)
870,0,Wake(清醒)
871,0,Wake(清醒)
872,0,Wake(清醒)
873,0,Wake(清醒)
874,0,Wake(清醒)
875,0,Wake(清醒)
876,0,Wake(清醒)
877,0,Wake(清醒)
878,0,Wake(清醒)
879,0,Wake(清醒)
880,0,Wake(清醒)
881,0,Wake(清醒)
882,0,Wake(清醒)
883,0,Wake(清醒)
884,0,Wake(清醒)
885,0,Wake(清醒)
886,0,Wake(清醒)
887,0,Wake(清醒)
888,0,Wake(清醒)
889,0,Wake(清醒)
890,0,Wake(清醒)
891,0,Wake(清醒)
892,0,Wake(清醒)
893,0,Wake(清醒)
894,0,Wake(清醒)
895,0,Wake(清醒)
896,0,Wake(清醒)
897,0,Wake(清醒)
898,0,Wake(清醒)
899,0,Wake(清醒)
900,0,Wake(清醒)
901,0,Wake(清醒)
902,0,Wake(清醒)
903,0,Wake(清醒)
904,0,Wake(清醒)
905,0,Wake(清醒)
906,0,Wake(清醒)
907,0,Wake(清醒)
908,0,Wake(清醒)
909,0,Wake(清醒)
910,0,Wake(清醒)
911,0,Wake(清醒)
912,0,Wake(清醒)
913,0,Wake(清醒)
914,0,Wake(清醒)
915,0,Wake(清醒)
916,0,Wake(清醒)
917,0,Wake(清醒)
918,0,Wake(清醒)
919,0,Wake(清醒)
920,0,Wake(清醒)
921,0,Wake(清醒)
922,0,Wake(清醒)
923,0,Wake(清醒)
924,0,Wake(清醒)
925,0,Wake(清醒)
926,0,Wake(清醒)
927,0,Wake(清醒)
928,0,Wake(清醒)
929,0,Wake(清醒)
930,0,Wake(清醒)
931,0,Wake(清醒)
932,0,Wake(清醒)
933,0,Wake(清醒)
934,0,Wake(清醒)
935,0,Wake(清醒)
936,0,Wake(清醒)
937,0,Wake(清醒)
938,0,Wake(清醒)
939,0,Wake(清醒)
940,0,Wake(清醒)
941,0,Wake(清醒)
942,0,Wake(清醒)
943,0,Wake(清醒)
944,0,Wake(清醒)
945,0,Wake(清醒)
946,0,Wake(清醒)
947,0,Wake(清醒)
948,0,Wake(清醒)
949,0,Wake(清醒)
950,0,Wake(清醒)
951,0,Wake(清醒)
952,0,Wake(清醒)
953,0,Wake(清醒)
954,0,Wake(清醒)
955,0,Wake(清醒)
956,0,Wake(清醒)
957,0,Wake(清醒)
958,0,Wake(清醒)
959,0,Wake(清醒)
960,0,Wake(清醒)
961,0,Wake(清醒)
962,0,Wake(清醒)
963,0,Wake(清醒)
964,0,Wake(清醒)
965,0,Wake(清醒)
966,0,Wake(清醒)
967,0,Wake(清醒)
968,0,Wake(清醒)
969,0,Wake(清醒)
970,0,Wake(清醒)
971,0,Wake(清醒)
972,0,Wake(清醒)
973,0,Wake(清醒)
974,0,Wake(清醒)
975,0,Wake(清醒)
976,0,Wake(清醒)
977,0,Wake(清醒)
978,0,Wake(清醒)
979,0,Wake(清醒)
980,0,Wake(清醒)
981,0,Wake(清醒)
982,0,Wake(清醒)
983,0,Wake(清醒)
984,0,Wake(清醒)
985,0,Wake(清醒)
986,0,Wake(清醒)
987,0,Wake(清醒)
988,0,Wake(清醒)
989,0,Wake(清醒)
990,0,Wake(清醒)
991,0,Wake(清醒)
992,0,Wake(清醒)
993,0,Wake(清醒)
994,0,Wake(清醒)
995,0,Wake(清醒)
996,0,Wake(清醒)
997,0,Wake(清醒)
998,0,Wake(清醒)
999,0,Wake(清醒)
1000,0,Wake(清醒)
1001,0,Wake(清醒)
1002,0,Wake(清醒)
1003,0,Wake(清醒)
1004,0,Wake(清醒)
1005,0,Wake(清醒)
1006,0,Wake(清醒)
1007,0,Wake(清醒)
1008,0,Wake(清醒)
1009,0,Wake(清醒)
1010,0,Wake(清醒)
1011,0,Wake(清醒)
1012,0,Wake(清醒)
1013,0,Wake(清醒)
1014,0,Wake(清醒)
1015,0,Wake(清醒)
1016,0,Wake(清醒)
1017,0,Wake(清醒)
1018,0,Wake(清醒)
1019,0,Wake(清醒)
1020,0,Wake(清醒)
1021,0,Wake(清醒)
1022,0,Wake(清醒)
1023,0,Wake(清醒)
1024,0,Wake(清醒)
1025,0,Wake(清醒)
1026,0,Wake(清醒)
1027,0,Wake(清醒)
1028,0,Wake(清醒)
1029,0,Wake(清醒)
1030,0,Wake(清醒)
1031,0,Wake(清醒)
1032,0,Wake(清醒)
1033,0,Wake(清醒)
1034,0,Wake(清醒)
1035,0,Wake(清醒)
1036,0,Wake(清醒)
1037,0,Wake(清醒)
1038,0,Wake(清醒)
1039,0,Wake(清醒)
1040,0,Wake(清醒)
1041,0,Wake(清醒)
1042,0,Wake(清醒)
1043,0,Wake(清醒)
1044,0,Wake(清醒)
1045,0,Wake(清醒)
1046,0,Wake(清醒)
1047,0,Wake(清醒)
1048,0,Wake(清醒)
1049,0,Wake(清醒)
1050,0,Wake(清醒)
1051,0,Wake(清醒)
1052,0,Wake(清醒)
1053,0,Wake(清醒)
1054,0,Wake(清醒)
1055,0,Wake(清醒)
1056,0,Wake(清醒)
1057,0,Wake(清醒)
1058,0,Wake(清醒)
1059,0,Wake(清醒)
1060,0,Wake(清醒)
1061,0,Wake(清醒)
1062,0,Wake(清醒)
1063,0,Wake(清醒)
1064,0,Wake(清醒)
1065,0,Wake(清醒)
1066,0,Wake(清醒)
1067,0,Wake(清醒)
1068,0,Wake(清醒)
1069,0,Wake(清醒)
1070,0,Wake(清醒)
1071,0,Wake(清醒)
1072,0,Wake(清醒)
1073,0,Wake(清醒)
1074,0,Wake(清醒)
1075,0,Wake(清醒)
1076,0,Wake(清醒)
1077,0,Wake(清醒)
1078,0,Wake(清醒)
1079,0,Wake(清醒)
1080,0,Wake(清醒)
1081,0,Wake(清醒)
1082,0,Wake(清醒)
1083,0,Wake(清醒)
1084,0,Wake(清醒)
1085,0,Wake(清醒)
1086,0,Wake(清醒)
1087,0,Wake(清醒)
1088,0,Wake(清醒)
1089,0,Wake(清醒)
1090,0,Wake(清醒)
1091,0,Wake(清醒)
1092,0,Wake(清醒)
1093,0,Wake(清醒)
1094,0,Wake(清醒)
1095,0,Wake(清醒)
1096,0,Wake(清醒)
1097,0,Wake(清醒)
1098,0,Wake(清醒)
1099,0,Wake(清醒)
1100,0,Wake(清醒)
1101,0,Wake(清醒)
1102,0,Wake(清醒)
1103,0,Wake(清醒)
1104,0,Wake(清醒)
1105,0,Wake(清醒)
1106,0,Wake(清醒)
1107,0,Wake(清醒)
1108,0,Wake(清醒)
1109,0,Wake(清醒)
1110,0,Wake(清醒)
1111,0,Wake(清醒)
1112,0,Wake(清醒)
1113,0,Wake(清醒)
1114,0,Wake(清醒)
1115,0,Wake(清醒)
1116,0,Wake(清醒)
1117,0,Wake(清醒)
1118,0,Wake(清醒)
1119,0,Wake(清醒)
1120,0,Wake(清醒)
1121,0,Wake(清醒)
1122,0,Wake(清醒)
1123,0,Wake(清醒)
1124,0,Wake(清醒)
1125,0,Wake(清醒)
1126,0,Wake(清醒)
1127,0,Wake(清醒)
1128,0,Wake(清醒)
1129,0,Wake(清醒)
1130,0,Wake(清醒)
1131,0,Wake(清醒)
1132,0,Wake(清醒)
1133,0,Wake(清醒)
1134,0,Wake(清醒)
1135,0,Wake(清醒)
1136,0,Wake(清醒)
1137,0,Wake(清醒)
1138,0,Wake(清醒)
1139,0,Wake(清醒)
1140,0,Wake(清醒)
1141,0,Wake(清醒)
1142,0,Wake(清醒)
1143,0,Wake(清醒)
1144,0,Wake(清醒)
1145,0,Wake(清醒)
1146,0,Wake(清醒)
1147,0,Wake(清醒)
1148,0,Wake(清醒)
1149,0,Wake(清醒)
1150,0,Wake(清醒)
1151,0,Wake(清醒)
1152,0,Wake(清醒)
1153,0,Wake(清醒)
1154,0,Wake(清醒)
1155,0,Wake(清醒)
1156,0,Wake(清醒)
1157,0,Wake(清醒)
1158,0,Wake(清醒)
1159,0,Wake(清醒)
1160,0,Wake(清醒)
1161,0,Wake(清醒)
1162,0,Wake(清醒)
1163,0,Wake(清醒)
1164,0,Wake(清醒)
1165,0,Wake(清醒)
1166,0,Wake(清醒)
1167,0,Wake(清醒)
1168,0,Wake(清醒)
1169,0,Wake(清醒)
1170,0,Wake(清醒)
1171,0,Wake(清醒)
1172,0,Wake(清醒)
1173,0,Wake(清醒)
1174,0,Wake(清醒)
1175,0,Wake(清醒)
1176,0,Wake(清醒)
1177,0,Wake(清醒)
1178,0,Wake(清醒)
1179,0,Wake(清醒)
1180,1,Stage 1(浅睡1)
1181,1,Stage 1(浅睡1)
1182,1,Stage 1(浅睡1)
1183,1,Stage 1(浅睡1)
1184,0,Wake(清醒)
1185,1,Stage 1(浅睡1)
1186,1,Stage 1(浅睡1)
1187,1,Stage 1(浅睡1)
1188,1,Stage 1(浅睡1)
1189,1,Stage 1(浅睡1)
1190,1,Stage 1(浅睡1)
1191,1,Stage 1(浅睡1)
1192,1,Stage 1(浅睡1)
1193,1,Stage 1(浅睡1)
1194,1,Stage 1(浅睡1)
1195,1,Stage 1(浅睡1)
1196,1,Stage 1(浅睡1)
1197,1,Stage 1(浅睡1)
1198,1,Stage 1(浅睡1)
1199,1,Stage 1(浅睡1)
1200,1,Stage 1(浅睡1)
1201,1,Stage 1(浅睡1)
1202,1,Stage 1(浅睡1)
1203,1,Stage 1(浅睡1)
1204,1,Stage 1(浅睡1)
1205,1,Stage 1(浅睡1)
1206,1,Stage 1(浅睡1)
1207,1,Stage 1(浅睡1)
1208,1,Stage 1(浅睡1)
1209,1,Stage 1(浅睡1)
1210,1,Stage 1(浅睡1)
1211,1,Stage 1(浅睡1)
1212,1,Stage 1(浅睡1)
1213,1,Stage 1(浅睡1)
1214,1,Stage 1(浅睡1)
1215,1,Stage 1(浅睡1)
1216,1,Stage 1(浅睡1)
1217,1,Stage 1(浅睡1)
1218,1,Stage 1(浅睡1)
1219,1,Stage 1(浅睡1)
1220,1,Stage 1(浅睡1)
1221,1,Stage 1(浅睡1)
1222,1,Stage 1(浅睡1)
1223,2,Stage 2(浅睡2)
1224,2,Stage 2(浅睡2)
1225,2,Stage 2(浅睡2)
1226,1,Stage 1(浅睡1)
1227,2,Stage 2(浅睡2)
1228,2,Stage 2(浅睡2)
1229,2,Stage 2(浅睡2)
1230,2,Stage 2(浅睡2)
1231,2,Stage 2(浅睡2)
1232,2,Stage 2(浅睡2)
1233,2,Stage 2(浅睡2)
1234,1,Stage 1(浅睡1)
1235,1,Stage 1(浅睡1)
1236,1,Stage 1(浅睡1)
1237,1,Stage 1(浅睡1)
1238,2,Stage 2(浅睡2)
1239,1,Stage 1(浅睡1)
1240,1,Stage 1(浅睡1)
1241,1,Stage 1(浅睡1)
1242,1,Stage 1(浅睡1)
1243,2,Stage 2(浅睡2)
1244,2,Stage 2(浅睡2)
1245,2,Stage 2(浅睡2)
1246,1,Stage 1(浅睡1)
1247,1,Stage 1(浅睡1)
1248,1,Stage 1(浅睡1)
1249,2,Stage 2(浅睡2)
1250,2,Stage 2(浅睡2)
1251,2,Stage 2(浅睡2)
1252,2,Stage 2(浅睡2)
1253,2,Stage 2(浅睡2)
1254,2,Stage 2(浅睡2)
1255,2,Stage 2(浅睡2)
1256,2,Stage 2(浅睡2)
1257,2,Stage 2(浅睡2)
1258,2,Stage 2(浅睡2)
1259,2,Stage 2(浅睡2)
1260,2,Stage 2(浅睡2)
1261,2,Stage 2(浅睡2)
1262,2,Stage 2(浅睡2)
1263,2,Stage 2(浅睡2)
1264,2,Stage 2(浅睡2)
1265,2,Stage 2(浅睡2)
1266,2,Stage 2(浅睡2)
1267,2,Stage 2(浅睡2)
1268,2,Stage 2(浅睡2)
1269,2,Stage 2(浅睡2)
1270,2,Stage 2(浅睡2)
1271,2,Stage 2(浅睡2)
1272,2,Stage 2(浅睡2)
1273,2,Stage 2(浅睡2)
1274,2,Stage 2(浅睡2)
1275,2,Stage 2(浅睡2)
1276,2,Stage 2(浅睡2)
1277,2,Stage 2(浅睡2)
1278,2,Stage 2(浅睡2)
1279,2,Stage 2(浅睡2)
1280,2,Stage 2(浅睡2)
1281,2,Stage 2(浅睡2)
1282,2,Stage 2(浅睡2)
1283,2,Stage 2(浅睡2)
1284,2,Stage 2(浅睡2)
1285,2,Stage 2(浅睡2)
1286,2,Stage 2(浅睡2)
1287,2,Stage 2(浅睡2)
1288,2,Stage 2(浅睡2)
1289,2,Stage 2(浅睡2)
1290,2,Stage 2(浅睡2)
1291,2,Stage 2(浅睡2)
1292,2,Stage 2(浅睡2)
1293,2,Stage 2(浅睡2)
1294,2,Stage 2(浅睡2)
1295,0,Wake(清醒)
1296,2,Stage 2(浅睡2)
1297,2,Stage 2(浅睡2)
1298,2,Stage 2(浅睡2)
1299,2,Stage 2(浅睡2)
1300,2,Stage 2(浅睡2)
1301,2,Stage 2(浅睡2)
1302,2,Stage 2(浅睡2)
1303,2,Stage 2(浅睡2)
1304,2,Stage 2(浅睡2)
1305,2,Stage 2(浅睡2)
1306,2,Stage 2(浅睡2)
1307,2,Stage 2(浅睡2)
1308,2,Stage 2(浅睡2)
1309,2,Stage 2(浅睡2)
1310,2,Stage 2(浅睡2)
1311,2,Stage 2(浅睡2)
1312,2,Stage 2(浅睡2)
1313,2,Stage 2(浅睡2)
1314,2,Stage 2(浅睡2)
1315,2,Stage 2(浅睡2)
1316,2,Stage 2(浅睡2)
1317,2,Stage 2(浅睡2)
1318,2,Stage 2(浅睡2)
1319,2,Stage 2(浅睡2)
1320,2,Stage 2(浅睡2)
1321,2,Stage 2(浅睡2)
1322,2,Stage 2(浅睡2)
1323,2,Stage 2(浅睡2)
1324,2,Stage 2(浅睡2)
1325,2,Stage 2(浅睡2)
1326,2,Stage 2(浅睡2)
1327,2,Stage 2(浅睡2)
1328,2,Stage 2(浅睡2)
1329,2,Stage 2(浅睡2)
1330,2,Stage 2(浅睡2)
1331,2,Stage 2(浅睡2)
1332,2,Stage 2(浅睡2)
1333,2,Stage 2(浅睡2)
1334,2,Stage 2(浅睡2)
1335,2,Stage 2(浅睡2)
1336,2,Stage 2(浅睡2)
1337,2,Stage 2(浅睡2)
1338,2,Stage 2(浅睡2)
1339,2,Stage 2(浅睡2)
1340,2,Stage 2(浅睡2)
1341,2,Stage 2(浅睡2)
1342,2,Stage 2(浅睡2)
1343,2,Stage 2(浅睡2)
1344,2,Stage 2(浅睡2)
1345,2,Stage 2(浅睡2)
1346,2,Stage 2(浅睡2)
1347,2,Stage 2(浅睡2)
1348,2,Stage 2(浅睡2)
1349,2,Stage 2(浅睡2)
1350,2,Stage 2(浅睡2)
1351,2,Stage 2(浅睡2)
1352,2,Stage 2(浅睡2)
1353,2,Stage 2(浅睡2)
1354,2,Stage 2(浅睡2)
1355,2,Stage 2(浅睡2)
1356,2,Stage 2(浅睡2)
1357,2,Stage 2(浅睡2)
1358,2,Stage 2(浅睡2)
1359,2,Stage 2(浅睡2)
1360,2,Stage 2(浅睡2)
1361,2,Stage 2(浅睡2)
1362,2,Stage 2(浅睡2)
1363,2,Stage 2(浅睡2)
1364,2,Stage 2(浅睡2)
1365,2,Stage 2(浅睡2)
1366,2,Stage 2(浅睡2)
1367,2,Stage 2(浅睡2)
1368,2,Stage 2(浅睡2)
1369,2,Stage 2(浅睡2)
1370,2,Stage 2(浅睡2)
1371,2,Stage 2(浅睡2)
1372,2,Stage 2(浅睡2)
1373,2,Stage 2(浅睡2)
1374,2,Stage 2(浅睡2)
1375,2,Stage 2(浅睡2)
1376,2,Stage 2(浅睡2)
1377,2,Stage 2(浅睡2)
1378,2,Stage 2(浅睡2)
1379,2,Stage 2(浅睡2)
1380,2,Stage 2(浅睡2)
1381,2,Stage 2(浅睡2)
1382,2,Stage 2(浅睡2)
1383,2,Stage 2(浅睡2)
1384,2,Stage 2(浅睡2)
1385,2,Stage 2(浅睡2)
1386,2,Stage 2(浅睡2)
1387,2,Stage 2(浅睡2)
1388,2,Stage 2(浅睡2)
1389,2,Stage 2(浅睡2)
1390,2,Stage 2(浅睡2)
1391,2,Stage 2(浅睡2)
1392,2,Stage 2(浅睡2)
1393,2,Stage 2(浅睡2)
1394,2,Stage 2(浅睡2)
1395,2,Stage 2(浅睡2)
1396,2,Stage 2(浅睡2)
1397,2,Stage 2(浅睡2)
1398,2,Stage 2(浅睡2)
1399,2,Stage 2(浅睡2)
1400,2,Stage 2(浅睡2)
1401,2,Stage 2(浅睡2)
1402,2,Stage 2(浅睡2)
1403,2,Stage 2(浅睡2)
1404,2,Stage 2(浅睡2)
1405,2,Stage 2(浅睡2)
1406,2,Stage 2(浅睡2)
1407,2,Stage 2(浅睡2)
1408,2,Stage 2(浅睡2)
1409,2,Stage 2(浅睡2)
1410,2,Stage 2(浅睡2)
1411,2,Stage 2(浅睡2)
1412,2,Stage 2(浅睡2)
1413,2,Stage 2(浅睡2)
1414,2,Stage 2(浅睡2)
1415,2,Stage 2(浅睡2)
1416,2,Stage 2(浅睡2)
1417,2,Stage 2(浅睡2)
1418,2,Stage 2(浅睡2)
1419,2,Stage 2(浅睡2)
1420,2,Stage 2(浅睡2)
1421,2,Stage 2(浅睡2)
1422,2,Stage 2(浅睡2)
1423,2,Stage 2(浅睡2)
1424,2,Stage 2(浅睡2)
1425,2,Stage 2(浅睡2)
1426,2,Stage 2(浅睡2)
1427,2,Stage 2(浅睡2)
1428,2,Stage 2(浅睡2)
1429,2,Stage 2(浅睡2)
1430,2,Stage 2(浅睡2)
1431,2,Stage 2(浅睡2)
1432,2,Stage 2(浅睡2)
1433,2,Stage 2(浅睡2)
1434,2,Stage 2(浅睡2)
1435,2,Stage 2(浅睡2)
1436,2,Stage 2(浅睡2)
1437,2,Stage 2(浅睡2)
1438,2,Stage 2(浅睡2)
1439,2,Stage 2(浅睡2)
1440,2,Stage 2(浅睡2)
1441,2,Stage 2(浅睡2)
1442,2,Stage 2(浅睡2)
1443,2,Stage 2(浅睡2)
1444,2,Stage 2(浅睡2)
1445,2,Stage 2(浅睡2)
1446,2,Stage 2(浅睡2)
1447,2,Stage 2(浅睡2)
1448,2,Stage 2(浅睡2)
1449,2,Stage 2(浅睡2)
1450,2,Stage 2(浅睡2)
1451,2,Stage 2(浅睡2)
1452,2,Stage 2(浅睡2)
1453,2,Stage 2(浅睡2)
1454,2,Stage 2(浅睡2)
1455,2,Stage 2(浅睡2)
1456,2,Stage 2(浅睡2)
1457,2,Stage 2(浅睡2)
1458,2,Stage 2(浅睡2)
1459,2,Stage 2(浅睡2)
1460,2,Stage 2(浅睡2)
1461,2,Stage 2(浅睡2)
1462,2,Stage 2(浅睡2)
1463,2,Stage 2(浅睡2)
1464,2,Stage 2(浅睡2)
1465,2,Stage 2(浅睡2)
1466,2,Stage 2(浅睡2)
1467,2,Stage 2(浅睡2)
1468,2,Stage 2(浅睡2)
1469,2,Stage 2(浅睡2)
1470,2,Stage 2(浅睡2)
1471,2,Stage 2(浅睡2)
1472,2,Stage 2(浅睡2)
1473,2,Stage 2(浅睡2)
1474,2,Stage 2(浅睡2)
1475,2,Stage 2(浅睡2)
1476,2,Stage 2(浅睡2)
1477,2,Stage 2(浅睡2)
1478,2,Stage 2(浅睡2)
1479,2,Stage 2(浅睡2)
1480,2,Stage 2(浅睡2)
1481,2,Stage 2(浅睡2)
1482,2,Stage 2(浅睡2)
1483,2,Stage 2(浅睡2)
1484,2,Stage 2(浅睡2)
1485,2,Stage 2(浅睡2)
1486,2,Stage 2(浅睡2)
1487,2,Stage 2(浅睡2)
1488,2,Stage 2(浅睡2)
1489,2,Stage 2(浅睡2)
1490,2,Stage 2(浅睡2)
1491,2,Stage 2(浅睡2)
1492,2,Stage 2(浅睡2)
1493,2,Stage 2(浅睡2)
1494,2,Stage 2(浅睡2)
1495,2,Stage 2(浅睡2)
1496,2,Stage 2(浅睡2)
1497,2,Stage 2(浅睡2)
1498,2,Stage 2(浅睡2)
1499,2,Stage 2(浅睡2)
1500,2,Stage 2(浅睡2)
1501,2,Stage 2(浅睡2)
1502,2,Stage 2(浅睡2)
1503,2,Stage 2(浅睡2)
1504,2,Stage 2(浅睡2)
1505,2,Stage 2(浅睡2)
1506,2,Stage 2(浅睡2)
1507,2,Stage 2(浅睡2)
1508,2,Stage 2(浅睡2)
1509,2,Stage 2(浅睡2)
1510,2,Stage 2(浅睡2)
1511,2,Stage 2(浅睡2)
1512,2,Stage 2(浅睡2)
1513,2,Stage 2(浅睡2)
1514,2,Stage 2(浅睡2)
1515,2,Stage 2(浅睡2)
1516,2,Stage 2(浅睡2)
1517,2,Stage 2(浅睡2)
1518,2,Stage 2(浅睡2)
1519,2,Stage 2(浅睡2)
1520,2,Stage 2(浅睡2)
1521,2,Stage 2(浅睡2)
1522,2,Stage 2(浅睡2)
1523,2,Stage 2(浅睡2)
1524,2,Stage 2(浅睡2)
1525,2,Stage 2(浅睡2)
1526,2,Stage 2(浅睡2)
1527,2,Stage 2(浅睡2)
1528,2,Stage 2(浅睡2)
1529,2,Stage 2(浅睡2)
1530,2,Stage 2(浅睡2)
1531,2,Stage 2(浅睡2)
1532,2,Stage 2(浅睡2)
1533,2,Stage 2(浅睡2)
1534,2,Stage 2(浅睡2)
1535,2,Stage 2(浅睡2)
1536,2,Stage 2(浅睡2)
1537,2,Stage 2(浅睡2)
1538,2,Stage 2(浅睡2)
1539,2,Stage 2(浅睡2)
1540,2,Stage 2(浅睡2)
1541,2,Stage 2(浅睡2)
1542,2,Stage 2(浅睡2)
1543,2,Stage 2(浅睡2)
1544,2,Stage 2(浅睡2)
1545,2,Stage 2(浅睡2)
1546,2,Stage 2(浅睡2)
1547,2,Stage 2(浅睡2)
1548,2,Stage 2(浅睡2)
1549,2,Stage 2(浅睡2)
1550,2,Stage 2(浅睡2)
1551,2,Stage 2(浅睡2)
1552,2,Stage 2(浅睡2)
1553,2,Stage 2(浅睡2)
1554,2,Stage 2(浅睡2)
1555,2,Stage 2(浅睡2)
1556,2,Stage 2(浅睡2)
1557,2,Stage 2(浅睡2)
1558,2,Stage 2(浅睡2)
1559,2,Stage 2(浅睡2)
1560,2,Stage 2(浅睡2)
1561,2,Stage 2(浅睡2)
1562,2,Stage 2(浅睡2)
1563,2,Stage 2(浅睡2)
1564,2,Stage 2(浅睡2)
1565,2,Stage 2(浅睡2)
1566,2,Stage 2(浅睡2)
1567,2,Stage 2(浅睡2)
1568,2,Stage 2(浅睡2)
1569,2,Stage 2(浅睡2)
1570,2,Stage 2(浅睡2)
1571,2,Stage 2(浅睡2)
1572,2,Stage 2(浅睡2)
1573,2,Stage 2(浅睡2)
1574,2,Stage 2(浅睡2)
1575,2,Stage 2(浅睡2)
1576,2,Stage 2(浅睡2)
1577,2,Stage 2(浅睡2)
1578,2,Stage 2(浅睡2)
1579,2,Stage 2(浅睡2)
1580,2,Stage 2(浅睡2)
1581,2,Stage 2(浅睡2)
1582,2,Stage 2(浅睡2)
1583,2,Stage 2(浅睡2)
1584,2,Stage 2(浅睡2)
1585,2,Stage 2(浅睡2)
1586,2,Stage 2(浅睡2)
1587,2,Stage 2(浅睡2)
1588,2,Stage 2(浅睡2)
1589,2,Stage 2(浅睡2)
1590,2,Stage 2(浅睡2)
1591,2,Stage 2(浅睡2)
1592,2,Stage 2(浅睡2)
1593,2,Stage 2(浅睡2)
1594,2,Stage 2(浅睡2)
1595,2,Stage 2(浅睡2)
1596,2,Stage 2(浅睡2)
1597,2,Stage 2(浅睡2)
1598,2,Stage 2(浅睡2)
1599,2,Stage 2(浅睡2)
1600,2,Stage 2(浅睡2)
1601,2,Stage 2(浅睡2)
1602,2,Stage 2(浅睡2)
1603,2,Stage 2(浅睡2)
1604,2,Stage 2(浅睡2)
1605,2,Stage 2(浅睡2)
1606,2,Stage 2(浅睡2)
1607,2,Stage 2(浅睡2)
1608,2,Stage 2(浅睡2)
1609,2,Stage 2(浅睡2)
1610,2,Stage 2(浅睡2)
1611,2,Stage 2(浅睡2)
1612,2,Stage 2(浅睡2)
1613,2,Stage 2(浅睡2)
1614,2,Stage 2(浅睡2)
1615,2,Stage 2(浅睡2)
1616,2,Stage 2(浅睡2)
1617,2,Stage 2(浅睡2)
1618,2,Stage 2(浅睡2)
1619,2,Stage 2(浅睡2)
1620,2,Stage 2(浅睡2)
1621,2,Stage 2(浅睡2)
1622,2,Stage 2(浅睡2)
1623,2,Stage 2(浅睡2)
1624,2,Stage 2(浅睡2)
1625,2,Stage 2(浅睡2)
1626,2,Stage 2(浅睡2)
1627,2,Stage 2(浅睡2)
1628,2,Stage 2(浅睡2)
1629,2,Stage 2(浅睡2)
1630,2,Stage 2(浅睡2)
1631,2,Stage 2(浅睡2)
1632,2,Stage 2(浅睡2)
1633,2,Stage 2(浅睡2)
1634,2,Stage 2(浅睡2)
1635,2,Stage 2(浅睡2)
1636,2,Stage 2(浅睡2)
1637,2,Stage 2(浅睡2)
1638,2,Stage 2(浅睡2)
1639,2,Stage 2(浅睡2)
1640,2,Stage 2(浅睡2)
1641,2,Stage 2(浅睡2)
1642,2,Stage 2(浅睡2)
1643,2,Stage 2(浅睡2)
1644,2,Stage 2(浅睡2)
1645,2,Stage 2(浅睡2)
1646,2,Stage 2(浅睡2)
1647,2,Stage 2(浅睡2)
1648,2,Stage 2(浅睡2)
1649,2,Stage 2(浅睡2)
1650,2,Stage 2(浅睡2)
1651,2,Stage 2(浅睡2)
1652,2,Stage 2(浅睡2)
1653,2,Stage 2(浅睡2)
1654,2,Stage 2(浅睡2)
1655,2,Stage 2(浅睡2)
1656,2,Stage 2(浅睡2)
1657,2,Stage 2(浅睡2)
1658,2,Stage 2(浅睡2)
1659,2,Stage 2(浅睡2)
1660,2,Stage 2(浅睡2)
1661,3,Stage 3(深睡)
1662,3,Stage 3(深睡)
1663,2,Stage 2(浅睡2)
1664,2,Stage 2(浅睡2)
1665,2,Stage 2(浅睡2)
1666,2,Stage 2(浅睡2)
1667,2,Stage 2(浅睡2)
1668,2,Stage 2(浅睡2)
1669,2,Stage 2(浅睡2)
1670,2,Stage 2(浅睡2)
1671,2,Stage 2(浅睡2)
1672,2,Stage 2(浅睡2)
1673,2,Stage 2(浅睡2)
1674,2,Stage 2(浅睡2)
1675,2,Stage 2(浅睡2)
1676,2,Stage 2(浅睡2)
1677,2,Stage 2(浅睡2)
1678,2,Stage 2(浅睡2)
1679,2,Stage 2(浅睡2)
1680,2,Stage 2(浅睡2)
1681,2,Stage 2(浅睡2)
1682,2,Stage 2(浅睡2)
1683,2,Stage 2(浅睡2)
1684,2,Stage 2(浅睡2)
1685,2,Stage 2(浅睡2)
1686,2,Stage 2(浅睡2)
1687,2,Stage 2(浅睡2)
1688,2,Stage 2(浅睡2)
1689,2,Stage 2(浅睡2)
1690,2,Stage 2(浅睡2)
1691,2,Stage 2(浅睡2)
1692,2,Stage 2(浅睡2)
1693,2,Stage 2(浅睡2)
1694,2,Stage 2(浅睡2)
1695,2,Stage 2(浅睡2)
1696,2,Stage 2(浅睡2)
1697,2,Stage 2(浅睡2)
1698,2,Stage 2(浅睡2)
1699,0,Wake(清醒)
1700,0,Wake(清醒)
1701,0,Wake(清醒)
1702,0,Wake(清醒)
1703,0,Wake(清醒)
1704,2,Stage 2(浅睡2)
1705,2,Stage 2(浅睡2)
1706,2,Stage 2(浅睡2)
1707,2,Stage 2(浅睡2)
1708,2,Stage 2(浅睡2)
1709,2,Stage 2(浅睡2)
1710,2,Stage 2(浅睡2)
1711,2,Stage 2(浅睡2)
1712,2,Stage 2(浅睡2)
1713,0,Wake(清醒)
1714,0,Wake(清醒)
1715,0,Wake(清醒)
1716,2,Stage 2(浅睡2)
1717,2,Stage 2(浅睡2)
1718,2,Stage 2(浅睡2)
1719,2,Stage 2(浅睡2)
1720,2,Stage 2(浅睡2)
1721,2,Stage 2(浅睡2)
1722,2,Stage 2(浅睡2)
1723,2,Stage 2(浅睡2)
1724,2,Stage 2(浅睡2)
1725,2,Stage 2(浅睡2)
1726,2,Stage 2(浅睡2)
1727,2,Stage 2(浅睡2)
1728,2,Stage 2(浅睡2)
1729,2,Stage 2(浅睡2)
1730,2,Stage 2(浅睡2)
1731,2,Stage 2(浅睡2)
1732,2,Stage 2(浅睡2)
1733,2,Stage 2(浅睡2)
1734,2,Stage 2(浅睡2)
1735,2,Stage 2(浅睡2)
1736,2,Stage 2(浅睡2)
1737,2,Stage 2(浅睡2)
1738,2,Stage 2(浅睡2)
1739,2,Stage 2(浅睡2)
1740,2,Stage 2(浅睡2)
1741,2,Stage 2(浅睡2)
1742,2,Stage 2(浅睡2)
1743,2,Stage 2(浅睡2)
1744,2,Stage 2(浅睡2)
1745,2,Stage 2(浅睡2)
1746,2,Stage 2(浅睡2)
1747,2,Stage 2(浅睡2)
1748,2,Stage 2(浅睡2)
1749,2,Stage 2(浅睡2)
1750,2,Stage 2(浅睡2)
1751,2,Stage 2(浅睡2)
1752,2,Stage 2(浅睡2)
1753,2,Stage 2(浅睡2)
1754,2,Stage 2(浅睡2)
1755,2,Stage 2(浅睡2)
1756,2,Stage 2(浅睡2)
1757,2,Stage 2(浅睡2)
1758,2,Stage 2(浅睡2)
1759,2,Stage 2(浅睡2)
1760,2,Stage 2(浅睡2)
1761,2,Stage 2(浅睡2)
1762,2,Stage 2(浅睡2)
1763,2,Stage 2(浅睡2)
1764,2,Stage 2(浅睡2)
1765,2,Stage 2(浅睡2)
1766,2,Stage 2(浅睡2)
1767,2,Stage 2(浅睡2)
1768,2,Stage 2(浅睡2)
1769,2,Stage 2(浅睡2)
1770,2,Stage 2(浅睡2)
1771,0,Wake(清醒)
1772,0,Wake(清醒)
1773,0,Wake(清醒)
1774,0,Wake(清醒)
1775,0,Wake(清醒)
1776,0,Wake(清醒)
1777,0,Wake(清醒)
1778,0,Wake(清醒)
1779,0,Wake(清醒)
1780,0,Wake(清醒)
1781,0,Wake(清醒)
1782,0,Wake(清醒)
1783,0,Wake(清醒)
1784,1,Stage 1(浅睡1)
1785,1,Stage 1(浅睡1)
1786,1,Stage 1(浅睡1)
1787,1,Stage 1(浅睡1)
1788,1,Stage 1(浅睡1)
1789,1,Stage 1(浅睡1)
1790,1,Stage 1(浅睡1)
1791,1,Stage 1(浅睡1)
1792,1,Stage 1(浅睡1)
1793,1,Stage 1(浅睡1)
1794,1,Stage 1(浅睡1)
1795,1,Stage 1(浅睡1)
1796,2,Stage 2(浅睡2)
1797,2,Stage 2(浅睡2)
1798,2,Stage 2(浅睡2)
1799,2,Stage 2(浅睡2)
1800,2,Stage 2(浅睡2)
1801,2,Stage 2(浅睡2)
1802,2,Stage 2(浅睡2)
1803,2,Stage 2(浅睡2)
1804,2,Stage 2(浅睡2)
1805,2,Stage 2(浅睡2)
1806,2,Stage 2(浅睡2)
1807,2,Stage 2(浅睡2)
1808,2,Stage 2(浅睡2)
1809,2,Stage 2(浅睡2)
1810,2,Stage 2(浅睡2)
1811,2,Stage 2(浅睡2)
1812,2,Stage 2(浅睡2)
1813,2,Stage 2(浅睡2)
1814,2,Stage 2(浅睡2)
1815,2,Stage 2(浅睡2)
1816,2,Stage 2(浅睡2)
1817,2,Stage 2(浅睡2)
1818,2,Stage 2(浅睡2)
1819,2,Stage 2(浅睡2)
1820,2,Stage 2(浅睡2)
1821,2,Stage 2(浅睡2)
1822,2,Stage 2(浅睡2)
1823,2,Stage 2(浅睡2)
1824,2,Stage 2(浅睡2)
1825,2,Stage 2(浅睡2)
1826,2,Stage 2(浅睡2)
1827,2,Stage 2(浅睡2)
1828,2,Stage 2(浅睡2)
1829,2,Stage 2(浅睡2)
1830,2,Stage 2(浅睡2)
1831,2,Stage 2(浅睡2)
1832,2,Stage 2(浅睡2)
1833,2,Stage 2(浅睡2)
1834,2,Stage 2(浅睡2)
1835,2,Stage 2(浅睡2)
1836,2,Stage 2(浅睡2)
1837,0,Wake(清醒)
1838,0,Wake(清醒)
1839,0,Wake(清醒)
1840,0,Wake(清醒)
1841,0,Wake(清醒)
1842,0,Wake(清醒)
1843,0,Wake(清醒)
1844,1,Stage 1(浅睡1)
1845,1,Stage 1(浅睡1)
1846,1,Stage 1(浅睡1)
1847,1,Stage 1(浅睡1)
1848,1,Stage 1(浅睡1)
1849,1,Stage 1(浅睡1)
1850,1,Stage 1(浅睡1)
1851,1,Stage 1(浅睡1)
1852,2,Stage 2(浅睡2)
1853,1,Stage 1(浅睡1)
1854,2,Stage 2(浅睡2)
1855,2,Stage 2(浅睡2)
1856,2,Stage 2(浅睡2)
1857,2,Stage 2(浅睡2)
1858,2,Stage 2(浅睡2)
1859,2,Stage 2(浅睡2)
1860,2,Stage 2(浅睡2)
1861,2,Stage 2(浅睡2)
1862,2,Stage 2(浅睡2)
1863,2,Stage 2(浅睡2)
1864,2,Stage 2(浅睡2)
1865,2,Stage 2(浅睡2)
1866,2,Stage 2(浅睡2)
1867,2,Stage 2(浅睡2)
1868,2,Stage 2(浅睡2)
1869,2,Stage 2(浅睡2)
1870,2,Stage 2(浅睡2)
1871,2,Stage 2(浅睡2)
1872,2,Stage 2(浅睡2)
1873,2,Stage 2(浅睡2)
1874,2,Stage 2(浅睡2)
1875,2,Stage 2(浅睡2)
1876,2,Stage 2(浅睡2)
1877,2,Stage 2(浅睡2)
1878,2,Stage 2(浅睡2)
1879,2,Stage 2(浅睡2)
1880,2,Stage 2(浅睡2)
1881,2,Stage 2(浅睡2)
1882,2,Stage 2(浅睡2)
1883,2,Stage 2(浅睡2)
1884,2,Stage 2(浅睡2)
1885,2,Stage 2(浅睡2)
1886,2,Stage 2(浅睡2)
1887,2,Stage 2(浅睡2)
1888,2,Stage 2(浅睡2)
1889,2,Stage 2(浅睡2)
1890,2,Stage 2(浅睡2)
1891,2,Stage 2(浅睡2)
1892,2,Stage 2(浅睡2)
1893,2,Stage 2(浅睡2)
1894,2,Stage 2(浅睡2)
1895,2,Stage 2(浅睡2)
1896,2,Stage 2(浅睡2)
1897,2,Stage 2(浅睡2)
1898,2,Stage 2(浅睡2)
1899,2,Stage 2(浅睡2)
1900,2,Stage 2(浅睡2)
1901,2,Stage 2(浅睡2)
1902,2,Stage 2(浅睡2)
1903,2,Stage 2(浅睡2)
1904,2,Stage 2(浅睡2)
1905,2,Stage 2(浅睡2)
1906,2,Stage 2(浅睡2)
1907,2,Stage 2(浅睡2)
1908,2,Stage 2(浅睡2)
1909,2,Stage 2(浅睡2)
1910,2,Stage 2(浅睡2)
1911,2,Stage 2(浅睡2)
1912,2,Stage 2(浅睡2)
1913,2,Stage 2(浅睡2)
1914,2,Stage 2(浅睡2)
1915,2,Stage 2(浅睡2)
1916,2,Stage 2(浅睡2)
1917,2,Stage 2(浅睡2)
1918,2,Stage 2(浅睡2)
1919,2,Stage 2(浅睡2)
1920,2,Stage 2(浅睡2)
1921,2,Stage 2(浅睡2)
1922,2,Stage 2(浅睡2)
1923,2,Stage 2(浅睡2)
1924,2,Stage 2(浅睡2)
1925,2,Stage 2(浅睡2)
1926,2,Stage 2(浅睡2)
1927,2,Stage 2(浅睡2)
1928,2,Stage 2(浅睡2)
1929,2,Stage 2(浅睡2)
1930,2,Stage 2(浅睡2)
1931,2,Stage 2(浅睡2)
1932,2,Stage 2(浅睡2)
1933,2,Stage 2(浅睡2)
1934,2,Stage 2(浅睡2)
1935,2,Stage 2(浅睡2)
1936,2,Stage 2(浅睡2)
1937,2,Stage 2(浅睡2)
1938,2,Stage 2(浅睡2)
1939,2,Stage 2(浅睡2)
1940,2,Stage 2(浅睡2)
1941,2,Stage 2(浅睡2)
1942,2,Stage 2(浅睡2)
1943,2,Stage 2(浅睡2)
1944,2,Stage 2(浅睡2)
1945,2,Stage 2(浅睡2)
1946,2,Stage 2(浅睡2)
1947,2,Stage 2(浅睡2)
1948,2,Stage 2(浅睡2)
1949,2,Stage 2(浅睡2)
1950,2,Stage 2(浅睡2)
1951,2,Stage 2(浅睡2)
1952,2,Stage 2(浅睡2)
1953,2,Stage 2(浅睡2)
1954,2,Stage 2(浅睡2)
1955,2,Stage 2(浅睡2)
1956,2,Stage 2(浅睡2)
1957,2,Stage 2(浅睡2)
1958,2,Stage 2(浅睡2)
1959,2,Stage 2(浅睡2)
1960,2,Stage 2(浅睡2)
1961,2,Stage 2(浅睡2)
1962,2,Stage 2(浅睡2)
1963,2,Stage 2(浅睡2)
1964,2,Stage 2(浅睡2)
1965,2,Stage 2(浅睡2)
1966,2,Stage 2(浅睡2)
1967,2,Stage 2(浅睡2)
1968,2,Stage 2(浅睡2)
1969,2,Stage 2(浅睡2)
1970,2,Stage 2(浅睡2)
1971,2,Stage 2(浅睡2)
1972,2,Stage 2(浅睡2)
1973,2,Stage 2(浅睡2)
1974,2,Stage 2(浅睡2)
1975,2,Stage 2(浅睡2)
1976,2,Stage 2(浅睡2)
1977,2,Stage 2(浅睡2)
1978,2,Stage 2(浅睡2)
1979,2,Stage 2(浅睡2)
1980,2,Stage 2(浅睡2)
1981,2,Stage 2(浅睡2)
1982,2,Stage 2(浅睡2)
1983,2,Stage 2(浅睡2)
1984,2,Stage 2(浅睡2)
1985,2,Stage 2(浅睡2)
1986,2,Stage 2(浅睡2)
1987,2,Stage 2(浅睡2)
1988,2,Stage 2(浅睡2)
1989,2,Stage 2(浅睡2)
1990,2,Stage 2(浅睡2)
1991,2,Stage 2(浅睡2)
1992,2,Stage 2(浅睡2)
1993,2,Stage 2(浅睡2)
1994,2,Stage 2(浅睡2)
1995,2,Stage 2(浅睡2)
1996,2,Stage 2(浅睡2)
1997,2,Stage 2(浅睡2)
1998,2,Stage 2(浅睡2)
1999,2,Stage 2(浅睡2)
2000,2,Stage 2(浅睡2)
2001,2,Stage 2(浅睡2)
2002,2,Stage 2(浅睡2)
2003,2,Stage 2(浅睡2)
2004,2,Stage 2(浅睡2)
2005,2,Stage 2(浅睡2)
2006,2,Stage 2(浅睡2)
2007,2,Stage 2(浅睡2)
2008,2,Stage 2(浅睡2)
2009,2,Stage 2(浅睡2)
2010,2,Stage 2(浅睡2)
2011,2,Stage 2(浅睡2)
2012,2,Stage 2(浅睡2)
2013,2,Stage 2(浅睡2)
2014,2,Stage 2(浅睡2)
2015,2,Stage 2(浅睡2)
2016,2,Stage 2(浅睡2)
2017,2,Stage 2(浅睡2)
2018,2,Stage 2(浅睡2)
2019,2,Stage 2(浅睡2)
2020,2,Stage 2(浅睡2)
2021,2,Stage 2(浅睡2)
2022,2,Stage 2(浅睡2)
2023,2,Stage 2(浅睡2)
2024,2,Stage 2(浅睡2)
2025,2,Stage 2(浅睡2)
2026,2,Stage 2(浅睡2)
2027,2,Stage 2(浅睡2)
2028,2,Stage 2(浅睡2)
2029,0,Wake(清醒)
2030,0,Wake(清醒)
2031,0,Wake(清醒)
2032,0,Wake(清醒)
2033,0,Wake(清醒)
2034,0,Wake(清醒)
2035,0,Wake(清醒)
2036,0,Wake(清醒)
2037,0,Wake(清醒)
2038,0,Wake(清醒)
2039,0,Wake(清醒)
2040,0,Wake(清醒)
2041,2,Stage 2(浅睡2)
2042,2,Stage 2(浅睡2)
2043,2,Stage 2(浅睡2)
2044,2,Stage 2(浅睡2)
2045,2,Stage 2(浅睡2)
2046,2,Stage 2(浅睡2)
2047,2,Stage 2(浅睡2)
2048,2,Stage 2(浅睡2)
2049,2,Stage 2(浅睡2)
2050,2,Stage 2(浅睡2)
2051,2,Stage 2(浅睡2)
2052,2,Stage 2(浅睡2)
2053,2,Stage 2(浅睡2)
2054,0,Wake(清醒)
2055,0,Wake(清醒)
2056,0,Wake(清醒)
2057,0,Wake(清醒)
2058,0,Wake(清醒)
2059,0,Wake(清醒)
2060,0,Wake(清醒)
2061,0,Wake(清醒)
2062,0,Wake(清醒)
2063,0,Wake(清醒)
2064,0,Wake(清醒)
2065,0,Wake(清醒)
2066,1,Stage 1(浅睡1)
2067,1,Stage 1(浅睡1)
2068,1,Stage 1(浅睡1)
2069,1,Stage 1(浅睡1)
2070,0,Wake(清醒)
2071,0,Wake(清醒)
2072,0,Wake(清醒)
2073,0,Wake(清醒)
2074,0,Wake(清醒)
2075,0,Wake(清醒)
2076,2,Stage 2(浅睡2)
2077,2,Stage 2(浅睡2)
2078,2,Stage 2(浅睡2)
2079,2,Stage 2(浅睡2)
2080,2,Stage 2(浅睡2)
2081,2,Stage 2(浅睡2)
2082,2,Stage 2(浅睡2)
2083,2,Stage 2(浅睡2)
2084,2,Stage 2(浅睡2)
2085,2,Stage 2(浅睡2)
2086,2,Stage 2(浅睡2)
2087,2,Stage 2(浅睡2)
2088,2,Stage 2(浅睡2)
2089,2,Stage 2(浅睡2)
2090,2,Stage 2(浅睡2)
2091,2,Stage 2(浅睡2)
2092,2,Stage 2(浅睡2)
2093,2,Stage 2(浅睡2)
2094,2,Stage 2(浅睡2)
2095,2,Stage 2(浅睡2)
2096,2,Stage 2(浅睡2)
2097,2,Stage 2(浅睡2)
2098,2,Stage 2(浅睡2)
2099,2,Stage 2(浅睡2)
2100,2,Stage 2(浅睡2)
2101,2,Stage 2(浅睡2)
2102,2,Stage 2(浅睡2)
2103,2,Stage 2(浅睡2)
2104,2,Stage 2(浅睡2)
2105,2,Stage 2(浅睡2)
2106,2,Stage 2(浅睡2)
2107,2,Stage 2(浅睡2)
2108,2,Stage 2(浅睡2)
2109,2,Stage 2(浅睡2)
2110,2,Stage 2(浅睡2)
2111,2,Stage 2(浅睡2)
2112,2,Stage 2(浅睡2)
2113,2,Stage 2(浅睡2)
2114,2,Stage 2(浅睡2)
2115,0,Wake(清醒)
2116,0,Wake(清醒)
2117,0,Wake(清醒)
2118,0,Wake(清醒)
2119,0,Wake(清醒)
2120,2,Stage 2(浅睡2)
2121,2,Stage 2(浅睡2)
2122,2,Stage 2(浅睡2)
2123,0,Wake(清醒)
2124,0,Wake(清醒)
2125,2,Stage 2(浅睡2)
2126,2,Stage 2(浅睡2)
2127,2,Stage 2(浅睡2)
2128,2,Stage 2(浅睡2)
2129,2,Stage 2(浅睡2)
2130,2,Stage 2(浅睡2)
2131,0,Wake(清醒)
2132,0,Wake(清醒)
2133,0,Wake(清醒)
2134,0,Wake(清醒)
2135,0,Wake(清醒)
2136,0,Wake(清醒)
2137,0,Wake(清醒)
2138,1,Stage 1(浅睡1)
2139,1,Stage 1(浅睡1)
2140,1,Stage 1(浅睡1)
2141,1,Stage 1(浅睡1)
2142,1,Stage 1(浅睡1)
2143,1,Stage 1(浅睡1)
2144,2,Stage 2(浅睡2)
2145,1,Stage 1(浅睡1)
2146,1,Stage 1(浅睡1)
2147,1,Stage 1(浅睡1)
2148,1,Stage 1(浅睡1)
2149,2,Stage 2(浅睡2)
2150,2,Stage 2(浅睡2)
2151,2,Stage 2(浅睡2)
2152,2,Stage 2(浅睡2)
2153,2,Stage 2(浅睡2)
2154,2,Stage 2(浅睡2)
2155,2,Stage 2(浅睡2)
2156,0,Wake(清醒)
2157,0,Wake(清醒)
2158,0,Wake(清醒)
2159,0,Wake(清醒)
2160,0,Wake(清醒)
2161,0,Wake(清醒)
2162,0,Wake(清醒)
2163,0,Wake(清醒)
2164,0,Wake(清醒)
2165,0,Wake(清醒)
2166,0,Wake(清醒)
2167,0,Wake(清醒)
2168,0,Wake(清醒)
2169,0,Wake(清醒)
2170,0,Wake(清醒)
2171,0,Wake(清醒)
2172,0,Wake(清醒)
2173,0,Wake(清醒)
2174,0,Wake(清醒)
2175,0,Wake(清醒)
2176,0,Wake(清醒)
2177,0,Wake(清醒)
2178,0,Wake(清醒)
2179,0,Wake(清醒)
2180,0,Wake(清醒)
2181,0,Wake(清醒)
2182,0,Wake(清醒)
2183,0,Wake(清醒)
2184,0,Wake(清醒)
2185,0,Wake(清醒)
2186,0,Wake(清醒)
2187,0,Wake(清醒)
2188,0,Wake(清醒)
2189,0,Wake(清醒)
2190,0,Wake(清醒)
2191,0,Wake(清醒)
2192,0,Wake(清醒)
2193,0,Wake(清醒)
2194,0,Wake(清醒)
2195,0,Wake(清醒)
2196,0,Wake(清醒)
2197,0,Wake(清醒)
2198,0,Wake(清醒)
2199,0,Wake(清醒)
2200,0,Wake(清醒)
2201,0,Wake(清醒)
2202,0,Wake(清醒)
2203,0,Wake(清醒)
2204,0,Wake(清醒)
2205,0,Wake(清醒)
2206,0,Wake(清醒)
2207,0,Wake(清醒)
2208,0,Wake(清醒)
2209,0,Wake(清醒)
2210,0,Wake(清醒)
2211,0,Wake(清醒)
2212,0,Wake(清醒)
2213,0,Wake(清醒)
2214,0,Wake(清醒)
2215,0,Wake(清醒)
2216,0,Wake(清醒)
2217,0,Wake(清醒)
2218,0,Wake(清醒)
2219,0,Wake(清醒)
2220,0,Wake(清醒)
2221,0,Wake(清醒)
2222,0,Wake(清醒)
2223,1,Stage 1(浅睡1)
2224,1,Stage 1(浅睡1)
2225,1,Stage 1(浅睡1)
2226,1,Stage 1(浅睡1)
2227,0,Wake(清醒)
2228,2,Stage 2(浅睡2)
2229,2,Stage 2(浅睡2)
2230,2,Stage 2(浅睡2)
2231,2,Stage 2(浅睡2)
2232,2,Stage 2(浅睡2)
2233,2,Stage 2(浅睡2)
2234,0,Wake(清醒)
2235,0,Wake(清醒)
2236,0,Wake(清醒)
2237,0,Wake(清醒)
2238,0,Wake(清醒)
2239,0,Wake(清醒)
2240,2,Stage 2(浅睡2)
2241,0,Wake(清醒)
2242,0,Wake(清醒)
2243,0,Wake(清醒)
2244,0,Wake(清醒)
2245,0,Wake(清醒)
2246,0,Wake(清醒)
2247,0,Wake(清醒)
2248,0,Wake(清醒)
2249,0,Wake(清醒)
2250,2,Stage 2(浅睡2)
2251,2,Stage 2(浅睡2)
2252,2,Stage 2(浅睡2)
2253,2,Stage 2(浅睡2)
2254,2,Stage 2(浅睡2)
2255,2,Stage 2(浅睡2)
2256,2,Stage 2(浅睡2)
2257,2,Stage 2(浅睡2)
2258,2,Stage 2(浅睡2)
2259,2,Stage 2(浅睡2)
2260,2,Stage 2(浅睡2)
2261,2,Stage 2(浅睡2)
2262,2,Stage 2(浅睡2)
2263,2,Stage 2(浅睡2)
2264,2,Stage 2(浅睡2)
2265,2,Stage 2(浅睡2)
2266,2,Stage 2(浅睡2)
2267,2,Stage 2(浅睡2)
2268,2,Stage 2(浅睡2)
2269,0,Wake(清醒)
2270,0,Wake(清醒)
2271,0,Wake(清醒)
2272,0,Wake(清醒)
2273,0,Wake(清醒)
2274,0,Wake(清醒)
2275,0,Wake(清醒)
2276,0,Wake(清醒)
2277,0,Wake(清醒)
2278,0,Wake(清醒)
2279,0,Wake(清醒)
2280,0,Wake(清醒)
2281,0,Wake(清醒)
2282,0,Wake(清醒)
2283,0,Wake(清醒)
2284,0,Wake(清醒)
2285,0,Wake(清醒)
2286,0,Wake(清醒)
2287,2,Stage 2(浅睡2)
2288,2,Stage 2(浅睡2)
2289,2,Stage 2(浅睡2)
2290,0,Wake(清醒)
2291,0,Wake(清醒)
2292,0,Wake(清醒)
2293,0,Wake(清醒)
2294,0,Wake(清醒)
2295,0,Wake(清醒)
2296,0,Wake(清醒)
2297,0,Wake(清醒)
2298,0,Wake(清醒)
2299,2,Stage 2(浅睡2)
2300,0,Wake(清醒)
2301,0,Wake(清醒)
2302,0,Wake(清醒)
2303,0,Wake(清醒)
2304,0,Wake(清醒)
2305,0,Wake(清醒)
2306,0,Wake(清醒)
2307,0,Wake(清醒)
2308,0,Wake(清醒)
2309,0,Wake(清醒)
2310,0,Wake(清醒)
2311,0,Wake(清醒)
2312,0,Wake(清醒)
2313,0,Wake(清醒)
2314,0,Wake(清醒)
2315,0,Wake(清醒)
2316,0,Wake(清醒)
2317,0,Wake(清醒)
2318,0,Wake(清醒)
2319,0,Wake(清醒)
2320,0,Wake(清醒)
2321,0,Wake(清醒)
2322,0,Wake(清醒)
2323,0,Wake(清醒)
2324,0,Wake(清醒)
2325,0,Wake(清醒)
2326,0,Wake(清醒)
2327,0,Wake(清醒)
2328,0,Wake(清醒)
2329,0,Wake(清醒)
2330,0,Wake(清醒)
2331,0,Wake(清醒)
2332,0,Wake(清醒)
2333,0,Wake(清醒)
2334,0,Wake(清醒)
2335,0,Wake(清醒)
2336,0,Wake(清醒)
2337,0,Wake(清醒)
2338,0,Wake(清醒)
2339,0,Wake(清醒)
2340,0,Wake(清醒)
2341,0,Wake(清醒)
2342,0,Wake(清醒)
2343,0,Wake(清醒)
2344,0,Wake(清醒)
2345,0,Wake(清醒)
2346,0,Wake(清醒)
2347,0,Wake(清醒)
2348,0,Wake(清醒)
2349,0,Wake(清醒)
2350,0,Wake(清醒)
2351,0,Wake(清醒)
2352,0,Wake(清醒)
2353,0,Wake(清醒)
2354,0,Wake(清醒)
2355,0,Wake(清醒)
2356,0,Wake(清醒)
2357,0,Wake(清醒)
2358,0,Wake(清醒)
2359,0,Wake(清醒)
2360,0,Wake(清醒)
2361,1,Stage 1(浅睡1)
2362,1,Stage 1(浅睡1)
2363,1,Stage 1(浅睡1)
2364,0,Wake(清醒)
2365,0,Wake(清醒)
2366,0,Wake(清醒)
2367,0,Wake(清醒)
2368,0,Wake(清醒)
2369,0,Wake(清醒)
2370,0,Wake(清醒)
2371,0,Wake(清醒)
2372,0,Wake(清醒)
2373,0,Wake(清醒)
2374,0,Wake(清醒)
2375,0,Wake(清醒)
2376,0,Wake(清醒)
2377,0,Wake(清醒)
2378,0,Wake(清醒)
2379,0,Wake(清醒)
2380,0,Wake(清醒)
2381,0,Wake(清醒)
2382,0,Wake(清醒)
2383,0,Wake(清醒)
2384,0,Wake(清醒)
2385,0,Wake(清醒)
2386,0,Wake(清醒)
2387,0,Wake(清醒)
2388,0,Wake(清醒)
2389,0,Wake(清醒)
2390,0,Wake(清醒)
2391,0,Wake(清醒)
2392,0,Wake(清醒)
2393,0,Wake(清醒)
2394,0,Wake(清醒)
2395,0,Wake(清醒)
2396,0,Wake(清醒)
2397,0,Wake(清醒)
2398,0,Wake(清醒)
2399,0,Wake(清醒)
2400,0,Wake(清醒)
2401,0,Wake(清醒)
2402,0,Wake(清醒)
2403,0,Wake(清醒)
2404,0,Wake(清醒)
2405,0,Wake(清醒)
2406,0,Wake(清醒)
2407,0,Wake(清醒)
2408,0,Wake(清醒)
2409,0,Wake(清醒)
2410,0,Wake(清醒)
2411,0,Wake(清醒)
2412,0,Wake(清醒)
2413,0,Wake(清醒)
2414,0,Wake(清醒)
2415,0,Wake(清醒)
2416,0,Wake(清醒)
2417,0,Wake(清醒)
2418,0,Wake(清醒)
2419,0,Wake(清醒)
2420,0,Wake(清醒)
2421,0,Wake(清醒)
2422,0,Wake(清醒)
2423,0,Wake(清醒)
2424,0,Wake(清醒)
2425,0,Wake(清醒)
2426,0,Wake(清醒)
2427,0,Wake(清醒)
2428,0,Wake(清醒)
2429,0,Wake(清醒)
2430,0,Wake(清醒)
2431,0,Wake(清醒)
2432,0,Wake(清醒)
2433,0,Wake(清醒)
2434,0,Wake(清醒)
2435,0,Wake(清醒)
2436,0,Wake(清醒)
2437,0,Wake(清醒)
2438,0,Wake(清醒)
2439,0,Wake(清醒)
2440,0,Wake(清醒)
2441,0,Wake(清醒)
2442,0,Wake(清醒)
2443,0,Wake(清醒)
2444,0,Wake(清醒)
2445,0,Wake(清醒)
2446,0,Wake(清醒)
2447,0,Wake(清醒)
2448,0,Wake(清醒)
2449,0,Wake(清醒)
2450,0,Wake(清醒)
2451,0,Wake(清醒)
2452,0,Wake(清醒)
2453,0,Wake(清醒)
2454,0,Wake(清醒)
2455,0,Wake(清醒)
2456,0,Wake(清醒)
2457,0,Wake(清醒)
2458,0,Wake(清醒)
2459,0,Wake(清醒)
2460,0,Wake(清醒)
2461,0,Wake(清醒)
2462,0,Wake(清醒)
2463,0,Wake(清醒)
2464,0,Wake(清醒)
2465,0,Wake(清醒)
2466,0,Wake(清醒)
2467,0,Wake(清醒)
2468,1,Stage 1(浅睡1)
2469,1,Stage 1(浅睡1)
2470,0,Wake(清醒)
2471,0,Wake(清醒)
2472,0,Wake(清醒)
2473,0,Wake(清醒)
2474,0,Wake(清醒)
2475,0,Wake(清醒)
2476,0,Wake(清醒)
2477,0,Wake(清醒)
2478,0,Wake(清醒)
2479,0,Wake(清醒)
2480,0,Wake(清醒)
2481,1,Stage 1(浅睡1)
2482,1,Stage 1(浅睡1)
2483,1,Stage 1(浅睡1)
2484,1,Stage 1(浅睡1)
2485,1,Stage 1(浅睡1)
2486,0,Wake(清醒)
2487,0,Wake(清醒)
2488,0,Wake(清醒)
2489,0,Wake(清醒)
2490,0,Wake(清醒)
2491,0,Wake(清醒)
2492,0,Wake(清醒)
2493,0,Wake(清醒)
2494,0,Wake(清醒)
2495,0,Wake(清醒)
2496,0,Wake(清醒)
2497,1,Stage 1(浅睡1)
2498,1,Stage 1(浅睡1)
2499,1,Stage 1(浅睡1)
2500,1,Stage 1(浅睡1)
2501,1,Stage 1(浅睡1)
2502,1,Stage 1(浅睡1)
2503,2,Stage 2(浅睡2)
2504,2,Stage 2(浅睡2)
2505,2,Stage 2(浅睡2)
2506,1,Stage 1(浅睡1)
2507,2,Stage 2(浅睡2)
2508,2,Stage 2(浅睡2)
2509,2,Stage 2(浅睡2)
2510,2,Stage 2(浅睡2)
2511,2,Stage 2(浅睡2)
2512,2,Stage 2(浅睡2)
2513,2,Stage 2(浅睡2)
2514,2,Stage 2(浅睡2)
2515,2,Stage 2(浅睡2)
2516,2,Stage 2(浅睡2)
2517,2,Stage 2(浅睡2)
2518,2,Stage 2(浅睡2)
2519,2,Stage 2(浅睡2)
2520,2,Stage 2(浅睡2)
2521,2,Stage 2(浅睡2)
2522,2,Stage 2(浅睡2)
2523,2,Stage 2(浅睡2)
2524,2,Stage 2(浅睡2)
2525,2,Stage 2(浅睡2)
2526,2,Stage 2(浅睡2)
2527,2,Stage 2(浅睡2)
2528,2,Stage 2(浅睡2)
2529,2,Stage 2(浅睡2)
2530,2,Stage 2(浅睡2)
2531,2,Stage 2(浅睡2)
2532,2,Stage 2(浅睡2)
2533,2,Stage 2(浅睡2)
2534,2,Stage 2(浅睡2)
2535,2,Stage 2(浅睡2)
2536,2,Stage 2(浅睡2)
2537,2,Stage 2(浅睡2)
2538,2,Stage 2(浅睡2)
2539,2,Stage 2(浅睡2)
2540,2,Stage 2(浅睡2)
2541,2,Stage 2(浅睡2)
2542,2,Stage 2(浅睡2)
2543,2,Stage 2(浅睡2)
2544,2,Stage 2(浅睡2)
2545,2,Stage 2(浅睡2)
2546,2,Stage 2(浅睡2)
2547,2,Stage 2(浅睡2)
2548,2,Stage 2(浅睡2)
2549,2,Stage 2(浅睡2)
2550,2,Stage 2(浅睡2)
2551,2,Stage 2(浅睡2)
2552,2,Stage 2(浅睡2)
2553,2,Stage 2(浅睡2)
2554,2,Stage 2(浅睡2)
2555,2,Stage 2(浅睡2)
2556,2,Stage 2(浅睡2)
2557,2,Stage 2(浅睡2)
2558,2,Stage 2(浅睡2)
2559,2,Stage 2(浅睡2)
2560,2,Stage 2(浅睡2)
2561,2,Stage 2(浅睡2)
2562,2,Stage 2(浅睡2)
2563,2,Stage 2(浅睡2)
2564,2,Stage 2(浅睡2)
2565,2,Stage 2(浅睡2)
2566,2,Stage 2(浅睡2)
2567,2,Stage 2(浅睡2)
2568,2,Stage 2(浅睡2)
2569,2,Stage 2(浅睡2)
2570,2,Stage 2(浅睡2)
2571,2,Stage 2(浅睡2)
2572,2,Stage 2(浅睡2)
2573,2,Stage 2(浅睡2)
2574,2,Stage 2(浅睡2)
2575,2,Stage 2(浅睡2)
2576,2,Stage 2(浅睡2)
2577,2,Stage 2(浅睡2)
2578,2,Stage 2(浅睡2)
2579,2,Stage 2(浅睡2)
2580,2,Stage 2(浅睡2)
2581,2,Stage 2(浅睡2)
2582,2,Stage 2(浅睡2)
2583,2,Stage 2(浅睡2)
2584,2,Stage 2(浅睡2)
2585,2,Stage 2(浅睡2)
2586,2,Stage 2(浅睡2)
2587,2,Stage 2(浅睡2)
2588,2,Stage 2(浅睡2)
2589,2,Stage 2(浅睡2)
2590,2,Stage 2(浅睡2)
2591,2,Stage 2(浅睡2)
2592,2,Stage 2(浅睡2)
2593,2,Stage 2(浅睡2)
2594,2,Stage 2(浅睡2)
2595,2,Stage 2(浅睡2)
2596,2,Stage 2(浅睡2)
2597,2,Stage 2(浅睡2)
2598,2,Stage 2(浅睡2)
2599,2,Stage 2(浅睡2)
2600,2,Stage 2(浅睡2)
2601,2,Stage 2(浅睡2)
2602,2,Stage 2(浅睡2)
2603,2,Stage 2(浅睡2)
2604,2,Stage 2(浅睡2)
2605,2,Stage 2(浅睡2)
2606,2,Stage 2(浅睡2)
2607,2,Stage 2(浅睡2)
2608,2,Stage 2(浅睡2)
2609,2,Stage 2(浅睡2)
2610,2,Stage 2(浅睡2)
2611,2,Stage 2(浅睡2)
2612,2,Stage 2(浅睡2)
2613,2,Stage 2(浅睡2)
2614,2,Stage 2(浅睡2)
2615,2,Stage 2(浅睡2)
2616,2,Stage 2(浅睡2)
2617,2,Stage 2(浅睡2)
2618,2,Stage 2(浅睡2)
2619,2,Stage 2(浅睡2)
2620,2,Stage 2(浅睡2)
2621,2,Stage 2(浅睡2)
2622,2,Stage 2(浅睡2)
2623,2,Stage 2(浅睡2)
2624,2,Stage 2(浅睡2)
2625,2,Stage 2(浅睡2)
2626,2,Stage 2(浅睡2)
2627,2,Stage 2(浅睡2)
2628,2,Stage 2(浅睡2)
2629,2,Stage 2(浅睡2)
2630,2,Stage 2(浅睡2)
2631,2,Stage 2(浅睡2)
2632,2,Stage 2(浅睡2)
2633,2,Stage 2(浅睡2)
2634,2,Stage 2(浅睡2)
2635,2,Stage 2(浅睡2)
2636,2,Stage 2(浅睡2)
2637,2,Stage 2(浅睡2)
2638,2,Stage 2(浅睡2)
2639,2,Stage 2(浅睡2)
2640,2,Stage 2(浅睡2)
2641,2,Stage 2(浅睡2)
2642,2,Stage 2(浅睡2)
2643,2,Stage 2(浅睡2)
2644,2,Stage 2(浅睡2)
2645,2,Stage 2(浅睡2)
2646,2,Stage 2(浅睡2)
2647,2,Stage 2(浅睡2)
2648,2,Stage 2(浅睡2)
2649,2,Stage 2(浅睡2)
2650,2,Stage 2(浅睡2)
2651,2,Stage 2(浅睡2)
2652,2,Stage 2(浅睡2)
2653,2,Stage 2(浅睡2)
2654,2,Stage 2(浅睡2)
2655,2,Stage 2(浅睡2)
2656,2,Stage 2(浅睡2)
2657,2,Stage 2(浅睡2)
2658,2,Stage 2(浅睡2)
2659,2,Stage 2(浅睡2)
2660,2,Stage 2(浅睡2)
2661,2,Stage 2(浅睡2)
2662,2,Stage 2(浅睡2)
2663,2,Stage 2(浅睡2)
2664,2,Stage 2(浅睡2)
2665,2,Stage 2(浅睡2)
2666,2,Stage 2(浅睡2)
2667,2,Stage 2(浅睡2)
2668,2,Stage 2(浅睡2)
2669,2,Stage 2(浅睡2)
2670,2,Stage 2(浅睡2)
2671,2,Stage 2(浅睡2)
2672,2,Stage 2(浅睡2)
2673,2,Stage 2(浅睡2)
2674,2,Stage 2(浅睡2)
2675,2,Stage 2(浅睡2)
2676,2,Stage 2(浅睡2)
2677,2,Stage 2(浅睡2)
2678,0,Wake(清醒)
2679,0,Wake(清醒)
2680,0,Wake(清醒)
2681,0,Wake(清醒)
2682,0,Wake(清醒)
2683,0,Wake(清醒)
2684,0,Wake(清醒)
2685,1,Stage 1(浅睡1)
2686,1,Stage 1(浅睡1)
2687,1,Stage 1(浅睡1)
2688,1,Stage 1(浅睡1)
2689,1,Stage 1(浅睡1)
2690,1,Stage 1(浅睡1)
2691,1,Stage 1(浅睡1)
2692,1,Stage 1(浅睡1)
2693,1,Stage 1(浅睡1)
2694,1,Stage 1(浅睡1)
2695,1,Stage 1(浅睡1)
2696,1,Stage 1(浅睡1)
2697,1,Stage 1(浅睡1)
2698,2,Stage 2(浅睡2)
2699,2,Stage 2(浅睡2)
2700,2,Stage 2(浅睡2)
2701,2,Stage 2(浅睡2)
2702,2,Stage 2(浅睡2)
2703,2,Stage 2(浅睡2)
2704,2,Stage 2(浅睡2)
2705,2,Stage 2(浅睡2)
2706,2,Stage 2(浅睡2)
2707,2,Stage 2(浅睡2)
2708,2,Stage 2(浅睡2)
2709,2,Stage 2(浅睡2)
2710,2,Stage 2(浅睡2)
2711,2,Stage 2(浅睡2)
2712,2,Stage 2(浅睡2)
2713,2,Stage 2(浅睡2)
2714,2,Stage 2(浅睡2)
2715,2,Stage 2(浅睡2)
2716,2,Stage 2(浅睡2)
2717,2,Stage 2(浅睡2)
2718,2,Stage 2(浅睡2)
2719,2,Stage 2(浅睡2)
2720,2,Stage 2(浅睡2)
2721,2,Stage 2(浅睡2)
2722,2,Stage 2(浅睡2)
2723,2,Stage 2(浅睡2)
2724,2,Stage 2(浅睡2)
2725,2,Stage 2(浅睡2)
2726,2,Stage 2(浅睡2)
2727,2,Stage 2(浅睡2)
2728,2,Stage 2(浅睡2)
2729,2,Stage 2(浅睡2)
2730,2,Stage 2(浅睡2)
2731,2,Stage 2(浅睡2)
2732,2,Stage 2(浅睡2)
2733,2,Stage 2(浅睡2)
2734,2,Stage 2(浅睡2)
2735,2,Stage 2(浅睡2)
2736,2,Stage 2(浅睡2)
2737,2,Stage 2(浅睡2)
2738,2,Stage 2(浅睡2)
2739,2,Stage 2(浅睡2)
2740,2,Stage 2(浅睡2)
2741,2,Stage 2(浅睡2)
2742,2,Stage 2(浅睡2)
2743,2,Stage 2(浅睡2)
2744,2,Stage 2(浅睡2)
2745,2,Stage 2(浅睡2)
2746,2,Stage 2(浅睡2)
2747,2,Stage 2(浅睡2)
2748,2,Stage 2(浅睡2)
2749,2,Stage 2(浅睡2)
2750,2,Stage 2(浅睡2)
2751,2,Stage 2(浅睡2)
2752,2,Stage 2(浅睡2)
2753,2,Stage 2(浅睡2)
2754,2,Stage 2(浅睡2)
2755,2,Stage 2(浅睡2)
2756,2,Stage 2(浅睡2)
2757,2,Stage 2(浅睡2)
2758,2,Stage 2(浅睡2)
2759,2,Stage 2(浅睡2)
2760,2,Stage 2(浅睡2)
2761,2,Stage 2(浅睡2)
2762,2,Stage 2(浅睡2)
2763,2,Stage 2(浅睡2)
2764,2,Stage 2(浅睡2)
2765,2,Stage 2(浅睡2)
2766,2,Stage 2(浅睡2)
2767,2,Stage 2(浅睡2)
2768,2,Stage 2(浅睡2)
2769,2,Stage 2(浅睡2)
2770,2,Stage 2(浅睡2)
2771,2,Stage 2(浅睡2)
2772,2,Stage 2(浅睡2)
2773,2,Stage 2(浅睡2)
2774,2,Stage 2(浅睡2)
2775,2,Stage 2(浅睡2)
2776,2,Stage 2(浅睡2)
2777,2,Stage 2(浅睡2)
2778,2,Stage 2(浅睡2)
2779,2,Stage 2(浅睡2)
2780,2,Stage 2(浅睡2)
2781,2,Stage 2(浅睡2)
2782,2,Stage 2(浅睡2)
2783,2,Stage 2(浅睡2)
2784,2,Stage 2(浅睡2)
2785,2,Stage 2(浅睡2)
2786,2,Stage 2(浅睡2)
2787,2,Stage 2(浅睡2)
2788,2,Stage 2(浅睡2)
2789,2,Stage 2(浅睡2)
2790,2,Stage 2(浅睡2)
2791,2,Stage 2(浅睡2)
2792,2,Stage 2(浅睡2)
2793,2,Stage 2(浅睡2)
2794,2,Stage 2(浅睡2)
2795,2,Stage 2(浅睡2)
2796,2,Stage 2(浅睡2)
2797,2,Stage 2(浅睡2)
2798,2,Stage 2(浅睡2)
2799,2,Stage 2(浅睡2)
2800,2,Stage 2(浅睡2)
2801,2,Stage 2(浅睡2)
2802,2,Stage 2(浅睡2)
2803,2,Stage 2(浅睡2)
2804,2,Stage 2(浅睡2)
2805,2,Stage 2(浅睡2)
2806,2,Stage 2(浅睡2)
2807,2,Stage 2(浅睡2)
2808,2,Stage 2(浅睡2)
2809,2,Stage 2(浅睡2)
2810,2,Stage 2(浅睡2)
2811,2,Stage 2(浅睡2)
2812,2,Stage 2(浅睡2)
2813,2,Stage 2(浅睡2)
2814,2,Stage 2(浅睡2)
2815,2,Stage 2(浅睡2)
2816,2,Stage 2(浅睡2)
2817,2,Stage 2(浅睡2)
2818,2,Stage 2(浅睡2)
2819,2,Stage 2(浅睡2)
2820,2,Stage 2(浅睡2)
2821,2,Stage 2(浅睡2)
2822,2,Stage 2(浅睡2)
2823,2,Stage 2(浅睡2)
2824,2,Stage 2(浅睡2)
2825,2,Stage 2(浅睡2)
2826,2,Stage 2(浅睡2)
2827,2,Stage 2(浅睡2)
2828,2,Stage 2(浅睡2)
2829,2,Stage 2(浅睡2)
2830,2,Stage 2(浅睡2)
2831,2,Stage 2(浅睡2)
2832,2,Stage 2(浅睡2)
2833,2,Stage 2(浅睡2)
2834,2,Stage 2(浅睡2)
2835,2,Stage 2(浅睡2)
2836,2,Stage 2(浅睡2)
2837,2,Stage 2(浅睡2)
2838,2,Stage 2(浅睡2)
2839,2,Stage 2(浅睡2)
2840,2,Stage 2(浅睡2)
2841,2,Stage 2(浅睡2)
2842,2,Stage 2(浅睡2)
2843,2,Stage 2(浅睡2)
2844,2,Stage 2(浅睡2)
2845,2,Stage 2(浅睡2)
2846,2,Stage 2(浅睡2)
2847,2,Stage 2(浅睡2)
2848,2,Stage 2(浅睡2)
2849,2,Stage 2(浅睡2)
2850,2,Stage 2(浅睡2)
2851,2,Stage 2(浅睡2)
2852,2,Stage 2(浅睡2)
2853,2,Stage 2(浅睡2)
2854,2,Stage 2(浅睡2)
2855,2,Stage 2(浅睡2)
2856,2,Stage 2(浅睡2)
2857,2,Stage 2(浅睡2)
2858,2,Stage 2(浅睡2)
2859,2,Stage 2(浅睡2)
2860,2,Stage 2(浅睡2)
2861,2,Stage 2(浅睡2)
2862,2,Stage 2(浅睡2)
2863,2,Stage 2(浅睡2)
2864,2,Stage 2(浅睡2)
2865,2,Stage 2(浅睡2)
2866,2,Stage 2(浅睡2)
2867,2,Stage 2(浅睡2)
2868,2,Stage 2(浅睡2)
2869,2,Stage 2(浅睡2)
2870,2,Stage 2(浅睡2)
2871,2,Stage 2(浅睡2)
2872,2,Stage 2(浅睡2)
2873,2,Stage 2(浅睡2)
2874,2,Stage 2(浅睡2)
2875,2,Stage 2(浅睡2)
2876,2,Stage 2(浅睡2)
2877,2,Stage 2(浅睡2)
2878,2,Stage 2(浅睡2)
2879,2,Stage 2(浅睡2)
2880,2,Stage 2(浅睡2)
2881,2,Stage 2(浅睡2)
2882,2,Stage 2(浅睡2)
2883,2,Stage 2(浅睡2)
2884,2,Stage 2(浅睡2)
2885,2,Stage 2(浅睡2)
2886,2,Stage 2(浅睡2)
2887,2,Stage 2(浅睡2)
2888,2,Stage 2(浅睡2)
2889,2,Stage 2(浅睡2)
2890,2,Stage 2(浅睡2)
2891,2,Stage 2(浅睡2)
2892,2,Stage 2(浅睡2)
2893,2,Stage 2(浅睡2)
2894,2,Stage 2(浅睡2)
2895,2,Stage 2(浅睡2)
2896,2,Stage 2(浅睡2)
2897,2,Stage 2(浅睡2)
2898,2,Stage 2(浅睡2)
2899,2,Stage 2(浅睡2)
2900,2,Stage 2(浅睡2)
2901,2,Stage 2(浅睡2)
2902,2,Stage 2(浅睡2)
2903,2,Stage 2(浅睡2)
2904,2,Stage 2(浅睡2)
2905,2,Stage 2(浅睡2)
2906,2,Stage 2(浅睡2)
2907,2,Stage 2(浅睡2)
2908,2,Stage 2(浅睡2)
2909,2,Stage 2(浅睡2)
2910,2,Stage 2(浅睡2)
2911,2,Stage 2(浅睡2)
2912,2,Stage 2(浅睡2)
2913,2,Stage 2(浅睡2)
2914,2,Stage 2(浅睡2)
2915,2,Stage 2(浅睡2)
2916,2,Stage 2(浅睡2)
2917,2,Stage 2(浅睡2)
2918,2,Stage 2(浅睡2)
2919,2,Stage 2(浅睡2)
2920,2,Stage 2(浅睡2)
2921,2,Stage 2(浅睡2)
2922,2,Stage 2(浅睡2)
2923,2,Stage 2(浅睡2)
2924,2,Stage 2(浅睡2)
2925,2,Stage 2(浅睡2)
2926,2,Stage 2(浅睡2)
2927,2,Stage 2(浅睡2)
2928,2,Stage 2(浅睡2)
2929,2,Stage 2(浅睡2)
2930,2,Stage 2(浅睡2)
2931,2,Stage 2(浅睡2)
2932,2,Stage 2(浅睡2)
2933,2,Stage 2(浅睡2)
2934,2,Stage 2(浅睡2)
2935,2,Stage 2(浅睡2)
2936,2,Stage 2(浅睡2)
2937,2,Stage 2(浅睡2)
2938,2,Stage 2(浅睡2)
2939,2,Stage 2(浅睡2)
2940,2,Stage 2(浅睡2)
2941,2,Stage 2(浅睡2)
2942,2,Stage 2(浅睡2)
2943,2,Stage 2(浅睡2)
2944,2,Stage 2(浅睡2)
2945,2,Stage 2(浅睡2)
2946,2,Stage 2(浅睡2)
2947,2,Stage 2(浅睡2)
2948,2,Stage 2(浅睡2)
2949,2,Stage 2(浅睡2)
2950,2,Stage 2(浅睡2)
2951,2,Stage 2(浅睡2)
2952,2,Stage 2(浅睡2)
2953,2,Stage 2(浅睡2)
2954,2,Stage 2(浅睡2)
2955,2,Stage 2(浅睡2)
2956,2,Stage 2(浅睡2)
2957,2,Stage 2(浅睡2)
2958,2,Stage 2(浅睡2)
2959,0,Wake(清醒)
2960,0,Wake(清醒)
2961,0,Wake(清醒)
2962,0,Wake(清醒)
2963,0,Wake(清醒)
2964,0,Wake(清醒)
2965,0,Wake(清醒)
2966,2,Stage 2(浅睡2)
2967,0,Wake(清醒)
2968,2,Stage 2(浅睡2)
2969,2,Stage 2(浅睡2)
2970,2,Stage 2(浅睡2)
2971,2,Stage 2(浅睡2)
2972,2,Stage 2(浅睡2)
2973,2,Stage 2(浅睡2)
2974,2,Stage 2(浅睡2)
2975,2,Stage 2(浅睡2)
2976,2,Stage 2(浅睡2)
2977,2,Stage 2(浅睡2)
2978,2,Stage 2(浅睡2)
2979,2,Stage 2(浅睡2)
2980,2,Stage 2(浅睡2)
2981,2,Stage 2(浅睡2)
2982,2,Stage 2(浅睡2)
2983,2,Stage 2(浅睡2)
2984,2,Stage 2(浅睡2)
2985,2,Stage 2(浅睡2)
2986,2,Stage 2(浅睡2)
2987,2,Stage 2(浅睡2)
2988,2,Stage 2(浅睡2)
2989,2,Stage 2(浅睡2)
2990,2,Stage 2(浅睡2)
2991,2,Stage 2(浅睡2)
2992,2,Stage 2(浅睡2)
2993,2,Stage 2(浅睡2)
2994,2,Stage 2(浅睡2)
2995,2,Stage 2(浅睡2)
2996,2,Stage 2(浅睡2)
2997,2,Stage 2(浅睡2)
2998,2,Stage 2(浅睡2)
2999,2,Stage 2(浅睡2)
3000,2,Stage 2(浅睡2)
3001,2,Stage 2(浅睡2)
3002,2,Stage 2(浅睡2)
3003,2,Stage 2(浅睡2)
3004,2,Stage 2(浅睡2)
3005,2,Stage 2(浅睡2)
3006,2,Stage 2(浅睡2)
3007,2,Stage 2(浅睡2)
3008,2,Stage 2(浅睡2)
3009,2,Stage 2(浅睡2)
3010,2,Stage 2(浅睡2)
3011,2,Stage 2(浅睡2)
3012,2,Stage 2(浅睡2)
3013,2,Stage 2(浅睡2)
3014,2,Stage 2(浅睡2)
3015,2,Stage 2(浅睡2)
3016,2,Stage 2(浅睡2)
3017,2,Stage 2(浅睡2)
3018,2,Stage 2(浅睡2)
3019,2,Stage 2(浅睡2)
3020,2,Stage 2(浅睡2)
3021,2,Stage 2(浅睡2)
3022,2,Stage 2(浅睡2)
3023,2,Stage 2(浅睡2)
3024,2,Stage 2(浅睡2)
3025,2,Stage 2(浅睡2)
3026,2,Stage 2(浅睡2)
3027,2,Stage 2(浅睡2)
3028,2,Stage 2(浅睡2)
3029,2,Stage 2(浅睡2)
3030,2,Stage 2(浅睡2)
3031,2,Stage 2(浅睡2)
3032,2,Stage 2(浅睡2)
3033,2,Stage 2(浅睡2)
3034,2,Stage 2(浅睡2)
3035,2,Stage 2(浅睡2)
3036,2,Stage 2(浅睡2)
3037,2,Stage 2(浅睡2)
3038,2,Stage 2(浅睡2)
3039,2,Stage 2(浅睡2)
3040,2,Stage 2(浅睡2)
3041,2,Stage 2(浅睡2)
3042,2,Stage 2(浅睡2)
3043,2,Stage 2(浅睡2)
3044,2,Stage 2(浅睡2)
3045,2,Stage 2(浅睡2)
3046,2,Stage 2(浅睡2)
3047,2,Stage 2(浅睡2)
3048,2,Stage 2(浅睡2)
3049,2,Stage 2(浅睡2)
3050,2,Stage 2(浅睡2)
3051,2,Stage 2(浅睡2)
3052,0,Wake(清醒)
3053,0,Wake(清醒)
3054,0,Wake(清醒)
3055,2,Stage 2(浅睡2)
3056,2,Stage 2(浅睡2)
3057,2,Stage 2(浅睡2)
3058,2,Stage 2(浅睡2)
3059,2,Stage 2(浅睡2)
3060,2,Stage 2(浅睡2)
3061,2,Stage 2(浅睡2)
3062,2,Stage 2(浅睡2)
3063,2,Stage 2(浅睡2)
3064,2,Stage 2(浅睡2)
3065,2,Stage 2(浅睡2)
3066,2,Stage 2(浅睡2)
3067,2,Stage 2(浅睡2)
3068,2,Stage 2(浅睡2)
3069,2,Stage 2(浅睡2)
3070,2,Stage 2(浅睡2)
3071,2,Stage 2(浅睡2)
3072,2,Stage 2(浅睡2)
3073,2,Stage 2(浅睡2)
3074,2,Stage 2(浅睡2)
3075,2,Stage 2(浅睡2)
3076,2,Stage 2(浅睡2)
3077,2,Stage 2(浅睡2)
3078,2,Stage 2(浅睡2)
3079,2,Stage 2(浅睡2)
3080,2,Stage 2(浅睡2)
3081,2,Stage 2(浅睡2)
3082,2,Stage 2(浅睡2)
3083,2,Stage 2(浅睡2)
3084,2,Stage 2(浅睡2)
3085,2,Stage 2(浅睡2)
3086,2,Stage 2(浅睡2)
3087,2,Stage 2(浅睡2)
3088,2,Stage 2(浅睡2)
3089,2,Stage 2(浅睡2)
3090,2,Stage 2(浅睡2)
3091,2,Stage 2(浅睡2)
3092,2,Stage 2(浅睡2)
3093,2,Stage 2(浅睡2)
3094,2,Stage 2(浅睡2)
3095,2,Stage 2(浅睡2)
3096,2,Stage 2(浅睡2)
3097,2,Stage 2(浅睡2)
3098,2,Stage 2(浅睡2)
3099,2,Stage 2(浅睡2)
3100,2,Stage 2(浅睡2)
3101,2,Stage 2(浅睡2)
3102,2,Stage 2(浅睡2)
3103,2,Stage 2(浅睡2)
3104,2,Stage 2(浅睡2)
3105,2,Stage 2(浅睡2)
3106,2,Stage 2(浅睡2)
3107,2,Stage 2(浅睡2)
3108,2,Stage 2(浅睡2)
3109,2,Stage 2(浅睡2)
3110,2,Stage 2(浅睡2)
3111,2,Stage 2(浅睡2)
3112,2,Stage 2(浅睡2)
3113,2,Stage 2(浅睡2)
3114,2,Stage 2(浅睡2)
3115,2,Stage 2(浅睡2)
3116,2,Stage 2(浅睡2)
3117,2,Stage 2(浅睡2)
3118,2,Stage 2(浅睡2)
3119,2,Stage 2(浅睡2)
3120,2,Stage 2(浅睡2)
3121,2,Stage 2(浅睡2)
3122,2,Stage 2(浅睡2)
3123,2,Stage 2(浅睡2)
3124,2,Stage 2(浅睡2)
3125,2,Stage 2(浅睡2)
3126,2,Stage 2(浅睡2)
3127,2,Stage 2(浅睡2)
3128,2,Stage 2(浅睡2)
3129,2,Stage 2(浅睡2)
3130,2,Stage 2(浅睡2)
3131,2,Stage 2(浅睡2)
3132,2,Stage 2(浅睡2)
3133,2,Stage 2(浅睡2)
3134,2,Stage 2(浅睡2)
3135,2,Stage 2(浅睡2)
3136,2,Stage 2(浅睡2)
3137,2,Stage 2(浅睡2)
3138,2,Stage 2(浅睡2)
3139,2,Stage 2(浅睡2)
3140,2,Stage 2(浅睡2)
3141,2,Stage 2(浅睡2)
3142,2,Stage 2(浅睡2)
3143,2,Stage 2(浅睡2)
3144,2,Stage 2(浅睡2)
3145,2,Stage 2(浅睡2)
3146,2,Stage 2(浅睡2)
3147,2,Stage 2(浅睡2)
3148,2,Stage 2(浅睡2)
3149,2,Stage 2(浅睡2)
3150,2,Stage 2(浅睡2)
3151,2,Stage 2(浅睡2)
3152,2,Stage 2(浅睡2)
3153,2,Stage 2(浅睡2)
3154,2,Stage 2(浅睡2)
3155,2,Stage 2(浅睡2)
3156,2,Stage 2(浅睡2)
3157,2,Stage 2(浅睡2)
3158,2,Stage 2(浅睡2)
3159,2,Stage 2(浅睡2)
3160,2,Stage 2(浅睡2)
3161,2,Stage 2(浅睡2)
3162,2,Stage 2(浅睡2)
3163,2,Stage 2(浅睡2)
3164,2,Stage 2(浅睡2)
3165,2,Stage 2(浅睡2)
3166,2,Stage 2(浅睡2)
3167,2,Stage 2(浅睡2)
3168,2,Stage 2(浅睡2)
3169,2,Stage 2(浅睡2)
3170,2,Stage 2(浅睡2)
3171,2,Stage 2(浅睡2)
3172,2,Stage 2(浅睡2)
3173,2,Stage 2(浅睡2)
3174,2,Stage 2(浅睡2)
3175,2,Stage 2(浅睡2)
3176,2,Stage 2(浅睡2)
3177,2,Stage 2(浅睡2)
3178,2,Stage 2(浅睡2)
3179,2,Stage 2(浅睡2)
3180,2,Stage 2(浅睡2)
3181,2,Stage 2(浅睡2)
3182,2,Stage 2(浅睡2)
3183,2,Stage 2(浅睡2)
3184,2,Stage 2(浅睡2)
3185,2,Stage 2(浅睡2)
3186,2,Stage 2(浅睡2)
3187,2,Stage 2(浅睡2)
3188,2,Stage 2(浅睡2)
3189,2,Stage 2(浅睡2)
3190,2,Stage 2(浅睡2)
3191,2,Stage 2(浅睡2)
3192,2,Stage 2(浅睡2)
3193,2,Stage 2(浅睡2)
3194,2,Stage 2(浅睡2)
3195,2,Stage 2(浅睡2)
3196,2,Stage 2(浅睡2)
3197,2,Stage 2(浅睡2)
3198,2,Stage 2(浅睡2)
3199,2,Stage 2(浅睡2)
3200,2,Stage 2(浅睡2)
3201,2,Stage 2(浅睡2)
3202,2,Stage 2(浅睡2)
3203,2,Stage 2(浅睡2)
3204,2,Stage 2(浅睡2)
3205,2,Stage 2(浅睡2)
3206,2,Stage 2(浅睡2)
3207,2,Stage 2(浅睡2)
3208,2,Stage 2(浅睡2)
3209,2,Stage 2(浅睡2)
3210,2,Stage 2(浅睡2)
3211,2,Stage 2(浅睡2)
3212,2,Stage 2(浅睡2)
3213,2,Stage 2(浅睡2)
3214,2,Stage 2(浅睡2)
3215,2,Stage 2(浅睡2)
3216,2,Stage 2(浅睡2)
3217,2,Stage 2(浅睡2)
3218,2,Stage 2(浅睡2)
3219,2,Stage 2(浅睡2)
3220,2,Stage 2(浅睡2)
3221,2,Stage 2(浅睡2)
3222,2,Stage 2(浅睡2)
3223,2,Stage 2(浅睡2)
3224,2,Stage 2(浅睡2)
3225,2,Stage 2(浅睡2)
3226,2,Stage 2(浅睡2)
3227,2,Stage 2(浅睡2)
3228,2,Stage 2(浅睡2)
3229,2,Stage 2(浅睡2)
3230,2,Stage 2(浅睡2)
3231,2,Stage 2(浅睡2)
3232,2,Stage 2(浅睡2)
3233,2,Stage 2(浅睡2)
3234,2,Stage 2(浅睡2)
3235,2,Stage 2(浅睡2)
3236,2,Stage 2(浅睡2)
3237,2,Stage 2(浅睡2)
3238,2,Stage 2(浅睡2)
3239,2,Stage 2(浅睡2)
3240,2,Stage 2(浅睡2)
3241,2,Stage 2(浅睡2)
3242,2,Stage 2(浅睡2)
3243,2,Stage 2(浅睡2)
3244,2,Stage 2(浅睡2)
3245,2,Stage 2(浅睡2)
3246,2,Stage 2(浅睡2)
3247,2,Stage 2(浅睡2)
3248,2,Stage 2(浅睡2)
3249,2,Stage 2(浅睡2)
3250,2,Stage 2(浅睡2)
3251,2,Stage 2(浅睡2)
3252,2,Stage 2(浅睡2)
3253,2,Stage 2(浅睡2)
3254,2,Stage 2(浅睡2)
3255,2,Stage 2(浅睡2)
3256,2,Stage 2(浅睡2)
3257,2,Stage 2(浅睡2)
3258,2,Stage 2(浅睡2)
3259,0,Wake(清醒)
3260,0,Wake(清醒)
3261,0,Wake(清醒)
3262,0,Wake(清醒)
3263,0,Wake(清醒)
3264,0,Wake(清醒)
3265,0,Wake(清醒)
3266,0,Wake(清醒)
3267,0,Wake(清醒)
3268,0,Wake(清醒)
3269,0,Wake(清醒)
3270,0,Wake(清醒)
3271,2,Stage 2(浅睡2)
3272,2,Stage 2(浅睡2)
3273,2,Stage 2(浅睡2)
3274,2,Stage 2(浅睡2)
3275,2,Stage 2(浅睡2)
3276,2,Stage 2(浅睡2)
3277,2,Stage 2(浅睡2)
3278,2,Stage 2(浅睡2)
3279,2,Stage 2(浅睡2)
3280,2,Stage 2(浅睡2)
3281,2,Stage 2(浅睡2)
3282,2,Stage 2(浅睡2)
3283,2,Stage 2(浅睡2)
3284,2,Stage 2(浅睡2)
3285,2,Stage 2(浅睡2)
3286,2,Stage 2(浅睡2)
3287,2,Stage 2(浅睡2)
3288,2,Stage 2(浅睡2)
3289,2,Stage 2(浅睡2)
3290,2,Stage 2(浅睡2)
3291,2,Stage 2(浅睡2)
3292,2,Stage 2(浅睡2)
3293,2,Stage 2(浅睡2)
3294,2,Stage 2(浅睡2)
3295,2,Stage 2(浅睡2)
3296,2,Stage 2(浅睡2)
3297,2,Stage 2(浅睡2)
3298,2,Stage 2(浅睡2)
3299,2,Stage 2(浅睡2)
3300,2,Stage 2(浅睡2)
3301,2,Stage 2(浅睡2)
3302,2,Stage 2(浅睡2)
3303,2,Stage 2(浅睡2)
3304,2,Stage 2(浅睡2)
3305,2,Stage 2(浅睡2)
3306,2,Stage 2(浅睡2)
3307,2,Stage 2(浅睡2)
3308,2,Stage 2(浅睡2)
3309,2,Stage 2(浅睡2)
3310,2,Stage 2(浅睡2)
3311,2,Stage 2(浅睡2)
3312,2,Stage 2(浅睡2)
3313,2,Stage 2(浅睡2)
3314,2,Stage 2(浅睡2)
3315,2,Stage 2(浅睡2)
3316,2,Stage 2(浅睡2)
3317,2,Stage 2(浅睡2)
3318,2,Stage 2(浅睡2)
3319,2,Stage 2(浅睡2)
3320,2,Stage 2(浅睡2)
3321,2,Stage 2(浅睡2)
3322,2,Stage 2(浅睡2)
3323,2,Stage 2(浅睡2)
3324,2,Stage 2(浅睡2)
3325,2,Stage 2(浅睡2)
3326,2,Stage 2(浅睡2)
3327,2,Stage 2(浅睡2)
3328,2,Stage 2(浅睡2)
3329,2,Stage 2(浅睡2)
3330,2,Stage 2(浅睡2)
3331,2,Stage 2(浅睡2)
3332,2,Stage 2(浅睡2)
3333,2,Stage 2(浅睡2)
3334,2,Stage 2(浅睡2)
3335,2,Stage 2(浅睡2)
3336,2,Stage 2(浅睡2)
3337,2,Stage 2(浅睡2)
3338,2,Stage 2(浅睡2)
3339,2,Stage 2(浅睡2)
3340,2,Stage 2(浅睡2)
3341,2,Stage 2(浅睡2)
3342,2,Stage 2(浅睡2)
3343,2,Stage 2(浅睡2)
3344,2,Stage 2(浅睡2)
3345,2,Stage 2(浅睡2)
3346,2,Stage 2(浅睡2)
3347,2,Stage 2(浅睡2)
3348,2,Stage 2(浅睡2)
3349,2,Stage 2(浅睡2)
3350,2,Stage 2(浅睡2)
3351,2,Stage 2(浅睡2)
3352,2,Stage 2(浅睡2)
3353,2,Stage 2(浅睡2)
3354,2,Stage 2(浅睡2)
3355,2,Stage 2(浅睡2)
3356,2,Stage 2(浅睡2)
3357,2,Stage 2(浅睡2)
3358,2,Stage 2(浅睡2)
3359,2,Stage 2(浅睡2)
3360,2,Stage 2(浅睡2)
3361,2,Stage 2(浅睡2)
3362,2,Stage 2(浅睡2)
3363,2,Stage 2(浅睡2)
3364,2,Stage 2(浅睡2)
3365,2,Stage 2(浅睡2)
3366,2,Stage 2(浅睡2)
3367,2,Stage 2(浅睡2)
3368,2,Stage 2(浅睡2)
3369,2,Stage 2(浅睡2)
3370,2,Stage 2(浅睡2)
3371,2,Stage 2(浅睡2)
3372,2,Stage 2(浅睡2)
3373,2,Stage 2(浅睡2)
3374,2,Stage 2(浅睡2)
3375,2,Stage 2(浅睡2)
3376,2,Stage 2(浅睡2)
3377,2,Stage 2(浅睡2)
3378,2,Stage 2(浅睡2)
3379,2,Stage 2(浅睡2)
3380,2,Stage 2(浅睡2)
3381,4,REM(做梦)
3382,4,REM(做梦)
3383,4,REM(做梦)
3384,4,REM(做梦)
3385,2,Stage 2(浅睡2)
3386,4,REM(做梦)
3387,4,REM(做梦)
3388,4,REM(做梦)
3389,4,REM(做梦)
3390,4,REM(做梦)
3391,4,REM(做梦)
3392,4,REM(做梦)
3393,4,REM(做梦)
3394,4,REM(做梦)
3395,4,REM(做梦)
3396,4,REM(做梦)
3397,4,REM(做梦)
3398,4,REM(做梦)
3399,4,REM(做梦)
3400,2,Stage 2(浅睡2)
3401,2,Stage 2(浅睡2)
3402,4,REM(做梦)
3403,2,Stage 2(浅睡2)
3404,4,REM(做梦)
3405,4,REM(做梦)
3406,4,REM(做梦)
3407,4,REM(做梦)
3408,4,REM(做梦)
3409,4,REM(做梦)
3410,4,REM(做梦)
3411,2,Stage 2(浅睡2)
3412,2,Stage 2(浅睡2)
3413,2,Stage 2(浅睡2)
3414,4,REM(做梦)
3415,4,REM(做梦)
3416,4,REM(做梦)
3417,4,REM(做梦)
3418,4,REM(做梦)
3419,4,REM(做梦)
3420,4,REM(做梦)
3421,4,REM(做梦)
3422,4,REM(做梦)
3423,4,REM(做梦)
3424,4,REM(做梦)
3425,4,REM(做梦)
3426,4,REM(做梦)
3427,4,REM(做梦)
3428,4,REM(做梦)
3429,4,REM(做梦)
3430,4,REM(做梦)
3431,4,REM(做梦)
3432,4,REM(做梦)
3433,4,REM(做梦)
3434,4,REM(做梦)
3435,4,REM(做梦)
3436,4,REM(做梦)
3437,4,REM(做梦)
3438,4,REM(做梦)
3439,4,REM(做梦)
3440,4,REM(做梦)
3441,4,REM(做梦)
3442,4,REM(做梦)
3443,4,REM(做梦)
3444,4,REM(做梦)
3445,4,REM(做梦)
3446,4,REM(做梦)
3447,4,REM(做梦)
3448,4,REM(做梦)
3449,4,REM(做梦)
3450,4,REM(做梦)
3451,4,REM(做梦)
3452,4,REM(做梦)
3453,0,Wake(清醒)
3454,0,Wake(清醒)
3455,4,REM(做梦)
3456,4,REM(做梦)
3457,4,REM(做梦)
3458,4,REM(做梦)
3459,4,REM(做梦)
3460,4,REM(做梦)
3461,4,REM(做梦)
3462,4,REM(做梦)
3463,4,REM(做梦)
3464,4,REM(做梦)
3465,4,REM(做梦)
3466,4,REM(做梦)
3467,4,REM(做梦)
3468,4,REM(做梦)
3469,4,REM(做梦)
3470,4,REM(做梦)
3471,4,REM(做梦)
3472,4,REM(做梦)
3473,4,REM(做梦)
3474,4,REM(做梦)
3475,4,REM(做梦)
3476,4,REM(做梦)
3477,4,REM(做梦)
3478,4,REM(做梦)
3479,4,REM(做梦)
3480,4,REM(做梦)
3481,4,REM(做梦)
3482,4,REM(做梦)
3483,4,REM(做梦)
3484,4,REM(做梦)
3485,4,REM(做梦)
3486,4,REM(做梦)
3487,4,REM(做梦)
3488,4,REM(做梦)
3489,4,REM(做梦)
3490,4,REM(做梦)
3491,4,REM(做梦)
3492,4,REM(做梦)
3493,4,REM(做梦)
3494,4,REM(做梦)
3495,4,REM(做梦)
3496,4,REM(做梦)
3497,4,REM(做梦)
3498,4,REM(做梦)
3499,4,REM(做梦)
3500,4,REM(做梦)
3501,4,REM(做梦)
3502,4,REM(做梦)
3503,4,REM(做梦)
3504,4,REM(做梦)
3505,4,REM(做梦)
3506,4,REM(做梦)
3507,4,REM(做梦)
3508,4,REM(做梦)
3509,4,REM(做梦)
3510,4,REM(做梦)
3511,4,REM(做梦)
3512,4,REM(做梦)
3513,4,REM(做梦)
3514,4,REM(做梦)
3515,4,REM(做梦)
3516,4,REM(做梦)
3517,4,REM(做梦)
3518,4,REM(做梦)
3519,4,REM(做梦)
3520,4,REM(做梦)
3521,4,REM(做梦)
3522,4,REM(做梦)
3523,4,REM(做梦)
3524,4,REM(做梦)
3525,4,REM(做梦)
3526,4,REM(做梦)
3527,4,REM(做梦)
3528,4,REM(做梦)
3529,4,REM(做梦)
3530,4,REM(做梦)
3531,4,REM(做梦)
3532,4,REM(做梦)
3533,4,REM(做梦)
3534,4,REM(做梦)
3535,4,REM(做梦)
3536,4,REM(做梦)
3537,4,REM(做梦)
3538,4,REM(做梦)
3539,4,REM(做梦)
3540,4,REM(做梦)
3541,4,REM(做梦)
3542,4,REM(做梦)
3543,4,REM(做梦)
3544,4,REM(做梦)
3545,4,REM(做梦)
3546,4,REM(做梦)
3547,4,REM(做梦)
3548,4,REM(做梦)
3549,4,REM(做梦)
3550,4,REM(做梦)
3551,4,REM(做梦)
3552,4,REM(做梦)
3553,4,REM(做梦)
3554,4,REM(做梦)
3555,4,REM(做梦)
3556,4,REM(做梦)
3557,4,REM(做梦)
3558,4,REM(做梦)
3559,4,REM(做梦)
3560,4,REM(做梦)
3561,4,REM(做梦)
3562,4,REM(做梦)
3563,4,REM(做梦)
3564,4,REM(做梦)
3565,4,REM(做梦)
3566,4,REM(做梦)
3567,4,REM(做梦)
3568,4,REM(做梦)
3569,4,REM(做梦)
3570,4,REM(做梦)
3571,4,REM(做梦)
3572,4,REM(做梦)
3573,4,REM(做梦)
3574,4,REM(做梦)
3575,4,REM(做梦)
3576,4,REM(做梦)
3577,4,REM(做梦)
3578,4,REM(做梦)
3579,4,REM(做梦)
3580,4,REM(做梦)
3581,4,REM(做梦)
3582,4,REM(做梦)
3583,4,REM(做梦)
3584,4,REM(做梦)
3585,4,REM(做梦)
3586,4,REM(做梦)
3587,4,REM(做梦)
3588,4,REM(做梦)
3589,4,REM(做梦)
3590,4,REM(做梦)
3591,4,REM(做梦)
3592,4,REM(做梦)
3593,4,REM(做梦)
3594,4,REM(做梦)
3595,4,REM(做梦)
3596,4,REM(做梦)
3597,4,REM(做梦)
3598,4,REM(做梦)
3599,4,REM(做梦)
3600,4,REM(做梦)
3601,4,REM(做梦)
3602,4,REM(做梦)
3603,4,REM(做梦)
3604,4,REM(做梦)
3605,4,REM(做梦)
3606,4,REM(做梦)
3607,4,REM(做梦)
3608,4,REM(做梦)
3609,4,REM(做梦)
3610,4,REM(做梦)
3611,4,REM(做梦)
3612,4,REM(做梦)
3613,4,REM(做梦)
3614,4,REM(做梦)
3615,4,REM(做梦)
3616,4,REM(做梦)
3617,4,REM(做梦)
3618,4,REM(做梦)
3619,4,REM(做梦)
3620,4,REM(做梦)
3621,4,REM(做梦)
3622,4,REM(做梦)
3623,4,REM(做梦)
3624,4,REM(做梦)
3625,4,REM(做梦)
3626,4,REM(做梦)
3627,4,REM(做梦)
3628,4,REM(做梦)
3629,4,REM(做梦)
3630,4,REM(做梦)
3631,4,REM(做梦)
3632,4,REM(做梦)
3633,4,REM(做梦)
3634,4,REM(做梦)
3635,4,REM(做梦)
3636,4,REM(做梦)
3637,4,REM(做梦)
3638,4,REM(做梦)
3639,4,REM(做梦)
3640,4,REM(做梦)
3641,4,REM(做梦)
3642,4,REM(做梦)
3643,4,REM(做梦)
3644,4,REM(做梦)
3645,4,REM(做梦)
3646,4,REM(做梦)
3647,4,REM(做梦)
3648,4,REM(做梦)
3649,4,REM(做梦)
3650,4,REM(做梦)
3651,4,REM(做梦)
3652,4,REM(做梦)
3653,4,REM(做梦)
3654,4,REM(做梦)
3655,4,REM(做梦)
3656,4,REM(做梦)
3657,4,REM(做梦)
3658,4,REM(做梦)
3659,4,REM(做梦)
3660,4,REM(做梦)
3661,4,REM(做梦)
3662,4,REM(做梦)
3663,4,REM(做梦)
3664,4,REM(做梦)
3665,4,REM(做梦)
3666,4,REM(做梦)
3667,4,REM(做梦)
3668,4,REM(做梦)
3669,4,REM(做梦)
3670,4,REM(做梦)
3671,4,REM(做梦)
3672,4,REM(做梦)
3673,4,REM(做梦)
3674,4,REM(做梦)
3675,4,REM(做梦)
3676,4,REM(做梦)
3677,4,REM(做梦)
3678,4,REM(做梦)
3679,4,REM(做梦)
3680,4,REM(做梦)
3681,4,REM(做梦)
3682,4,REM(做梦)
3683,4,REM(做梦)
3684,4,REM(做梦)
3685,4,REM(做梦)
3686,4,REM(做梦)
3687,4,REM(做梦)
3688,4,REM(做梦)
3689,4,REM(做梦)
3690,4,REM(做梦)
3691,4,REM(做梦)
3692,4,REM(做梦)
3693,4,REM(做梦)
3694,4,REM(做梦)
3695,4,REM(做梦)
3696,4,REM(做梦)
3697,4,REM(做梦)
3698,4,REM(做梦)
3699,4,REM(做梦)
3700,4,REM(做梦)
3701,4,REM(做梦)
3702,4,REM(做梦)
3703,4,REM(做梦)
3704,4,REM(做梦)
3705,4,REM(做梦)
3706,4,REM(做梦)
3707,4,REM(做梦)
3708,4,REM(做梦)
3709,4,REM(做梦)
3710,4,REM(做梦)
3711,4,REM(做梦)
3712,4,REM(做梦)
3713,4,REM(做梦)
3714,4,REM(做梦)
3715,4,REM(做梦)
3716,4,REM(做梦)
3717,4,REM(做梦)
3718,4,REM(做梦)
3719,4,REM(做梦)
3720,4,REM(做梦)
3721,4,REM(做梦)
3722,4,REM(做梦)
3723,4,REM(做梦)
3724,4,REM(做梦)
3725,4,REM(做梦)
3726,4,REM(做梦)
3727,4,REM(做梦)
3728,4,REM(做梦)
3729,4,REM(做梦)
3730,4,REM(做梦)
3731,4,REM(做梦)
3732,4,REM(做梦)
3733,4,REM(做梦)
3734,4,REM(做梦)
3735,4,REM(做梦)
3736,4,REM(做梦)
3737,4,REM(做梦)
3738,4,REM(做梦)
3739,4,REM(做梦)
3740,4,REM(做梦)
3741,4,REM(做梦)
3742,4,REM(做梦)
3743,4,REM(做梦)
3744,4,REM(做梦)
3745,4,REM(做梦)
3746,4,REM(做梦)
3747,4,REM(做梦)
3748,4,REM(做梦)
3749,4,REM(做梦)
3750,4,REM(做梦)
3751,4,REM(做梦)
3752,4,REM(做梦)
3753,4,REM(做梦)
3754,4,REM(做梦)
3755,4,REM(做梦)
3756,4,REM(做梦)
3757,4,REM(做梦)
3758,4,REM(做梦)
3759,4,REM(做梦)
3760,4,REM(做梦)
3761,4,REM(做梦)
3762,4,REM(做梦)
3763,4,REM(做梦)
3764,4,REM(做梦)
3765,4,REM(做梦)
3766,4,REM(做梦)
3767,4,REM(做梦)
3768,4,REM(做梦)
3769,4,REM(做梦)
3770,2,Stage 2(浅睡2)
3771,4,REM(做梦)
3772,4,REM(做梦)
3773,4,REM(做梦)
3774,4,REM(做梦)
3775,4,REM(做梦)
3776,4,REM(做梦)
3777,4,REM(做梦)
3778,2,Stage 2(浅睡2)
3779,4,REM(做梦)
3780,4,REM(做梦)
3781,2,Stage 2(浅睡2)
3782,4,REM(做梦)
3783,4,REM(做梦)
3784,4,REM(做梦)
3785,4,REM(做梦)
3786,4,REM(做梦)
3787,4,REM(做梦)
3788,4,REM(做梦)
3789,4,REM(做梦)
3790,4,REM(做梦)
3791,4,REM(做梦)
3792,4,REM(做梦)
3793,4,REM(做梦)
3794,4,REM(做梦)
3795,4,REM(做梦)
3796,4,REM(做梦)
3797,4,REM(做梦)
3798,4,REM(做梦)
3799,4,REM(做梦)
3800,4,REM(做梦)
3801,4,REM(做梦)
3802,4,REM(做梦)
3803,4,REM(做梦)
3804,4,REM(做梦)
3805,2,Stage 2(浅睡2)
3806,2,Stage 2(浅睡2)
3807,2,Stage 2(浅睡2)
3808,2,Stage 2(浅睡2)
3809,4,REM(做梦)
3810,2,Stage 2(浅睡2)
3811,2,Stage 2(浅睡2)
3812,4,REM(做梦)
3813,4,REM(做梦)
3814,2,Stage 2(浅睡2)
3815,2,Stage 2(浅睡2)
3816,2,Stage 2(浅睡2)
3817,2,Stage 2(浅睡2)
3818,2,Stage 2(浅睡2)
3819,2,Stage 2(浅睡2)
3820,2,Stage 2(浅睡2)
3821,4,REM(做梦)
3822,4,REM(做梦)
3823,4,REM(做梦)
3824,4,REM(做梦)
3825,2,Stage 2(浅睡2)
3826,2,Stage 2(浅睡2)
3827,2,Stage 2(浅睡2)
3828,2,Stage 2(浅睡2)
3829,4,REM(做梦)
3830,4,REM(做梦)
3831,0,Wake(清醒)
3832,0,Wake(清醒)
3833,4,REM(做梦)
3834,4,REM(做梦)
3835,4,REM(做梦)
3836,0,Wake(清醒)
3837,1,Stage 1(浅睡1)
3838,0,Wake(清醒)
3839,0,Wake(清醒)
3840,0,Wake(清醒)
3841,1,Stage 1(浅睡1)
3842,1,Stage 1(浅睡1)
3843,1,Stage 1(浅睡1)
3844,1,Stage 1(浅睡1)
3845,1,Stage 1(浅睡1)
3846,1,Stage 1(浅睡1)
3847,1,Stage 1(浅睡1)
3848,1,Stage 1(浅睡1)
3849,1,Stage 1(浅睡1)
3850,1,Stage 1(浅睡1)
3851,1,Stage 1(浅睡1)
3852,1,Stage 1(浅睡1)
3853,1,Stage 1(浅睡1)
3854,2,Stage 2(浅睡2)
3855,1,Stage 1(浅睡1)
3856,1,Stage 1(浅睡1)
3857,2,Stage 2(浅睡2)
3858,2,Stage 2(浅睡2)
3859,2,Stage 2(浅睡2)
3860,2,Stage 2(浅睡2)
3861,2,Stage 2(浅睡2)
3862,2,Stage 2(浅睡2)
3863,2,Stage 2(浅睡2)
3864,2,Stage 2(浅睡2)
3865,2,Stage 2(浅睡2)
3866,2,Stage 2(浅睡2)
3867,2,Stage 2(浅睡2)
3868,2,Stage 2(浅睡2)
3869,2,Stage 2(浅睡2)
3870,2,Stage 2(浅睡2)
3871,2,Stage 2(浅睡2)
3872,2,Stage 2(浅睡2)
3873,2,Stage 2(浅睡2)
3874,2,Stage 2(浅睡2)
3875,2,Stage 2(浅睡2)
3876,2,Stage 2(浅睡2)
3877,2,Stage 2(浅睡2)
3878,2,Stage 2(浅睡2)
3879,2,Stage 2(浅睡2)
3880,2,Stage 2(浅睡2)
3881,2,Stage 2(浅睡2)
3882,2,Stage 2(浅睡2)
3883,2,Stage 2(浅睡2)
3884,2,Stage 2(浅睡2)
3885,2,Stage 2(浅睡2)
3886,2,Stage 2(浅睡2)
3887,2,Stage 2(浅睡2)
3888,2,Stage 2(浅睡2)
3889,2,Stage 2(浅睡2)
3890,2,Stage 2(浅睡2)
3891,2,Stage 2(浅睡2)
3892,2,Stage 2(浅睡2)
3893,2,Stage 2(浅睡2)
3894,2,Stage 2(浅睡2)
3895,2,Stage 2(浅睡2)
3896,2,Stage 2(浅睡2)
3897,2,Stage 2(浅睡2)
3898,2,Stage 2(浅睡2)
3899,2,Stage 2(浅睡2)
3900,2,Stage 2(浅睡2)
3901,2,Stage 2(浅睡2)
3902,2,Stage 2(浅睡2)
3903,2,Stage 2(浅睡2)
3904,2,Stage 2(浅睡2)
3905,2,Stage 2(浅睡2)
3906,2,Stage 2(浅睡2)
3907,2,Stage 2(浅睡2)
3908,2,Stage 2(浅睡2)
3909,2,Stage 2(浅睡2)
3910,2,Stage 2(浅睡2)
3911,2,Stage 2(浅睡2)
3912,2,Stage 2(浅睡2)
3913,2,Stage 2(浅睡2)
3914,2,Stage 2(浅睡2)
3915,2,Stage 2(浅睡2)
3916,2,Stage 2(浅睡2)
3917,2,Stage 2(浅睡2)
3918,2,Stage 2(浅睡2)
3919,2,Stage 2(浅睡2)
3920,2,Stage 2(浅睡2)
3921,2,Stage 2(浅睡2)
3922,2,Stage 2(浅睡2)
3923,2,Stage 2(浅睡2)
3924,2,Stage 2(浅睡2)
3925,2,Stage 2(浅睡2)
3926,2,Stage 2(浅睡2)
3927,2,Stage 2(浅睡2)
3928,2,Stage 2(浅睡2)
3929,2,Stage 2(浅睡2)
3930,2,Stage 2(浅睡2)
3931,2,Stage 2(浅睡2)
3932,2,Stage 2(浅睡2)
3933,2,Stage 2(浅睡2)
3934,2,Stage 2(浅睡2)
3935,2,Stage 2(浅睡2)
3936,2,Stage 2(浅睡2)
3937,2,Stage 2(浅睡2)
3938,2,Stage 2(浅睡2)
3939,2,Stage 2(浅睡2)
3940,2,Stage 2(浅睡2)
3941,2,Stage 2(浅睡2)
3942,2,Stage 2(浅睡2)
3943,2,Stage 2(浅睡2)
3944,2,Stage 2(浅睡2)
3945,2,Stage 2(浅睡2)
3946,2,Stage 2(浅睡2)
3947,2,Stage 2(浅睡2)
3948,2,Stage 2(浅睡2)
3949,2,Stage 2(浅睡2)
3950,0,Wake(清醒)
3951,0,Wake(清醒)
3952,0,Wake(清醒)
3953,0,Wake(清醒)
3954,0,Wake(清醒)
3955,0,Wake(清醒)
3956,1,Stage 1(浅睡1)
3957,1,Stage 1(浅睡1)
3958,1,Stage 1(浅睡1)
3959,1,Stage 1(浅睡1)
3960,1,Stage 1(浅睡1)
3961,1,Stage 1(浅睡1)
3962,1,Stage 1(浅睡1)
3963,1,Stage 1(浅睡1)
3964,1,Stage 1(浅睡1)
3965,1,Stage 1(浅睡1)
3966,1,Stage 1(浅睡1)
3967,0,Wake(清醒)
3968,0,Wake(清醒)
3969,0,Wake(清醒)
3970,0,Wake(清醒)
3971,0,Wake(清醒)
3972,0,Wake(清醒)
3973,0,Wake(清醒)
3974,0,Wake(清醒)
3975,0,Wake(清醒)
3976,0,Wake(清醒)
3977,0,Wake(清醒)
3978,0,Wake(清醒)
3979,1,Stage 1(浅睡1)
3980,1,Stage 1(浅睡1)
3981,1,Stage 1(浅睡1)
3982,1,Stage 1(浅睡1)
3983,1,Stage 1(浅睡1)
3984,1,Stage 1(浅睡1)
3985,1,Stage 1(浅睡1)
3986,1,Stage 1(浅睡1)
3987,1,Stage 1(浅睡1)
3988,1,Stage 1(浅睡1)
3989,1,Stage 1(浅睡1)
3990,1,Stage 1(浅睡1)
3991,1,Stage 1(浅睡1)
3992,1,Stage 1(浅睡1)
3993,1,Stage 1(浅睡1)
3994,1,Stage 1(浅睡1)
3995,1,Stage 1(浅睡1)
3996,1,Stage 1(浅睡1)
3997,2,Stage 2(浅睡2)
3998,2,Stage 2(浅睡2)
3999,2,Stage 2(浅睡2)
4000,2,Stage 2(浅睡2)
4001,2,Stage 2(浅睡2)
4002,2,Stage 2(浅睡2)
4003,2,Stage 2(浅睡2)
4004,2,Stage 2(浅睡2)
4005,2,Stage 2(浅睡2)
4006,2,Stage 2(浅睡2)
4007,2,Stage 2(浅睡2)
4008,2,Stage 2(浅睡2)
4009,2,Stage 2(浅睡2)
4010,2,Stage 2(浅睡2)
4011,2,Stage 2(浅睡2)
4012,2,Stage 2(浅睡2)
4013,2,Stage 2(浅睡2)
4014,2,Stage 2(浅睡2)
4015,2,Stage 2(浅睡2)
4016,2,Stage 2(浅睡2)
4017,2,Stage 2(浅睡2)
4018,2,Stage 2(浅睡2)
4019,2,Stage 2(浅睡2)
4020,2,Stage 2(浅睡2)
4021,2,Stage 2(浅睡2)
4022,2,Stage 2(浅睡2)
4023,2,Stage 2(浅睡2)
4024,2,Stage 2(浅睡2)
4025,2,Stage 2(浅睡2)
4026,2,Stage 2(浅睡2)
4027,2,Stage 2(浅睡2)
4028,2,Stage 2(浅睡2)
4029,2,Stage 2(浅睡2)
4030,2,Stage 2(浅睡2)
4031,2,Stage 2(浅睡2)
4032,2,Stage 2(浅睡2)
4033,2,Stage 2(浅睡2)
4034,2,Stage 2(浅睡2)
4035,2,Stage 2(浅睡2)
4036,2,Stage 2(浅睡2)
4037,2,Stage 2(浅睡2)
4038,2,Stage 2(浅睡2)
4039,2,Stage 2(浅睡2)
4040,2,Stage 2(浅睡2)
4041,2,Stage 2(浅睡2)
4042,2,Stage 2(浅睡2)
4043,2,Stage 2(浅睡2)
4044,2,Stage 2(浅睡2)
4045,2,Stage 2(浅睡2)
4046,2,Stage 2(浅睡2)
4047,2,Stage 2(浅睡2)
4048,2,Stage 2(浅睡2)
4049,2,Stage 2(浅睡2)
4050,2,Stage 2(浅睡2)
4051,2,Stage 2(浅睡2)
4052,2,Stage 2(浅睡2)
4053,2,Stage 2(浅睡2)
4054,2,Stage 2(浅睡2)
4055,2,Stage 2(浅睡2)
4056,2,Stage 2(浅睡2)
4057,2,Stage 2(浅睡2)
4058,2,Stage 2(浅睡2)
4059,2,Stage 2(浅睡2)
4060,2,Stage 2(浅睡2)
4061,2,Stage 2(浅睡2)
4062,2,Stage 2(浅睡2)
4063,2,Stage 2(浅睡2)
4064,2,Stage 2(浅睡2)
4065,2,Stage 2(浅睡2)
4066,2,Stage 2(浅睡2)
4067,2,Stage 2(浅睡2)
4068,2,Stage 2(浅睡2)
4069,2,Stage 2(浅睡2)
4070,2,Stage 2(浅睡2)
4071,2,Stage 2(浅睡2)
4072,2,Stage 2(浅睡2)
4073,2,Stage 2(浅睡2)
4074,2,Stage 2(浅睡2)
4075,2,Stage 2(浅睡2)
4076,2,Stage 2(浅睡2)
4077,2,Stage 2(浅睡2)
4078,2,Stage 2(浅睡2)
4079,2,Stage 2(浅睡2)
4080,2,Stage 2(浅睡2)
4081,2,Stage 2(浅睡2)
4082,2,Stage 2(浅睡2)
4083,2,Stage 2(浅睡2)
4084,2,Stage 2(浅睡2)
4085,2,Stage 2(浅睡2)
4086,2,Stage 2(浅睡2)
4087,2,Stage 2(浅睡2)
4088,2,Stage 2(浅睡2)
4089,2,Stage 2(浅睡2)
4090,2,Stage 2(浅睡2)
4091,2,Stage 2(浅睡2)
4092,2,Stage 2(浅睡2)
4093,2,Stage 2(浅睡2)
4094,2,Stage 2(浅睡2)
4095,2,Stage 2(浅睡2)
4096,2,Stage 2(浅睡2)
4097,2,Stage 2(浅睡2)
4098,2,Stage 2(浅睡2)
4099,2,Stage 2(浅睡2)
4100,2,Stage 2(浅睡2)
4101,2,Stage 2(浅睡2)
4102,2,Stage 2(浅睡2)
4103,2,Stage 2(浅睡2)
4104,2,Stage 2(浅睡2)
4105,2,Stage 2(浅睡2)
4106,2,Stage 2(浅睡2)
4107,2,Stage 2(浅睡2)
4108,2,Stage 2(浅睡2)
4109,2,Stage 2(浅睡2)
4110,2,Stage 2(浅睡2)
4111,2,Stage 2(浅睡2)
4112,2,Stage 2(浅睡2)
4113,2,Stage 2(浅睡2)
4114,2,Stage 2(浅睡2)
4115,2,Stage 2(浅睡2)
4116,2,Stage 2(浅睡2)
4117,2,Stage 2(浅睡2)
4118,2,Stage 2(浅睡2)
4119,2,Stage 2(浅睡2)
4120,2,Stage 2(浅睡2)
4121,2,Stage 2(浅睡2)
4122,2,Stage 2(浅睡2)
4123,2,Stage 2(浅睡2)
4124,2,Stage 2(浅睡2)
4125,2,Stage 2(浅睡2)
4126,2,Stage 2(浅睡2)
4127,2,Stage 2(浅睡2)
4128,2,Stage 2(浅睡2)
4129,2,Stage 2(浅睡2)
4130,2,Stage 2(浅睡2)
4131,2,Stage 2(浅睡2)
4132,2,Stage 2(浅睡2)
4133,2,Stage 2(浅睡2)
4134,2,Stage 2(浅睡2)
4135,2,Stage 2(浅睡2)
4136,2,Stage 2(浅睡2)
4137,2,Stage 2(浅睡2)
4138,2,Stage 2(浅睡2)
4139,2,Stage 2(浅睡2)
4140,2,Stage 2(浅睡2)
4141,2,Stage 2(浅睡2)
4142,2,Stage 2(浅睡2)
4143,2,Stage 2(浅睡2)
4144,2,Stage 2(浅睡2)
4145,2,Stage 2(浅睡2)
4146,2,Stage 2(浅睡2)
4147,2,Stage 2(浅睡2)
4148,2,Stage 2(浅睡2)
4149,2,Stage 2(浅睡2)
4150,2,Stage 2(浅睡2)
4151,2,Stage 2(浅睡2)
4152,2,Stage 2(浅睡2)
4153,2,Stage 2(浅睡2)
4154,2,Stage 2(浅睡2)
4155,2,Stage 2(浅睡2)
4156,2,Stage 2(浅睡2)
4157,2,Stage 2(浅睡2)
4158,2,Stage 2(浅睡2)
4159,2,Stage 2(浅睡2)
4160,2,Stage 2(浅睡2)
4161,2,Stage 2(浅睡2)
4162,2,Stage 2(浅睡2)
4163,2,Stage 2(浅睡2)
4164,2,Stage 2(浅睡2)
4165,2,Stage 2(浅睡2)
4166,2,Stage 2(浅睡2)
4167,2,Stage 2(浅睡2)
4168,2,Stage 2(浅睡2)
4169,2,Stage 2(浅睡2)
4170,2,Stage 2(浅睡2)
4171,2,Stage 2(浅睡2)
4172,2,Stage 2(浅睡2)
4173,2,Stage 2(浅睡2)
4174,2,Stage 2(浅睡2)
4175,2,Stage 2(浅睡2)
4176,2,Stage 2(浅睡2)
4177,2,Stage 2(浅睡2)
4178,2,Stage 2(浅睡2)
4179,2,Stage 2(浅睡2)
4180,2,Stage 2(浅睡2)
4181,2,Stage 2(浅睡2)
4182,2,Stage 2(浅睡2)
4183,2,Stage 2(浅睡2)
4184,2,Stage 2(浅睡2)
4185,2,Stage 2(浅睡2)
4186,2,Stage 2(浅睡2)
4187,2,Stage 2(浅睡2)
4188,2,Stage 2(浅睡2)
4189,2,Stage 2(浅睡2)
4190,2,Stage 2(浅睡2)
4191,2,Stage 2(浅睡2)
4192,2,Stage 2(浅睡2)
4193,2,Stage 2(浅睡2)
4194,2,Stage 2(浅睡2)
4195,2,Stage 2(浅睡2)
4196,2,Stage 2(浅睡2)
4197,2,Stage 2(浅睡2)
4198,2,Stage 2(浅睡2)
4199,2,Stage 2(浅睡2)
4200,2,Stage 2(浅睡2)
4201,2,Stage 2(浅睡2)
4202,2,Stage 2(浅睡2)
4203,2,Stage 2(浅睡2)
4204,2,Stage 2(浅睡2)
4205,2,Stage 2(浅睡2)
4206,2,Stage 2(浅睡2)
4207,2,Stage 2(浅睡2)
4208,2,Stage 2(浅睡2)
4209,2,Stage 2(浅睡2)
4210,2,Stage 2(浅睡2)
4211,2,Stage 2(浅睡2)
4212,2,Stage 2(浅睡2)
4213,2,Stage 2(浅睡2)
4214,2,Stage 2(浅睡2)
4215,2,Stage 2(浅睡2)
4216,2,Stage 2(浅睡2)
4217,2,Stage 2(浅睡2)
4218,2,Stage 2(浅睡2)
4219,2,Stage 2(浅睡2)
4220,2,Stage 2(浅睡2)
4221,2,Stage 2(浅睡2)
4222,2,Stage 2(浅睡2)
4223,2,Stage 2(浅睡2)
4224,2,Stage 2(浅睡2)
4225,2,Stage 2(浅睡2)
4226,2,Stage 2(浅睡2)
4227,2,Stage 2(浅睡2)
4228,2,Stage 2(浅睡2)
4229,2,Stage 2(浅睡2)
4230,2,Stage 2(浅睡2)
4231,2,Stage 2(浅睡2)
4232,2,Stage 2(浅睡2)
4233,2,Stage 2(浅睡2)
4234,2,Stage 2(浅睡2)
4235,2,Stage 2(浅睡2)
4236,2,Stage 2(浅睡2)
4237,2,Stage 2(浅睡2)
4238,2,Stage 2(浅睡2)
4239,2,Stage 2(浅睡2)
4240,2,Stage 2(浅睡2)
4241,2,Stage 2(浅睡2)
4242,2,Stage 2(浅睡2)
4243,2,Stage 2(浅睡2)
4244,2,Stage 2(浅睡2)
4245,2,Stage 2(浅睡2)
4246,2,Stage 2(浅睡2)
4247,2,Stage 2(浅睡2)
4248,2,Stage 2(浅睡2)
4249,2,Stage 2(浅睡2)
4250,2,Stage 2(浅睡2)
4251,2,Stage 2(浅睡2)
4252,2,Stage 2(浅睡2)
4253,2,Stage 2(浅睡2)
4254,2,Stage 2(浅睡2)
4255,2,Stage 2(浅睡2)
4256,2,Stage 2(浅睡2)
4257,2,Stage 2(浅睡2)
4258,2,Stage 2(浅睡2)
4259,2,Stage 2(浅睡2)
4260,2,Stage 2(浅睡2)
4261,3,Stage 3(深睡)
4262,3,Stage 3(深睡)
4263,3,Stage 3(深睡)
4264,3,Stage 3(深睡)
4265,3,Stage 3(深睡)
4266,3,Stage 3(深睡)
4267,3,Stage 3(深睡)
4268,3,Stage 3(深睡)
4269,3,Stage 3(深睡)
4270,3,Stage 3(深睡)
4271,3,Stage 3(深睡)
4272,3,Stage 3(深睡)
4273,3,Stage 3(深睡)
4274,3,Stage 3(深睡)
4275,3,Stage 3(深睡)
4276,3,Stage 3(深睡)
4277,3,Stage 3(深睡)
4278,3,Stage 3(深睡)
4279,3,Stage 3(深睡)
4280,3,Stage 3(深睡)
4281,3,Stage 3(深睡)
4282,3,Stage 3(深睡)
4283,3,Stage 3(深睡)
4284,3,Stage 3(深睡)
4285,3,Stage 3(深睡)
4286,3,Stage 3(深睡)
4287,3,Stage 3(深睡)
4288,3,Stage 3(深睡)
4289,3,Stage 3(深睡)
4290,3,Stage 3(深睡)
4291,0,Wake(清醒)
4292,0,Wake(清醒)
4293,0,Wake(清醒)
4294,0,Wake(清醒)
4295,0,Wake(清醒)
4296,0,Wake(清醒)
4297,0,Wake(清醒)
4298,0,Wake(清醒)
4299,0,Wake(清醒)
4300,0,Wake(清醒)
4301,0,Wake(清醒)
4302,0,Wake(清醒)
4303,1,Stage 1(浅睡1)
4304,1,Stage 1(浅睡1)
4305,1,Stage 1(浅睡1)
4306,1,Stage 1(浅睡1)
4307,1,Stage 1(浅睡1)
4308,2,Stage 2(浅睡2)
4309,2,Stage 2(浅睡2)
4310,2,Stage 2(浅睡2)
4311,2,Stage 2(浅睡2)
4312,2,Stage 2(浅睡2)
4313,2,Stage 2(浅睡2)
4314,2,Stage 2(浅睡2)
4315,2,Stage 2(浅睡2)
4316,2,Stage 2(浅睡2)
4317,2,Stage 2(浅睡2)
4318,2,Stage 2(浅睡2)
4319,2,Stage 2(浅睡2)
4320,2,Stage 2(浅睡2)
4321,2,Stage 2(浅睡2)
4322,2,Stage 2(浅睡2)
4323,2,Stage 2(浅睡2)
4324,2,Stage 2(浅睡2)
4325,2,Stage 2(浅睡2)
4326,2,Stage 2(浅睡2)
4327,2,Stage 2(浅睡2)
4328,2,Stage 2(浅睡2)
4329,2,Stage 2(浅睡2)
4330,2,Stage 2(浅睡2)
4331,2,Stage 2(浅睡2)
4332,2,Stage 2(浅睡2)
4333,2,Stage 2(浅睡2)
4334,2,Stage 2(浅睡2)
4335,2,Stage 2(浅睡2)
4336,2,Stage 2(浅睡2)
4337,2,Stage 2(浅睡2)
4338,2,Stage 2(浅睡2)
4339,2,Stage 2(浅睡2)
4340,2,Stage 2(浅睡2)
4341,2,Stage 2(浅睡2)
4342,2,Stage 2(浅睡2)
4343,2,Stage 2(浅睡2)
4344,2,Stage 2(浅睡2)
4345,2,Stage 2(浅睡2)
4346,2,Stage 2(浅睡2)
4347,2,Stage 2(浅睡2)
4348,2,Stage 2(浅睡2)
4349,2,Stage 2(浅睡2)
4350,2,Stage 2(浅睡2)
4351,2,Stage 2(浅睡2)
4352,2,Stage 2(浅睡2)
4353,2,Stage 2(浅睡2)
4354,2,Stage 2(浅睡2)
4355,2,Stage 2(浅睡2)
4356,2,Stage 2(浅睡2)
4357,0,Wake(清醒)
4358,0,Wake(清醒)
4359,0,Wake(清醒)
4360,0,Wake(清醒)
4361,0,Wake(清醒)
4362,0,Wake(清醒)
4363,1,Stage 1(浅睡1)
4364,1,Stage 1(浅睡1)
4365,1,Stage 1(浅睡1)
4366,1,Stage 1(浅睡1)
4367,1,Stage 1(浅睡1)
4368,1,Stage 1(浅睡1)
4369,1,Stage 1(浅睡1)
4370,2,Stage 2(浅睡2)
4371,2,Stage 2(浅睡2)
4372,2,Stage 2(浅睡2)
4373,2,Stage 2(浅睡2)
4374,2,Stage 2(浅睡2)
4375,2,Stage 2(浅睡2)
4376,2,Stage 2(浅睡2)
4377,2,Stage 2(浅睡2)
4378,2,Stage 2(浅睡2)
4379,2,Stage 2(浅睡2)
4380,2,Stage 2(浅睡2)
4381,2,Stage 2(浅睡2)
4382,2,Stage 2(浅睡2)
4383,2,Stage 2(浅睡2)
4384,2,Stage 2(浅睡2)
4385,2,Stage 2(浅睡2)
4386,2,Stage 2(浅睡2)
4387,2,Stage 2(浅睡2)
4388,2,Stage 2(浅睡2)
4389,2,Stage 2(浅睡2)
4390,2,Stage 2(浅睡2)
4391,2,Stage 2(浅睡2)
4392,2,Stage 2(浅睡2)
4393,2,Stage 2(浅睡2)
4394,2,Stage 2(浅睡2)
4395,2,Stage 2(浅睡2)
4396,2,Stage 2(浅睡2)
4397,2,Stage 2(浅睡2)
4398,2,Stage 2(浅睡2)
4399,2,Stage 2(浅睡2)
4400,2,Stage 2(浅睡2)
4401,2,Stage 2(浅睡2)
4402,2,Stage 2(浅睡2)
4403,2,Stage 2(浅睡2)
4404,2,Stage 2(浅睡2)
4405,2,Stage 2(浅睡2)
4406,2,Stage 2(浅睡2)
4407,2,Stage 2(浅睡2)
4408,2,Stage 2(浅睡2)
4409,2,Stage 2(浅睡2)
4410,2,Stage 2(浅睡2)
4411,2,Stage 2(浅睡2)
4412,2,Stage 2(浅睡2)
4413,2,Stage 2(浅睡2)
4414,2,Stage 2(浅睡2)
4415,2,Stage 2(浅睡2)
4416,2,Stage 2(浅睡2)
4417,2,Stage 2(浅睡2)
4418,2,Stage 2(浅睡2)
4419,2,Stage 2(浅睡2)
4420,2,Stage 2(浅睡2)
4421,2,Stage 2(浅睡2)
4422,2,Stage 2(浅睡2)
4423,0,Wake(清醒)
4424,0,Wake(清醒)
4425,0,Wake(清醒)
4426,0,Wake(清醒)
4427,0,Wake(清醒)
4428,0,Wake(清醒)
4429,0,Wake(清醒)
4430,1,Stage 1(浅睡1)
4431,2,Stage 2(浅睡2)
4432,1,Stage 1(浅睡1)
4433,1,Stage 1(浅睡1)
4434,1,Stage 1(浅睡1)
4435,2,Stage 2(浅睡2)
4436,2,Stage 2(浅睡2)
4437,2,Stage 2(浅睡2)
4438,2,Stage 2(浅睡2)
4439,2,Stage 2(浅睡2)
4440,2,Stage 2(浅睡2)
4441,2,Stage 2(浅睡2)
4442,2,Stage 2(浅睡2)
4443,2,Stage 2(浅睡2)
4444,2,Stage 2(浅睡2)
4445,2,Stage 2(浅睡2)
4446,2,Stage 2(浅睡2)
4447,2,Stage 2(浅睡2)
4448,2,Stage 2(浅睡2)
4449,2,Stage 2(浅睡2)
4450,2,Stage 2(浅睡2)
4451,2,Stage 2(浅睡2)
4452,2,Stage 2(浅睡2)
4453,2,Stage 2(浅睡2)
4454,2,Stage 2(浅睡2)
4455,2,Stage 2(浅睡2)
4456,2,Stage 2(浅睡2)
4457,2,Stage 2(浅睡2)
4458,2,Stage 2(浅睡2)
4459,2,Stage 2(浅睡2)
4460,2,Stage 2(浅睡2)
4461,2,Stage 2(浅睡2)
4462,2,Stage 2(浅睡2)
4463,2,Stage 2(浅睡2)
4464,2,Stage 2(浅睡2)
4465,2,Stage 2(浅睡2)
4466,2,Stage 2(浅睡2)
4467,2,Stage 2(浅睡2)
4468,2,Stage 2(浅睡2)
4469,2,Stage 2(浅睡2)
4470,2,Stage 2(浅睡2)
4471,2,Stage 2(浅睡2)
4472,2,Stage 2(浅睡2)
4473,2,Stage 2(浅睡2)
4474,2,Stage 2(浅睡2)
4475,2,Stage 2(浅睡2)
4476,2,Stage 2(浅睡2)
4477,2,Stage 2(浅睡2)
4478,2,Stage 2(浅睡2)
4479,2,Stage 2(浅睡2)
4480,2,Stage 2(浅睡2)
4481,2,Stage 2(浅睡2)
4482,2,Stage 2(浅睡2)
4483,2,Stage 2(浅睡2)
4484,2,Stage 2(浅睡2)
4485,2,Stage 2(浅睡2)
4486,2,Stage 2(浅睡2)
4487,2,Stage 2(浅睡2)
4488,2,Stage 2(浅睡2)
4489,2,Stage 2(浅睡2)
4490,2,Stage 2(浅睡2)
4491,2,Stage 2(浅睡2)
4492,2,Stage 2(浅睡2)
4493,2,Stage 2(浅睡2)
4494,2,Stage 2(浅睡2)
4495,2,Stage 2(浅睡2)
4496,0,Wake(清醒)
4497,0,Wake(清醒)
4498,0,Wake(清醒)
4499,0,Wake(清醒)
4500,0,Wake(清醒)
4501,0,Wake(清醒)
4502,0,Wake(清醒)
4503,0,Wake(清醒)
4504,0,Wake(清醒)
4505,0,Wake(清醒)
4506,0,Wake(清醒)
4507,0,Wake(清醒)
4508,0,Wake(清醒)
4509,0,Wake(清醒)
4510,0,Wake(清醒)
4511,0,Wake(清醒)
4512,0,Wake(清醒)
4513,1,Stage 1(浅睡1)
4514,1,Stage 1(浅睡1)
4515,1,Stage 1(浅睡1)
4516,1,Stage 1(浅睡1)
4517,1,Stage 1(浅睡1)
4518,1,Stage 1(浅睡1)
4519,1,Stage 1(浅睡1)
4520,1,Stage 1(浅睡1)
4521,1,Stage 1(浅睡1)
4522,1,Stage 1(浅睡1)
4523,1,Stage 1(浅睡1)
4524,1,Stage 1(浅睡1)
4525,2,Stage 2(浅睡2)
4526,2,Stage 2(浅睡2)
4527,2,Stage 2(浅睡2)
4528,2,Stage 2(浅睡2)
4529,2,Stage 2(浅睡2)
4530,2,Stage 2(浅睡2)
4531,2,Stage 2(浅睡2)
4532,2,Stage 2(浅睡2)
4533,2,Stage 2(浅睡2)
4534,2,Stage 2(浅睡2)
4535,2,Stage 2(浅睡2)
4536,2,Stage 2(浅睡2)
4537,2,Stage 2(浅睡2)
4538,2,Stage 2(浅睡2)
4539,2,Stage 2(浅睡2)
4540,2,Stage 2(浅睡2)
4541,2,Stage 2(浅睡2)
4542,2,Stage 2(浅睡2)
4543,2,Stage 2(浅睡2)
4544,2,Stage 2(浅睡2)
4545,2,Stage 2(浅睡2)
4546,2,Stage 2(浅睡2)
4547,2,Stage 2(浅睡2)
4548,2,Stage 2(浅睡2)
4549,2,Stage 2(浅睡2)
4550,2,Stage 2(浅睡2)
4551,2,Stage 2(浅睡2)
4552,2,Stage 2(浅睡2)
4553,2,Stage 2(浅睡2)
4554,2,Stage 2(浅睡2)
4555,2,Stage 2(浅睡2)
4556,2,Stage 2(浅睡2)
4557,2,Stage 2(浅睡2)
4558,2,Stage 2(浅睡2)
4559,2,Stage 2(浅睡2)
4560,2,Stage 2(浅睡2)
4561,2,Stage 2(浅睡2)
4562,2,Stage 2(浅睡2)
4563,2,Stage 2(浅睡2)
4564,2,Stage 2(浅睡2)
4565,2,Stage 2(浅睡2)
4566,2,Stage 2(浅睡2)
4567,2,Stage 2(浅睡2)
4568,2,Stage 2(浅睡2)
4569,2,Stage 2(浅睡2)
4570,2,Stage 2(浅睡2)
4571,2,Stage 2(浅睡2)
4572,2,Stage 2(浅睡2)
4573,2,Stage 2(浅睡2)
4574,2,Stage 2(浅睡2)
4575,2,Stage 2(浅睡2)
4576,2,Stage 2(浅睡2)
4577,2,Stage 2(浅睡2)
4578,2,Stage 2(浅睡2)
4579,2,Stage 2(浅睡2)
4580,2,Stage 2(浅睡2)
4581,2,Stage 2(浅睡2)
4582,2,Stage 2(浅睡2)
4583,2,Stage 2(浅睡2)
4584,2,Stage 2(浅睡2)
4585,2,Stage 2(浅睡2)
4586,2,Stage 2(浅睡2)
4587,2,Stage 2(浅睡2)
4588,2,Stage 2(浅睡2)
4589,2,Stage 2(浅睡2)
4590,2,Stage 2(浅睡2)
4591,2,Stage 2(浅睡2)
4592,2,Stage 2(浅睡2)
4593,2,Stage 2(浅睡2)
4594,2,Stage 2(浅睡2)
4595,2,Stage 2(浅睡2)
4596,2,Stage 2(浅睡2)
4597,2,Stage 2(浅睡2)
4598,2,Stage 2(浅睡2)
4599,2,Stage 2(浅睡2)
4600,2,Stage 2(浅睡2)
4601,2,Stage 2(浅睡2)
4602,2,Stage 2(浅睡2)
4603,2,Stage 2(浅睡2)
4604,2,Stage 2(浅睡2)
4605,2,Stage 2(浅睡2)
4606,2,Stage 2(浅睡2)
4607,2,Stage 2(浅睡2)
4608,2,Stage 2(浅睡2)
4609,2,Stage 2(浅睡2)
4610,0,Wake(清醒)
4611,0,Wake(清醒)
4612,2,Stage 2(浅睡2)
4613,2,Stage 2(浅睡2)
4614,2,Stage 2(浅睡2)
4615,0,Wake(清醒)
4616,0,Wake(清醒)
4617,0,Wake(清醒)
4618,0,Wake(清醒)
4619,0,Wake(清醒)
4620,0,Wake(清醒)
4621,0,Wake(清醒)
4622,0,Wake(清醒)
4623,0,Wake(清醒)
4624,0,Wake(清醒)
4625,0,Wake(清醒)
4626,0,Wake(清醒)
4627,1,Stage 1(浅睡1)
4628,1,Stage 1(浅睡1)
4629,1,Stage 1(浅睡1)
4630,1,Stage 1(浅睡1)
4631,1,Stage 1(浅睡1)
4632,1,Stage 1(浅睡1)
4633,2,Stage 2(浅睡2)
4634,2,Stage 2(浅睡2)
4635,2,Stage 2(浅睡2)
4636,2,Stage 2(浅睡2)
4637,2,Stage 2(浅睡2)
4638,2,Stage 2(浅睡2)
4639,2,Stage 2(浅睡2)
4640,2,Stage 2(浅睡2)
4641,2,Stage 2(浅睡2)
4642,2,Stage 2(浅睡2)
4643,2,Stage 2(浅睡2)
4644,2,Stage 2(浅睡2)
4645,2,Stage 2(浅睡2)
4646,2,Stage 2(浅睡2)
4647,2,Stage 2(浅睡2)
4648,2,Stage 2(浅睡2)
4649,2,Stage 2(浅睡2)
4650,2,Stage 2(浅睡2)
4651,2,Stage 2(浅睡2)
4652,2,Stage 2(浅睡2)
4653,2,Stage 2(浅睡2)
4654,2,Stage 2(浅睡2)
4655,2,Stage 2(浅睡2)
4656,2,Stage 2(浅睡2)
4657,2,Stage 2(浅睡2)
4658,2,Stage 2(浅睡2)
4659,2,Stage 2(浅睡2)
4660,2,Stage 2(浅睡2)
4661,2,Stage 2(浅睡2)
4662,2,Stage 2(浅睡2)
4663,2,Stage 2(浅睡2)
4664,2,Stage 2(浅睡2)
4665,2,Stage 2(浅睡2)
4666,2,Stage 2(浅睡2)
4667,2,Stage 2(浅睡2)
4668,2,Stage 2(浅睡2)
4669,2,Stage 2(浅睡2)
4670,2,Stage 2(浅睡2)
4671,2,Stage 2(浅睡2)
4672,2,Stage 2(浅睡2)
4673,2,Stage 2(浅睡2)
4674,2,Stage 2(浅睡2)
4675,2,Stage 2(浅睡2)
4676,2,Stage 2(浅睡2)
4677,2,Stage 2(浅睡2)
4678,2,Stage 2(浅睡2)
4679,2,Stage 2(浅睡2)
4680,2,Stage 2(浅睡2)
4681,2,Stage 2(浅睡2)
4682,0,Wake(清醒)
4683,0,Wake(清醒)
4684,0,Wake(清醒)
4685,0,Wake(清醒)
4686,2,Stage 2(浅睡2)
4687,2,Stage 2(浅睡2)
4688,2,Stage 2(浅睡2)
4689,2,Stage 2(浅睡2)
4690,2,Stage 2(浅睡2)
4691,2,Stage 2(浅睡2)
4692,2,Stage 2(浅睡2)
4693,2,Stage 2(浅睡2)
4694,2,Stage 2(浅睡2)
4695,2,Stage 2(浅睡2)
4696,2,Stage 2(浅睡2)
4697,2,Stage 2(浅睡2)
4698,2,Stage 2(浅睡2)
4699,2,Stage 2(浅睡2)
4700,2,Stage 2(浅睡2)
4701,2,Stage 2(浅睡2)
4702,2,Stage 2(浅睡2)
4703,2,Stage 2(浅睡2)
4704,2,Stage 2(浅睡2)
4705,2,Stage 2(浅睡2)
4706,2,Stage 2(浅睡2)
4707,2,Stage 2(浅睡2)
4708,2,Stage 2(浅睡2)
4709,2,Stage 2(浅睡2)
4710,2,Stage 2(浅睡2)
4711,2,Stage 2(浅睡2)
4712,2,Stage 2(浅睡2)
4713,2,Stage 2(浅睡2)
4714,2,Stage 2(浅睡2)
4715,2,Stage 2(浅睡2)
4716,2,Stage 2(浅睡2)
4717,2,Stage 2(浅睡2)
4718,2,Stage 2(浅睡2)
4719,2,Stage 2(浅睡2)
4720,2,Stage 2(浅睡2)
4721,2,Stage 2(浅睡2)
4722,2,Stage 2(浅睡2)
4723,2,Stage 2(浅睡2)
4724,2,Stage 2(浅睡2)
4725,2,Stage 2(浅睡2)
4726,2,Stage 2(浅睡2)
4727,2,Stage 2(浅睡2)
4728,2,Stage 2(浅睡2)
4729,2,Stage 2(浅睡2)
4730,2,Stage 2(浅睡2)
4731,2,Stage 2(浅睡2)
4732,2,Stage 2(浅睡2)
4733,2,Stage 2(浅睡2)
4734,2,Stage 2(浅睡2)
4735,2,Stage 2(浅睡2)
4736,2,Stage 2(浅睡2)
4737,2,Stage 2(浅睡2)
4738,2,Stage 2(浅睡2)
4739,2,Stage 2(浅睡2)
4740,2,Stage 2(浅睡2)
4741,2,Stage 2(浅睡2)
4742,2,Stage 2(浅睡2)
4743,2,Stage 2(浅睡2)
4744,2,Stage 2(浅睡2)
4745,2,Stage 2(浅睡2)
4746,2,Stage 2(浅睡2)
4747,2,Stage 2(浅睡2)
4748,2,Stage 2(浅睡2)
4749,2,Stage 2(浅睡2)
4750,2,Stage 2(浅睡2)
4751,2,Stage 2(浅睡2)
4752,2,Stage 2(浅睡2)
4753,2,Stage 2(浅睡2)
4754,2,Stage 2(浅睡2)
4755,2,Stage 2(浅睡2)
4756,2,Stage 2(浅睡2)
4757,2,Stage 2(浅睡2)
4758,2,Stage 2(浅睡2)
4759,0,Wake(清醒)
4760,0,Wake(清醒)
4761,0,Wake(清醒)
4762,0,Wake(清醒)
4763,0,Wake(清醒)
4764,0,Wake(清醒)
4765,0,Wake(清醒)
4766,0,Wake(清醒)
4767,0,Wake(清醒)
4768,2,Stage 2(浅睡2)
4769,2,Stage 2(浅睡2)
4770,2,Stage 2(浅睡2)
4771,2,Stage 2(浅睡2)
4772,2,Stage 2(浅睡2)
4773,2,Stage 2(浅睡2)
4774,2,Stage 2(浅睡2)
4775,2,Stage 2(浅睡2)
4776,2,Stage 2(浅睡2)
4777,0,Wake(清醒)
4778,0,Wake(清醒)
4779,0,Wake(清醒)
4780,0,Wake(清醒)
4781,0,Wake(清醒)
4782,0,Wake(清醒)
4783,1,Stage 1(浅睡1)
4784,1,Stage 1(浅睡1)
4785,1,Stage 1(浅睡1)
4786,1,Stage 1(浅睡1)
4787,1,Stage 1(浅睡1)
4788,1,Stage 1(浅睡1)
4789,2,Stage 2(浅睡2)
4790,2,Stage 2(浅睡2)
4791,2,Stage 2(浅睡2)
4792,2,Stage 2(浅睡2)
4793,2,Stage 2(浅睡2)
4794,2,Stage 2(浅睡2)
4795,2,Stage 2(浅睡2)
4796,2,Stage 2(浅睡2)
4797,2,Stage 2(浅睡2)
4798,2,Stage 2(浅睡2)
4799,2,Stage 2(浅睡2)
4800,2,Stage 2(浅睡2)
4801,2,Stage 2(浅睡2)
4802,2,Stage 2(浅睡2)
4803,2,Stage 2(浅睡2)
4804,2,Stage 2(浅睡2)
4805,2,Stage 2(浅睡2)
4806,2,Stage 2(浅睡2)
4807,2,Stage 2(浅睡2)
4808,2,Stage 2(浅睡2)
4809,2,Stage 2(浅睡2)
4810,2,Stage 2(浅睡2)
4811,2,Stage 2(浅睡2)
4812,2,Stage 2(浅睡2)
4813,2,Stage 2(浅睡2)
4814,2,Stage 2(浅睡2)
4815,2,Stage 2(浅睡2)
4816,2,Stage 2(浅睡2)
4817,2,Stage 2(浅睡2)
4818,2,Stage 2(浅睡2)
4819,2,Stage 2(浅睡2)
4820,2,Stage 2(浅睡2)
4821,2,Stage 2(浅睡2)
4822,2,Stage 2(浅睡2)
4823,2,Stage 2(浅睡2)
4824,2,Stage 2(浅睡2)
4825,2,Stage 2(浅睡2)
4826,2,Stage 2(浅睡2)
4827,2,Stage 2(浅睡2)
4828,2,Stage 2(浅睡2)
4829,2,Stage 2(浅睡2)
4830,2,Stage 2(浅睡2)
4831,2,Stage 2(浅睡2)
4832,2,Stage 2(浅睡2)
4833,2,Stage 2(浅睡2)
4834,2,Stage 2(浅睡2)
4835,2,Stage 2(浅睡2)
4836,2,Stage 2(浅睡2)
4837,2,Stage 2(浅睡2)
4838,2,Stage 2(浅睡2)
4839,2,Stage 2(浅睡2)
4840,2,Stage 2(浅睡2)
4841,2,Stage 2(浅睡2)
4842,2,Stage 2(浅睡2)
4843,2,Stage 2(浅睡2)
4844,2,Stage 2(浅睡2)
4845,2,Stage 2(浅睡2)
4846,2,Stage 2(浅睡2)
4847,2,Stage 2(浅睡2)
4848,2,Stage 2(浅睡2)
4849,2,Stage 2(浅睡2)
4850,2,Stage 2(浅睡2)
4851,2,Stage 2(浅睡2)
4852,2,Stage 2(浅睡2)
4853,2,Stage 2(浅睡2)
4854,2,Stage 2(浅睡2)
4855,2,Stage 2(浅睡2)
4856,2,Stage 2(浅睡2)
4857,2,Stage 2(浅睡2)
4858,2,Stage 2(浅睡2)
4859,2,Stage 2(浅睡2)
4860,2,Stage 2(浅睡2)
4861,2,Stage 2(浅睡2)
4862,2,Stage 2(浅睡2)
4863,2,Stage 2(浅睡2)
4864,2,Stage 2(浅睡2)
4865,2,Stage 2(浅睡2)
4866,2,Stage 2(浅睡2)
4867,2,Stage 2(浅睡2)
4868,2,Stage 2(浅睡2)
4869,2,Stage 2(浅睡2)
4870,2,Stage 2(浅睡2)
4871,2,Stage 2(浅睡2)
4872,2,Stage 2(浅睡2)
4873,2,Stage 2(浅睡2)
4874,2,Stage 2(浅睡2)
4875,2,Stage 2(浅睡2)
4876,2,Stage 2(浅睡2)
4877,2,Stage 2(浅睡2)
4878,2,Stage 2(浅睡2)
4879,2,Stage 2(浅睡2)
4880,2,Stage 2(浅睡2)
4881,2,Stage 2(浅睡2)
4882,2,Stage 2(浅睡2)
4883,2,Stage 2(浅睡2)
4884,2,Stage 2(浅睡2)
4885,2,Stage 2(浅睡2)
4886,2,Stage 2(浅睡2)
4887,2,Stage 2(浅睡2)
4888,2,Stage 2(浅睡2)
4889,2,Stage 2(浅睡2)
4890,2,Stage 2(浅睡2)
4891,2,Stage 2(浅睡2)
4892,2,Stage 2(浅睡2)
4893,2,Stage 2(浅睡2)
4894,2,Stage 2(浅睡2)
4895,2,Stage 2(浅睡2)
4896,2,Stage 2(浅睡2)
4897,2,Stage 2(浅睡2)
4898,2,Stage 2(浅睡2)
4899,2,Stage 2(浅睡2)
4900,2,Stage 2(浅睡2)
4901,2,Stage 2(浅睡2)
4902,2,Stage 2(浅睡2)
4903,2,Stage 2(浅睡2)
4904,2,Stage 2(浅睡2)
4905,2,Stage 2(浅睡2)
4906,2,Stage 2(浅睡2)
4907,2,Stage 2(浅睡2)
4908,2,Stage 2(浅睡2)
4909,2,Stage 2(浅睡2)
4910,2,Stage 2(浅睡2)
4911,2,Stage 2(浅睡2)
4912,2,Stage 2(浅睡2)
4913,2,Stage 2(浅睡2)
4914,2,Stage 2(浅睡2)
4915,2,Stage 2(浅睡2)
4916,2,Stage 2(浅睡2)
4917,2,Stage 2(浅睡2)
4918,2,Stage 2(浅睡2)
4919,2,Stage 2(浅睡2)
4920,2,Stage 2(浅睡2)
4921,2,Stage 2(浅睡2)
4922,2,Stage 2(浅睡2)
4923,2,Stage 2(浅睡2)
4924,2,Stage 2(浅睡2)
4925,2,Stage 2(浅睡2)
4926,2,Stage 2(浅睡2)
4927,2,Stage 2(浅睡2)
4928,2,Stage 2(浅睡2)
4929,2,Stage 2(浅睡2)
4930,2,Stage 2(浅睡2)
4931,2,Stage 2(浅睡2)
4932,2,Stage 2(浅睡2)
4933,2,Stage 2(浅睡2)
4934,2,Stage 2(浅睡2)
4935,2,Stage 2(浅睡2)
4936,2,Stage 2(浅睡2)
4937,2,Stage 2(浅睡2)
4938,2,Stage 2(浅睡2)
4939,2,Stage 2(浅睡2)
4940,0,Wake(清醒)
4941,0,Wake(清醒)
4942,0,Wake(清醒)
4943,0,Wake(清醒)
4944,0,Wake(清醒)
4945,2,Stage 2(浅睡2)
4946,2,Stage 2(浅睡2)
4947,2,Stage 2(浅睡2)
4948,2,Stage 2(浅睡2)
4949,2,Stage 2(浅睡2)
4950,2,Stage 2(浅睡2)
4951,2,Stage 2(浅睡2)
4952,2,Stage 2(浅睡2)
4953,2,Stage 2(浅睡2)
4954,2,Stage 2(浅睡2)
4955,2,Stage 2(浅睡2)
4956,2,Stage 2(浅睡2)
4957,2,Stage 2(浅睡2)
4958,2,Stage 2(浅睡2)
4959,2,Stage 2(浅睡2)
4960,2,Stage 2(浅睡2)
4961,2,Stage 2(浅睡2)
4962,2,Stage 2(浅睡2)
4963,2,Stage 2(浅睡2)
4964,2,Stage 2(浅睡2)
4965,2,Stage 2(浅睡2)
4966,2,Stage 2(浅睡2)
4967,2,Stage 2(浅睡2)
4968,2,Stage 2(浅睡2)
4969,2,Stage 2(浅睡2)
4970,2,Stage 2(浅睡2)
4971,2,Stage 2(浅睡2)
4972,2,Stage 2(浅睡2)
4973,2,Stage 2(浅睡2)
4974,2,Stage 2(浅睡2)
4975,2,Stage 2(浅睡2)
4976,2,Stage 2(浅睡2)
4977,2,Stage 2(浅睡2)
4978,2,Stage 2(浅睡2)
4979,2,Stage 2(浅睡2)
4980,2,Stage 2(浅睡2)
4981,2,Stage 2(浅睡2)
4982,2,Stage 2(浅睡2)
4983,2,Stage 2(浅睡2)
4984,2,Stage 2(浅睡2)
4985,2,Stage 2(浅睡2)
4986,2,Stage 2(浅睡2)
4987,2,Stage 2(浅睡2)
4988,2,Stage 2(浅睡2)
4989,2,Stage 2(浅睡2)
4990,2,Stage 2(浅睡2)
4991,2,Stage 2(浅睡2)
4992,2,Stage 2(浅睡2)
4993,2,Stage 2(浅睡2)
4994,2,Stage 2(浅睡2)
4995,2,Stage 2(浅睡2)
4996,2,Stage 2(浅睡2)
4997,2,Stage 2(浅睡2)
4998,2,Stage 2(浅睡2)
4999,0,Wake(清醒)
5000,0,Wake(清醒)
5001,0,Wake(清醒)
5002,0,Wake(清醒)
5003,0,Wake(清醒)
5004,0,Wake(清醒)
5005,0,Wake(清醒)
5006,1,Stage 1(浅睡1)
5007,1,Stage 1(浅睡1)
5008,1,Stage 1(浅睡1)
5009,2,Stage 2(浅睡2)
5010,2,Stage 2(浅睡2)
5011,0,Wake(清醒)
5012,0,Wake(清醒)
5013,0,Wake(清醒)
5014,0,Wake(清醒)
5015,0,Wake(清醒)
5016,2,Stage 2(浅睡2)
5017,2,Stage 2(浅睡2)
5018,2,Stage 2(浅睡2)
5019,2,Stage 2(浅睡2)
5020,2,Stage 2(浅睡2)
5021,2,Stage 2(浅睡2)
5022,2,Stage 2(浅睡2)
5023,2,Stage 2(浅睡2)
5024,2,Stage 2(浅睡2)
5025,2,Stage 2(浅睡2)
5026,2,Stage 2(浅睡2)
5027,2,Stage 2(浅睡2)
5028,2,Stage 2(浅睡2)
5029,2,Stage 2(浅睡2)
5030,2,Stage 2(浅睡2)
5031,2,Stage 2(浅睡2)
5032,2,Stage 2(浅睡2)
5033,2,Stage 2(浅睡2)
5034,2,Stage 2(浅睡2)
5035,2,Stage 2(浅睡2)
5036,2,Stage 2(浅睡2)
5037,2,Stage 2(浅睡2)
5038,2,Stage 2(浅睡2)
5039,2,Stage 2(浅睡2)
5040,2,Stage 2(浅睡2)
5041,0,Wake(清醒)
5042,0,Wake(清醒)
5043,0,Wake(清醒)
5044,0,Wake(清醒)
5045,0,Wake(清醒)
5046,0,Wake(清醒)
5047,0,Wake(清醒)
5048,0,Wake(清醒)
5049,0,Wake(清醒)
5050,0,Wake(清醒)
5051,0,Wake(清醒)
5052,0,Wake(清醒)
5053,0,Wake(清醒)
5054,0,Wake(清醒)
5055,0,Wake(清醒)
5056,0,Wake(清醒)
5057,0,Wake(清醒)
5058,0,Wake(清醒)
5059,0,Wake(清醒)
5060,0,Wake(清醒)
5061,0,Wake(清醒)
5062,0,Wake(清醒)
5063,0,Wake(清醒)
5064,0,Wake(清醒)
5065,0,Wake(清醒)
5066,0,Wake(清醒)
5067,0,Wake(清醒)
5068,0,Wake(清醒)
5069,0,Wake(清醒)
5070,0,Wake(清醒)
5071,0,Wake(清醒)
5072,0,Wake(清醒)
5073,0,Wake(清醒)
5074,0,Wake(清醒)
5075,0,Wake(清醒)
5076,0,Wake(清醒)
5077,1,Stage 1(浅睡1)
5078,1,Stage 1(浅睡1)
5079,1,Stage 1(浅睡1)
5080,1,Stage 1(浅睡1)
5081,1,Stage 1(浅睡1)
5082,1,Stage 1(浅睡1)
5083,1,Stage 1(浅睡1)
5084,1,Stage 1(浅睡1)
5085,1,Stage 1(浅睡1)
5086,1,Stage 1(浅睡1)
5087,1,Stage 1(浅睡1)
5088,1,Stage 1(浅睡1)
5089,0,Wake(清醒)
5090,0,Wake(清醒)
5091,0,Wake(清醒)
5092,0,Wake(清醒)
5093,0,Wake(清醒)
5094,0,Wake(清醒)
5095,0,Wake(清醒)
5096,1,Stage 1(浅睡1)
5097,1,Stage 1(浅睡1)
5098,1,Stage 1(浅睡1)
5099,1,Stage 1(浅睡1)
5100,1,Stage 1(浅睡1)
5101,1,Stage 1(浅睡1)
5102,1,Stage 1(浅睡1)
5103,1,Stage 1(浅睡1)
5104,1,Stage 1(浅睡1)
5105,1,Stage 1(浅睡1)
5106,1,Stage 1(浅睡1)
5107,1,Stage 1(浅睡1)
5108,1,Stage 1(浅睡1)
5109,1,Stage 1(浅睡1)
5110,1,Stage 1(浅睡1)
5111,1,Stage 1(浅睡1)
5112,1,Stage 1(浅睡1)
5113,2,Stage 2(浅睡2)
5114,2,Stage 2(浅睡2)
5115,2,Stage 2(浅睡2)
5116,2,Stage 2(浅睡2)
5117,1,Stage 1(浅睡1)
5118,2,Stage 2(浅睡2)
5119,2,Stage 2(浅睡2)
5120,2,Stage 2(浅睡2)
5121,2,Stage 2(浅睡2)
5122,2,Stage 2(浅睡2)
5123,2,Stage 2(浅睡2)
5124,1,Stage 1(浅睡1)
5125,2,Stage 2(浅睡2)
5126,2,Stage 2(浅睡2)
5127,2,Stage 2(浅睡2)
5128,2,Stage 2(浅睡2)
5129,2,Stage 2(浅睡2)
5130,2,Stage 2(浅睡2)
5131,0,Wake(清醒)
5132,0,Wake(清醒)
5133,0,Wake(清醒)
5134,0,Wake(清醒)
5135,0,Wake(清醒)
5136,0,Wake(清醒)
5137,1,Stage 1(浅睡1)
5138,1,Stage 1(浅睡1)
5139,1,Stage 1(浅睡1)
5140,1,Stage 1(浅睡1)
5141,1,Stage 1(浅睡1)
5142,1,Stage 1(浅睡1)
5143,1,Stage 1(浅睡1)
5144,1,Stage 1(浅睡1)
5145,1,Stage 1(浅睡1)
5146,1,Stage 1(浅睡1)
5147,1,Stage 1(浅睡1)
5148,1,Stage 1(浅睡1)
5149,2,Stage 2(浅睡2)
5150,2,Stage 2(浅睡2)
5151,2,Stage 2(浅睡2)
5152,2,Stage 2(浅睡2)
5153,2,Stage 2(浅睡2)
5154,2,Stage 2(浅睡2)
5155,0,Wake(清醒)
5156,0,Wake(清醒)
5157,0,Wake(清醒)
5158,0,Wake(清醒)
5159,0,Wake(清醒)
5160,0,Wake(清醒)
5161,0,Wake(清醒)
5162,0,Wake(清醒)
5163,0,Wake(清醒)
5164,0,Wake(清醒)
5165,0,Wake(清醒)
5166,0,Wake(清醒)
5167,0,Wake(清醒)
5168,0,Wake(清醒)
5169,1,Stage 1(浅睡1)
5170,0,Wake(清醒)
5171,1,Stage 1(浅睡1)
5172,1,Stage 1(浅睡1)
5173,1,Stage 1(浅睡1)
5174,0,Wake(清醒)
5175,0,Wake(清醒)
5176,0,Wake(清醒)
5177,0,Wake(清醒)
5178,0,Wake(清醒)
5179,1,Stage 1(浅睡1)
5180,1,Stage 1(浅睡1)
5181,1,Stage 1(浅睡1)
5182,1,Stage 1(浅睡1)
5183,1,Stage 1(浅睡1)
5184,1,Stage 1(浅睡1)
5185,2,Stage 2(浅睡2)
5186,2,Stage 2(浅睡2)
5187,2,Stage 2(浅睡2)
5188,2,Stage 2(浅睡2)
5189,2,Stage 2(浅睡2)
5190,2,Stage 2(浅睡2)
5191,2,Stage 2(浅睡2)
5192,2,Stage 2(浅睡2)
5193,2,Stage 2(浅睡2)
5194,2,Stage 2(浅睡2)
5195,2,Stage 2(浅睡2)
5196,2,Stage 2(浅睡2)
5197,2,Stage 2(浅睡2)
5198,2,Stage 2(浅睡2)
5199,2,Stage 2(浅睡2)
5200,2,Stage 2(浅睡2)
5201,2,Stage 2(浅睡2)
5202,2,Stage 2(浅睡2)
5203,2,Stage 2(浅睡2)
5204,2,Stage 2(浅睡2)
5205,2,Stage 2(浅睡2)
5206,2,Stage 2(浅睡2)
5207,2,Stage 2(浅睡2)
5208,2,Stage 2(浅睡2)
5209,2,Stage 2(浅睡2)
5210,2,Stage 2(浅睡2)
5211,2,Stage 2(浅睡2)
5212,2,Stage 2(浅睡2)
5213,2,Stage 2(浅睡2)
5214,2,Stage 2(浅睡2)
5215,2,Stage 2(浅睡2)
5216,2,Stage 2(浅睡2)
5217,2,Stage 2(浅睡2)
5218,2,Stage 2(浅睡2)
5219,2,Stage 2(浅睡2)
5220,2,Stage 2(浅睡2)
5221,2,Stage 2(浅睡2)
5222,2,Stage 2(浅睡2)
5223,2,Stage 2(浅睡2)
5224,2,Stage 2(浅睡2)
5225,2,Stage 2(浅睡2)
5226,2,Stage 2(浅睡2)
5227,2,Stage 2(浅睡2)
5228,2,Stage 2(浅睡2)
5229,2,Stage 2(浅睡2)
5230,2,Stage 2(浅睡2)
5231,2,Stage 2(浅睡2)
5232,2,Stage 2(浅睡2)
5233,2,Stage 2(浅睡2)
5234,2,Stage 2(浅睡2)
5235,2,Stage 2(浅睡2)
5236,2,Stage 2(浅睡2)
5237,2,Stage 2(浅睡2)
5238,2,Stage 2(浅睡2)
5239,2,Stage 2(浅睡2)
5240,2,Stage 2(浅睡2)
5241,2,Stage 2(浅睡2)
5242,2,Stage 2(浅睡2)
5243,2,Stage 2(浅睡2)
5244,2,Stage 2(浅睡2)
5245,2,Stage 2(浅睡2)
5246,2,Stage 2(浅睡2)
5247,2,Stage 2(浅睡2)
5248,2,Stage 2(浅睡2)
5249,2,Stage 2(浅睡2)
5250,2,Stage 2(浅睡2)
5251,2,Stage 2(浅睡2)
5252,2,Stage 2(浅睡2)
5253,2,Stage 2(浅睡2)
5254,2,Stage 2(浅睡2)
5255,2,Stage 2(浅睡2)
5256,2,Stage 2(浅睡2)
5257,2,Stage 2(浅睡2)
5258,2,Stage 2(浅睡2)
5259,0,Wake(清醒)
5260,0,Wake(清醒)
5261,0,Wake(清醒)
5262,0,Wake(清醒)
5263,2,Stage 2(浅睡2)
5264,2,Stage 2(浅睡2)
5265,2,Stage 2(浅睡2)
5266,2,Stage 2(浅睡2)
5267,2,Stage 2(浅睡2)
5268,2,Stage 2(浅睡2)
5269,2,Stage 2(浅睡2)
5270,2,Stage 2(浅睡2)
5271,2,Stage 2(浅睡2)
5272,2,Stage 2(浅睡2)
5273,2,Stage 2(浅睡2)
5274,2,Stage 2(浅睡2)
5275,2,Stage 2(浅睡2)
5276,2,Stage 2(浅睡2)
5277,2,Stage 2(浅睡2)
5278,2,Stage 2(浅睡2)
5279,2,Stage 2(浅睡2)
5280,2,Stage 2(浅睡2)
5281,2,Stage 2(浅睡2)
5282,2,Stage 2(浅睡2)
5283,2,Stage 2(浅睡2)
5284,2,Stage 2(浅睡2)
5285,2,Stage 2(浅睡2)
5286,2,Stage 2(浅睡2)
5287,2,Stage 2(浅睡2)
5288,2,Stage 2(浅睡2)
5289,2,Stage 2(浅睡2)
5290,2,Stage 2(浅睡2)
5291,2,Stage 2(浅睡2)
5292,2,Stage 2(浅睡2)
5293,2,Stage 2(浅睡2)
5294,2,Stage 2(浅睡2)
5295,2,Stage 2(浅睡2)
5296,2,Stage 2(浅睡2)
5297,2,Stage 2(浅睡2)
5298,2,Stage 2(浅睡2)
5299,2,Stage 2(浅睡2)
5300,2,Stage 2(浅睡2)
5301,2,Stage 2(浅睡2)
5302,2,Stage 2(浅睡2)
5303,2,Stage 2(浅睡2)
5304,2,Stage 2(浅睡2)
5305,2,Stage 2(浅睡2)
5306,2,Stage 2(浅睡2)
5307,2,Stage 2(浅睡2)
5308,2,Stage 2(浅睡2)
5309,2,Stage 2(浅睡2)
5310,2,Stage 2(浅睡2)
5311,2,Stage 2(浅睡2)
5312,2,Stage 2(浅睡2)
5313,2,Stage 2(浅睡2)
5314,2,Stage 2(浅睡2)
5315,2,Stage 2(浅睡2)
5316,2,Stage 2(浅睡2)
5317,2,Stage 2(浅睡2)
5318,2,Stage 2(浅睡2)
5319,2,Stage 2(浅睡2)
5320,2,Stage 2(浅睡2)
5321,2,Stage 2(浅睡2)
5322,2,Stage 2(浅睡2)
5323,2,Stage 2(浅睡2)
5324,2,Stage 2(浅睡2)
5325,2,Stage 2(浅睡2)
5326,2,Stage 2(浅睡2)
5327,2,Stage 2(浅睡2)
5328,2,Stage 2(浅睡2)
5329,2,Stage 2(浅睡2)
5330,2,Stage 2(浅睡2)
5331,2,Stage 2(浅睡2)
5332,2,Stage 2(浅睡2)
5333,2,Stage 2(浅睡2)
5334,2,Stage 2(浅睡2)
5335,2,Stage 2(浅睡2)
5336,2,Stage 2(浅睡2)
5337,2,Stage 2(浅睡2)
5338,2,Stage 2(浅睡2)
5339,2,Stage 2(浅睡2)
5340,2,Stage 2(浅睡2)
5341,2,Stage 2(浅睡2)
5342,2,Stage 2(浅睡2)
5343,2,Stage 2(浅睡2)
5344,2,Stage 2(浅睡2)
5345,2,Stage 2(浅睡2)
5346,2,Stage 2(浅睡2)
5347,2,Stage 2(浅睡2)
5348,2,Stage 2(浅睡2)
5349,2,Stage 2(浅睡2)
5350,2,Stage 2(浅睡2)
5351,2,Stage 2(浅睡2)
5352,2,Stage 2(浅睡2)
5353,2,Stage 2(浅睡2)
5354,2,Stage 2(浅睡2)
5355,2,Stage 2(浅睡2)
5356,2,Stage 2(浅睡2)
5357,2,Stage 2(浅睡2)
5358,2,Stage 2(浅睡2)
5359,2,Stage 2(浅睡2)
5360,2,Stage 2(浅睡2)
5361,2,Stage 2(浅睡2)
5362,2,Stage 2(浅睡2)
5363,2,Stage 2(浅睡2)
5364,2,Stage 2(浅睡2)
5365,2,Stage 2(浅睡2)
5366,2,Stage 2(浅睡2)
5367,2,Stage 2(浅睡2)
5368,2,Stage 2(浅睡2)
5369,2,Stage 2(浅睡2)
5370,2,Stage 2(浅睡2)
5371,2,Stage 2(浅睡2)
5372,2,Stage 2(浅睡2)
5373,2,Stage 2(浅睡2)
5374,2,Stage 2(浅睡2)
5375,2,Stage 2(浅睡2)
5376,2,Stage 2(浅睡2)
5377,2,Stage 2(浅睡2)
5378,2,Stage 2(浅睡2)
5379,2,Stage 2(浅睡2)
5380,2,Stage 2(浅睡2)
5381,2,Stage 2(浅睡2)
5382,2,Stage 2(浅睡2)
5383,2,Stage 2(浅睡2)
5384,2,Stage 2(浅睡2)
5385,2,Stage 2(浅睡2)
5386,2,Stage 2(浅睡2)
5387,2,Stage 2(浅睡2)
5388,2,Stage 2(浅睡2)
5389,2,Stage 2(浅睡2)
5390,2,Stage 2(浅睡2)
5391,2,Stage 2(浅睡2)
5392,2,Stage 2(浅睡2)
5393,2,Stage 2(浅睡2)
5394,2,Stage 2(浅睡2)
5395,2,Stage 2(浅睡2)
5396,2,Stage 2(浅睡2)
5397,2,Stage 2(浅睡2)
5398,2,Stage 2(浅睡2)
5399,2,Stage 2(浅睡2)
5400,2,Stage 2(浅睡2)
5401,2,Stage 2(浅睡2)
5402,2,Stage 2(浅睡2)
5403,2,Stage 2(浅睡2)
5404,2,Stage 2(浅睡2)
5405,2,Stage 2(浅睡2)
5406,2,Stage 2(浅睡2)
5407,2,Stage 2(浅睡2)
5408,2,Stage 2(浅睡2)
5409,2,Stage 2(浅睡2)
5410,2,Stage 2(浅睡2)
5411,2,Stage 2(浅睡2)
5412,2,Stage 2(浅睡2)
5413,2,Stage 2(浅睡2)
5414,2,Stage 2(浅睡2)
5415,2,Stage 2(浅睡2)
5416,2,Stage 2(浅睡2)
5417,2,Stage 2(浅睡2)
5418,2,Stage 2(浅睡2)
5419,2,Stage 2(浅睡2)
5420,2,Stage 2(浅睡2)
5421,2,Stage 2(浅睡2)
5422,2,Stage 2(浅睡2)
5423,2,Stage 2(浅睡2)
5424,2,Stage 2(浅睡2)
5425,2,Stage 2(浅睡2)
5426,2,Stage 2(浅睡2)
5427,2,Stage 2(浅睡2)
5428,2,Stage 2(浅睡2)
5429,2,Stage 2(浅睡2)
5430,2,Stage 2(浅睡2)
5431,2,Stage 2(浅睡2)
5432,2,Stage 2(浅睡2)
5433,2,Stage 2(浅睡2)
5434,2,Stage 2(浅睡2)
5435,2,Stage 2(浅睡2)
5436,2,Stage 2(浅睡2)
5437,2,Stage 2(浅睡2)
5438,2,Stage 2(浅睡2)
5439,2,Stage 2(浅睡2)
5440,2,Stage 2(浅睡2)
5441,2,Stage 2(浅睡2)
5442,2,Stage 2(浅睡2)
5443,2,Stage 2(浅睡2)
5444,2,Stage 2(浅睡2)
5445,2,Stage 2(浅睡2)
5446,2,Stage 2(浅睡2)
5447,2,Stage 2(浅睡2)
5448,2,Stage 2(浅睡2)
5449,4,REM(做梦)
5450,4,REM(做梦)
5451,4,REM(做梦)
5452,4,REM(做梦)
5453,4,REM(做梦)
5454,4,REM(做梦)
5455,4,REM(做梦)
5456,4,REM(做梦)
5457,4,REM(做梦)
5458,4,REM(做梦)
5459,4,REM(做梦)
5460,4,REM(做梦)
5461,4,REM(做梦)
5462,4,REM(做梦)
5463,4,REM(做梦)
5464,4,REM(做梦)
5465,4,REM(做梦)
5466,4,REM(做梦)
5467,4,REM(做梦)
5468,4,REM(做梦)
5469,4,REM(做梦)
5470,4,REM(做梦)
5471,4,REM(做梦)
5472,4,REM(做梦)
5473,4,REM(做梦)
5474,4,REM(做梦)
5475,4,REM(做梦)
5476,4,REM(做梦)
5477,4,REM(做梦)
5478,4,REM(做梦)
5479,4,REM(做梦)
5480,4,REM(做梦)
5481,4,REM(做梦)
5482,4,REM(做梦)
5483,4,REM(做梦)
5484,4,REM(做梦)
5485,4,REM(做梦)
5486,4,REM(做梦)
5487,4,REM(做梦)
5488,4,REM(做梦)
5489,4,REM(做梦)
5490,4,REM(做梦)
5491,0,Wake(清醒)
5492,4,REM(做梦)
5493,0,Wake(清醒)
5494,0,Wake(清醒)
5495,0,Wake(清醒)
5496,0,Wake(清醒)
5497,4,REM(做梦)
5498,4,REM(做梦)
5499,4,REM(做梦)
5500,4,REM(做梦)
5501,4,REM(做梦)
5502,4,REM(做梦)
5503,4,REM(做梦)
5504,4,REM(做梦)
5505,4,REM(做梦)
5506,4,REM(做梦)
5507,4,REM(做梦)
5508,4,REM(做梦)
5509,4,REM(做梦)
5510,4,REM(做梦)
5511,4,REM(做梦)
5512,4,REM(做梦)
5513,4,REM(做梦)
5514,4,REM(做梦)
5515,4,REM(做梦)
5516,4,REM(做梦)
5517,4,REM(做梦)
5518,4,REM(做梦)
5519,4,REM(做梦)
5520,4,REM(做梦)
5521,4,REM(做梦)
5522,4,REM(做梦)
5523,4,REM(做梦)
5524,4,REM(做梦)
5525,4,REM(做梦)
5526,4,REM(做梦)
5527,4,REM(做梦)
5528,4,REM(做梦)
5529,4,REM(做梦)
5530,4,REM(做梦)
5531,4,REM(做梦)
5532,4,REM(做梦)
5533,4,REM(做梦)
5534,4,REM(做梦)
5535,4,REM(做梦)
5536,4,REM(做梦)
5537,4,REM(做梦)
5538,4,REM(做梦)
5539,4,REM(做梦)
5540,4,REM(做梦)
5541,4,REM(做梦)
5542,4,REM(做梦)
5543,4,REM(做梦)
5544,4,REM(做梦)
5545,4,REM(做梦)
5546,4,REM(做梦)
5547,4,REM(做梦)
5548,4,REM(做梦)
5549,4,REM(做梦)
5550,4,REM(做梦)
5551,4,REM(做梦)
5552,4,REM(做梦)
5553,4,REM(做梦)
5554,4,REM(做梦)
5555,4,REM(做梦)
5556,4,REM(做梦)
5557,4,REM(做梦)
5558,4,REM(做梦)
5559,4,REM(做梦)
5560,4,REM(做梦)
5561,4,REM(做梦)
5562,4,REM(做梦)
5563,4,REM(做梦)
5564,4,REM(做梦)
5565,4,REM(做梦)
5566,4,REM(做梦)
5567,4,REM(做梦)
5568,4,REM(做梦)
5569,4,REM(做梦)
5570,4,REM(做梦)
5571,4,REM(做梦)
5572,4,REM(做梦)
5573,4,REM(做梦)
5574,4,REM(做梦)
5575,4,REM(做梦)
5576,4,REM(做梦)
5577,4,REM(做梦)
5578,4,REM(做梦)
5579,4,REM(做梦)
5580,4,REM(做梦)
5581,4,REM(做梦)
5582,4,REM(做梦)
5583,4,REM(做梦)
5584,4,REM(做梦)
5585,4,REM(做梦)
5586,4,REM(做梦)
5587,4,REM(做梦)
5588,4,REM(做梦)
5589,4,REM(做梦)
5590,4,REM(做梦)
5591,4,REM(做梦)
5592,4,REM(做梦)
5593,4,REM(做梦)
5594,4,REM(做梦)
5595,4,REM(做梦)
5596,4,REM(做梦)
5597,4,REM(做梦)
5598,4,REM(做梦)
5599,4,REM(做梦)
5600,4,REM(做梦)
5601,4,REM(做梦)
5602,4,REM(做梦)
5603,4,REM(做梦)
5604,4,REM(做梦)
5605,4,REM(做梦)
5606,4,REM(做梦)
5607,4,REM(做梦)
5608,4,REM(做梦)
5609,4,REM(做梦)
5610,4,REM(做梦)
5611,4,REM(做梦)
5612,4,REM(做梦)
5613,4,REM(做梦)
5614,4,REM(做梦)
5615,4,REM(做梦)
5616,4,REM(做梦)
5617,4,REM(做梦)
5618,4,REM(做梦)
5619,4,REM(做梦)
5620,4,REM(做梦)
5621,4,REM(做梦)
5622,4,REM(做梦)
5623,4,REM(做梦)
5624,4,REM(做梦)
5625,4,REM(做梦)
5626,4,REM(做梦)
5627,4,REM(做梦)
5628,4,REM(做梦)
5629,4,REM(做梦)
5630,4,REM(做梦)
5631,4,REM(做梦)
5632,4,REM(做梦)
5633,4,REM(做梦)
5634,4,REM(做梦)
5635,4,REM(做梦)
5636,4,REM(做梦)
5637,4,REM(做梦)
5638,4,REM(做梦)
5639,4,REM(做梦)
5640,4,REM(做梦)
5641,4,REM(做梦)
5642,4,REM(做梦)
5643,4,REM(做梦)
5644,4,REM(做梦)
5645,4,REM(做梦)
5646,4,REM(做梦)
5647,4,REM(做梦)
5648,4,REM(做梦)
5649,4,REM(做梦)
5650,4,REM(做梦)
5651,4,REM(做梦)
5652,4,REM(做梦)
5653,4,REM(做梦)
5654,4,REM(做梦)
5655,4,REM(做梦)
5656,4,REM(做梦)
5657,4,REM(做梦)
5658,4,REM(做梦)
5659,4,REM(做梦)
5660,4,REM(做梦)
5661,4,REM(做梦)
5662,4,REM(做梦)
5663,4,REM(做梦)
5664,4,REM(做梦)
5665,4,REM(做梦)
5666,4,REM(做梦)
5667,4,REM(做梦)
5668,4,REM(做梦)
5669,4,REM(做梦)
5670,4,REM(做梦)
5671,4,REM(做梦)
5672,4,REM(做梦)
5673,4,REM(做梦)
5674,4,REM(做梦)
5675,4,REM(做梦)
5676,4,REM(做梦)
5677,4,REM(做梦)
5678,4,REM(做梦)
5679,4,REM(做梦)
5680,4,REM(做梦)
5681,4,REM(做梦)
5682,4,REM(做梦)
5683,4,REM(做梦)
5684,4,REM(做梦)
5685,4,REM(做梦)
5686,4,REM(做梦)
5687,4,REM(做梦)
5688,4,REM(做梦)
5689,4,REM(做梦)
5690,4,REM(做梦)
5691,4,REM(做梦)
5692,4,REM(做梦)
5693,4,REM(做梦)
5694,4,REM(做梦)
5695,4,REM(做梦)
5696,4,REM(做梦)
5697,4,REM(做梦)
5698,4,REM(做梦)
5699,4,REM(做梦)
5700,4,REM(做梦)
5701,0,Wake(清醒)
5702,0,Wake(清醒)
5703,0,Wake(清醒)
5704,0,Wake(清醒)
5705,0,Wake(清醒)
5706,0,Wake(清醒)
5707,0,Wake(清醒)
5708,4,REM(做梦)
5709,4,REM(做梦)
5710,4,REM(做梦)
5711,4,REM(做梦)
5712,4,REM(做梦)
5713,4,REM(做梦)
5714,4,REM(做梦)
5715,4,REM(做梦)
5716,4,REM(做梦)
5717,4,REM(做梦)
5718,4,REM(做梦)
5719,4,REM(做梦)
5720,4,REM(做梦)
5721,4,REM(做梦)
5722,4,REM(做梦)
5723,4,REM(做梦)
5724,4,REM(做梦)
5725,4,REM(做梦)
5726,4,REM(做梦)
5727,4,REM(做梦)
5728,4,REM(做梦)
5729,4,REM(做梦)
5730,4,REM(做梦)
5731,4,REM(做梦)
5732,4,REM(做梦)
5733,4,REM(做梦)
5734,4,REM(做梦)
5735,4,REM(做梦)
5736,4,REM(做梦)
5737,4,REM(做梦)
5738,4,REM(做梦)
5739,4,REM(做梦)
5740,4,REM(做梦)
5741,4,REM(做梦)
5742,4,REM(做梦)
5743,4,REM(做梦)
5744,4,REM(做梦)
5745,4,REM(做梦)
5746,4,REM(做梦)
5747,4,REM(做梦)
5748,4,REM(做梦)
5749,4,REM(做梦)
5750,4,REM(做梦)
5751,4,REM(做梦)
5752,4,REM(做梦)
5753,4,REM(做梦)
5754,4,REM(做梦)
5755,4,REM(做梦)
5756,4,REM(做梦)
5757,4,REM(做梦)
5758,4,REM(做梦)
5759,4,REM(做梦)
5760,4,REM(做梦)
5761,4,REM(做梦)
5762,4,REM(做梦)
5763,4,REM(做梦)
5764,4,REM(做梦)
5765,4,REM(做梦)
5766,4,REM(做梦)
5767,4,REM(做梦)
5768,4,REM(做梦)
5769,4,REM(做梦)
5770,4,REM(做梦)
5771,4,REM(做梦)
5772,4,REM(做梦)
5773,4,REM(做梦)
5774,4,REM(做梦)
5775,4,REM(做梦)
5776,4,REM(做梦)
5777,4,REM(做梦)
5778,4,REM(做梦)
5779,4,REM(做梦)
5780,4,REM(做梦)
5781,4,REM(做梦)
5782,4,REM(做梦)
5783,4,REM(做梦)
5784,4,REM(做梦)
5785,4,REM(做梦)
5786,4,REM(做梦)
5787,4,REM(做梦)
5788,4,REM(做梦)
5789,4,REM(做梦)
5790,4,REM(做梦)
5791,4,REM(做梦)
5792,4,REM(做梦)
5793,4,REM(做梦)
5794,4,REM(做梦)
5795,4,REM(做梦)
5796,4,REM(做梦)
5797,4,REM(做梦)
5798,4,REM(做梦)
5799,4,REM(做梦)
5800,4,REM(做梦)
5801,4,REM(做梦)
5802,4,REM(做梦)
5803,4,REM(做梦)
5804,4,REM(做梦)
5805,4,REM(做梦)
5806,4,REM(做梦)
5807,4,REM(做梦)
5808,4,REM(做梦)
5809,4,REM(做梦)
5810,4,REM(做梦)
5811,4,REM(做梦)
5812,4,REM(做梦)
5813,4,REM(做梦)
5814,4,REM(做梦)
5815,4,REM(做梦)
5816,4,REM(做梦)
5817,4,REM(做梦)
5818,4,REM(做梦)
5819,4,REM(做梦)
5820,4,REM(做梦)
5821,4,REM(做梦)
5822,4,REM(做梦)
5823,4,REM(做梦)
5824,4,REM(做梦)
5825,4,REM(做梦)
5826,4,REM(做梦)
5827,4,REM(做梦)
5828,4,REM(做梦)
5829,4,REM(做梦)
5830,4,REM(做梦)
5831,4,REM(做梦)
5832,4,REM(做梦)
5833,4,REM(做梦)
5834,4,REM(做梦)
5835,4,REM(做梦)
5836,4,REM(做梦)
5837,4,REM(做梦)
5838,4,REM(做梦)
5839,4,REM(做梦)
5840,4,REM(做梦)
5841,4,REM(做梦)
5842,4,REM(做梦)
5843,4,REM(做梦)
5844,4,REM(做梦)
5845,4,REM(做梦)
5846,4,REM(做梦)
5847,4,REM(做梦)
5848,4,REM(做梦)
5849,4,REM(做梦)
5850,4,REM(做梦)
5851,4,REM(做梦)
5852,4,REM(做梦)
5853,4,REM(做梦)
5854,4,REM(做梦)
5855,4,REM(做梦)
5856,4,REM(做梦)
5857,4,REM(做梦)
5858,4,REM(做梦)
5859,4,REM(做梦)
5860,4,REM(做梦)
5861,4,REM(做梦)
5862,4,REM(做梦)
5863,4,REM(做梦)
5864,4,REM(做梦)
5865,4,REM(做梦)
5866,4,REM(做梦)
5867,4,REM(做梦)
5868,4,REM(做梦)
5869,4,REM(做梦)
5870,4,REM(做梦)
5871,4,REM(做梦)
5872,4,REM(做梦)
5873,4,REM(做梦)
5874,4,REM(做梦)
5875,4,REM(做梦)
5876,4,REM(做梦)
5877,4,REM(做梦)
5878,4,REM(做梦)
5879,4,REM(做梦)
5880,4,REM(做梦)
5881,4,REM(做梦)
5882,4,REM(做梦)
5883,4,REM(做梦)
5884,4,REM(做梦)
5885,4,REM(做梦)
5886,4,REM(做梦)
5887,4,REM(做梦)
5888,4,REM(做梦)
5889,2,Stage 2(浅睡2)
5890,2,Stage 2(浅睡2)
5891,4,REM(做梦)
5892,2,Stage 2(浅睡2)
5893,2,Stage 2(浅睡2)
5894,2,Stage 2(浅睡2)
5895,2,Stage 2(浅睡2)
5896,2,Stage 2(浅睡2)
5897,2,Stage 2(浅睡2)
5898,2,Stage 2(浅睡2)
5899,2,Stage 2(浅睡2)
5900,2,Stage 2(浅睡2)
5901,2,Stage 2(浅睡2)
5902,2,Stage 2(浅睡2)
5903,2,Stage 2(浅睡2)
5904,2,Stage 2(浅睡2)
5905,2,Stage 2(浅睡2)
5906,2,Stage 2(浅睡2)
5907,2,Stage 2(浅睡2)
5908,2,Stage 2(浅睡2)
5909,2,Stage 2(浅睡2)
5910,2,Stage 2(浅睡2)
5911,2,Stage 2(浅睡2)
5912,2,Stage 2(浅睡2)
5913,2,Stage 2(浅睡2)
5914,2,Stage 2(浅睡2)
5915,2,Stage 2(浅睡2)
5916,2,Stage 2(浅睡2)
5917,2,Stage 2(浅睡2)
5918,2,Stage 2(浅睡2)
5919,2,Stage 2(浅睡2)
5920,2,Stage 2(浅睡2)
5921,2,Stage 2(浅睡2)
5922,2,Stage 2(浅睡2)
5923,2,Stage 2(浅睡2)
5924,2,Stage 2(浅睡2)
5925,2,Stage 2(浅睡2)
5926,2,Stage 2(浅睡2)
5927,2,Stage 2(浅睡2)
5928,2,Stage 2(浅睡2)
5929,2,Stage 2(浅睡2)
5930,2,Stage 2(浅睡2)
5931,2,Stage 2(浅睡2)
5932,2,Stage 2(浅睡2)
5933,2,Stage 2(浅睡2)
5934,2,Stage 2(浅睡2)
5935,2,Stage 2(浅睡2)
5936,2,Stage 2(浅睡2)
5937,2,Stage 2(浅睡2)
5938,2,Stage 2(浅睡2)
5939,2,Stage 2(浅睡2)
5940,2,Stage 2(浅睡2)
5941,2,Stage 2(浅睡2)
5942,2,Stage 2(浅睡2)
5943,2,Stage 2(浅睡2)
5944,2,Stage 2(浅睡2)
5945,2,Stage 2(浅睡2)
5946,2,Stage 2(浅睡2)
5947,2,Stage 2(浅睡2)
5948,2,Stage 2(浅睡2)
5949,2,Stage 2(浅睡2)
5950,2,Stage 2(浅睡2)
5951,2,Stage 2(浅睡2)
5952,2,Stage 2(浅睡2)
5953,2,Stage 2(浅睡2)
5954,2,Stage 2(浅睡2)
5955,2,Stage 2(浅睡2)
5956,2,Stage 2(浅睡2)
5957,2,Stage 2(浅睡2)
5958,2,Stage 2(浅睡2)
5959,2,Stage 2(浅睡2)
5960,2,Stage 2(浅睡2)
5961,2,Stage 2(浅睡2)
5962,2,Stage 2(浅睡2)
5963,2,Stage 2(浅睡2)
5964,2,Stage 2(浅睡2)
5965,2,Stage 2(浅睡2)
5966,0,Wake(清醒)
5967,0,Wake(清醒)
5968,0,Wake(清醒)
5969,0,Wake(清醒)
5970,0,Wake(清醒)
5971,0,Wake(清醒)
5972,0,Wake(清醒)
5973,0,Wake(清醒)
5974,0,Wake(清醒)
5975,0,Wake(清醒)
5976,0,Wake(清醒)
5977,0,Wake(清醒)
5978,1,Stage 1(浅睡1)
5979,1,Stage 1(浅睡1)
5980,1,Stage 1(浅睡1)
5981,1,Stage 1(浅睡1)
5982,1,Stage 1(浅睡1)
5983,1,Stage 1(浅睡1)
5984,1,Stage 1(浅睡1)
5985,1,Stage 1(浅睡1)
5986,1,Stage 1(浅睡1)
5987,1,Stage 1(浅睡1)
5988,1,Stage 1(浅睡1)
5989,0,Wake(清醒)
5990,0,Wake(清醒)
5991,0,Wake(清醒)
5992,0,Wake(清醒)
5993,0,Wake(清醒)
5994,0,Wake(清醒)
5995,0,Wake(清醒)
5996,0,Wake(清醒)
5997,0,Wake(清醒)
5998,0,Wake(清醒)
5999,0,Wake(清醒)
6000,0,Wake(清醒)
6001,0,Wake(清醒)
6002,0,Wake(清醒)
6003,0,Wake(清醒)
6004,1,Stage 1(浅睡1)
6005,1,Stage 1(浅睡1)
6006,1,Stage 1(浅睡1)
6007,1,Stage 1(浅睡1)
6008,1,Stage 1(浅睡1)
6009,1,Stage 1(浅睡1)
6010,1,Stage 1(浅睡1)
6011,1,Stage 1(浅睡1)
6012,1,Stage 1(浅睡1)
6013,1,Stage 1(浅睡1)
6014,2,Stage 2(浅睡2)
6015,2,Stage 2(浅睡2)
6016,2,Stage 2(浅睡2)
6017,2,Stage 2(浅睡2)
6018,2,Stage 2(浅睡2)
6019,2,Stage 2(浅睡2)
6020,2,Stage 2(浅睡2)
6021,2,Stage 2(浅睡2)
6022,2,Stage 2(浅睡2)
6023,2,Stage 2(浅睡2)
6024,2,Stage 2(浅睡2)
6025,2,Stage 2(浅睡2)
6026,2,Stage 2(浅睡2)
6027,2,Stage 2(浅睡2)
6028,2,Stage 2(浅睡2)
6029,2,Stage 2(浅睡2)
6030,2,Stage 2(浅睡2)
6031,2,Stage 2(浅睡2)
6032,2,Stage 2(浅睡2)
6033,2,Stage 2(浅睡2)
6034,2,Stage 2(浅睡2)
6035,2,Stage 2(浅睡2)
6036,2,Stage 2(浅睡2)
6037,2,Stage 2(浅睡2)
6038,2,Stage 2(浅睡2)
6039,2,Stage 2(浅睡2)
6040,2,Stage 2(浅睡2)
6041,2,Stage 2(浅睡2)
6042,2,Stage 2(浅睡2)
6043,2,Stage 2(浅睡2)
6044,2,Stage 2(浅睡2)
6045,2,Stage 2(浅睡2)
6046,2,Stage 2(浅睡2)
6047,2,Stage 2(浅睡2)
6048,2,Stage 2(浅睡2)
6049,2,Stage 2(浅睡2)
6050,2,Stage 2(浅睡2)
6051,2,Stage 2(浅睡2)
6052,2,Stage 2(浅睡2)
6053,2,Stage 2(浅睡2)
6054,2,Stage 2(浅睡2)
6055,2,Stage 2(浅睡2)
6056,2,Stage 2(浅睡2)
6057,2,Stage 2(浅睡2)
6058,2,Stage 2(浅睡2)
6059,2,Stage 2(浅睡2)
6060,2,Stage 2(浅睡2)
6061,2,Stage 2(浅睡2)
6062,2,Stage 2(浅睡2)
6063,2,Stage 2(浅睡2)
6064,2,Stage 2(浅睡2)
6065,2,Stage 2(浅睡2)
6066,2,Stage 2(浅睡2)
6067,2,Stage 2(浅睡2)
6068,2,Stage 2(浅睡2)
6069,2,Stage 2(浅睡2)
6070,2,Stage 2(浅睡2)
6071,2,Stage 2(浅睡2)
6072,2,Stage 2(浅睡2)
6073,2,Stage 2(浅睡2)
6074,2,Stage 2(浅睡2)
6075,2,Stage 2(浅睡2)
6076,2,Stage 2(浅睡2)
6077,2,Stage 2(浅睡2)
6078,2,Stage 2(浅睡2)
6079,2,Stage 2(浅睡2)
6080,2,Stage 2(浅睡2)
6081,2,Stage 2(浅睡2)
6082,2,Stage 2(浅睡2)
6083,2,Stage 2(浅睡2)
6084,2,Stage 2(浅睡2)
6085,2,Stage 2(浅睡2)
6086,2,Stage 2(浅睡2)
6087,2,Stage 2(浅睡2)
6088,2,Stage 2(浅睡2)
6089,2,Stage 2(浅睡2)
6090,2,Stage 2(浅睡2)
6091,2,Stage 2(浅睡2)
6092,2,Stage 2(浅睡2)
6093,2,Stage 2(浅睡2)
6094,2,Stage 2(浅睡2)
6095,2,Stage 2(浅睡2)
6096,2,Stage 2(浅睡2)
6097,2,Stage 2(浅睡2)
6098,2,Stage 2(浅睡2)
6099,2,Stage 2(浅睡2)
6100,2,Stage 2(浅睡2)
6101,2,Stage 2(浅睡2)
6102,2,Stage 2(浅睡2)
6103,2,Stage 2(浅睡2)
6104,2,Stage 2(浅睡2)
6105,2,Stage 2(浅睡2)
6106,2,Stage 2(浅睡2)
6107,2,Stage 2(浅睡2)
6108,2,Stage 2(浅睡2)
6109,2,Stage 2(浅睡2)
6110,2,Stage 2(浅睡2)
6111,2,Stage 2(浅睡2)
6112,2,Stage 2(浅睡2)
6113,2,Stage 2(浅睡2)
6114,2,Stage 2(浅睡2)
6115,2,Stage 2(浅睡2)
6116,2,Stage 2(浅睡2)
6117,2,Stage 2(浅睡2)
6118,2,Stage 2(浅睡2)
6119,2,Stage 2(浅睡2)
6120,2,Stage 2(浅睡2)
6121,2,Stage 2(浅睡2)
6122,2,Stage 2(浅睡2)
6123,2,Stage 2(浅睡2)
6124,2,Stage 2(浅睡2)
6125,2,Stage 2(浅睡2)
6126,2,Stage 2(浅睡2)
6127,2,Stage 2(浅睡2)
6128,2,Stage 2(浅睡2)
6129,2,Stage 2(浅睡2)
6130,2,Stage 2(浅睡2)
6131,2,Stage 2(浅睡2)
6132,2,Stage 2(浅睡2)
6133,2,Stage 2(浅睡2)
6134,2,Stage 2(浅睡2)
6135,2,Stage 2(浅睡2)
6136,2,Stage 2(浅睡2)
6137,2,Stage 2(浅睡2)
6138,2,Stage 2(浅睡2)
6139,2,Stage 2(浅睡2)
6140,2,Stage 2(浅睡2)
6141,2,Stage 2(浅睡2)
6142,2,Stage 2(浅睡2)
6143,2,Stage 2(浅睡2)
6144,2,Stage 2(浅睡2)
6145,2,Stage 2(浅睡2)
6146,2,Stage 2(浅睡2)
6147,2,Stage 2(浅睡2)
6148,2,Stage 2(浅睡2)
6149,2,Stage 2(浅睡2)
6150,2,Stage 2(浅睡2)
6151,2,Stage 2(浅睡2)
6152,2,Stage 2(浅睡2)
6153,2,Stage 2(浅睡2)
6154,2,Stage 2(浅睡2)
6155,2,Stage 2(浅睡2)
6156,2,Stage 2(浅睡2)
6157,2,Stage 2(浅睡2)
6158,2,Stage 2(浅睡2)
6159,2,Stage 2(浅睡2)
6160,2,Stage 2(浅睡2)
6161,2,Stage 2(浅睡2)
6162,2,Stage 2(浅睡2)
6163,2,Stage 2(浅睡2)
6164,2,Stage 2(浅睡2)
6165,2,Stage 2(浅睡2)
6166,2,Stage 2(浅睡2)
6167,2,Stage 2(浅睡2)
6168,2,Stage 2(浅睡2)
6169,2,Stage 2(浅睡2)
6170,2,Stage 2(浅睡2)
6171,2,Stage 2(浅睡2)
6172,2,Stage 2(浅睡2)
6173,2,Stage 2(浅睡2)
6174,2,Stage 2(浅睡2)
6175,2,Stage 2(浅睡2)
6176,2,Stage 2(浅睡2)
6177,2,Stage 2(浅睡2)
6178,2,Stage 2(浅睡2)
6179,2,Stage 2(浅睡2)
6180,2,Stage 2(浅睡2)
6181,2,Stage 2(浅睡2)
6182,2,Stage 2(浅睡2)
6183,2,Stage 2(浅睡2)
6184,2,Stage 2(浅睡2)
6185,2,Stage 2(浅睡2)
6186,2,Stage 2(浅睡2)
6187,2,Stage 2(浅睡2)
6188,2,Stage 2(浅睡2)
6189,2,Stage 2(浅睡2)
6190,2,Stage 2(浅睡2)
6191,2,Stage 2(浅睡2)
6192,2,Stage 2(浅睡2)
6193,2,Stage 2(浅睡2)
6194,2,Stage 2(浅睡2)
6195,2,Stage 2(浅睡2)
6196,2,Stage 2(浅睡2)
6197,2,Stage 2(浅睡2)
6198,2,Stage 2(浅睡2)
6199,2,Stage 2(浅睡2)
6200,2,Stage 2(浅睡2)
6201,2,Stage 2(浅睡2)
6202,2,Stage 2(浅睡2)
6203,2,Stage 2(浅睡2)
6204,2,Stage 2(浅睡2)
6205,2,Stage 2(浅睡2)
6206,2,Stage 2(浅睡2)
6207,2,Stage 2(浅睡2)
6208,2,Stage 2(浅睡2)
6209,2,Stage 2(浅睡2)
6210,2,Stage 2(浅睡2)
6211,2,Stage 2(浅睡2)
6212,2,Stage 2(浅睡2)
6213,2,Stage 2(浅睡2)
6214,2,Stage 2(浅睡2)
6215,2,Stage 2(浅睡2)
6216,2,Stage 2(浅睡2)
6217,2,Stage 2(浅睡2)
6218,2,Stage 2(浅睡2)
6219,2,Stage 2(浅睡2)
6220,2,Stage 2(浅睡2)
6221,2,Stage 2(浅睡2)
6222,2,Stage 2(浅睡2)
6223,2,Stage 2(浅睡2)
6224,2,Stage 2(浅睡2)
6225,2,Stage 2(浅睡2)
6226,2,Stage 2(浅睡2)
6227,2,Stage 2(浅睡2)
6228,2,Stage 2(浅睡2)
6229,2,Stage 2(浅睡2)
6230,2,Stage 2(浅睡2)
6231,2,Stage 2(浅睡2)
6232,2,Stage 2(浅睡2)
6233,2,Stage 2(浅睡2)
6234,2,Stage 2(浅睡2)
6235,2,Stage 2(浅睡2)
6236,2,Stage 2(浅睡2)
6237,2,Stage 2(浅睡2)
6238,2,Stage 2(浅睡2)
6239,2,Stage 2(浅睡2)
6240,2,Stage 2(浅睡2)
6241,2,Stage 2(浅睡2)
6242,2,Stage 2(浅睡2)
6243,2,Stage 2(浅睡2)
6244,2,Stage 2(浅睡2)
6245,2,Stage 2(浅睡2)
6246,2,Stage 2(浅睡2)
6247,2,Stage 2(浅睡2)
6248,2,Stage 2(浅睡2)
6249,2,Stage 2(浅睡2)
6250,2,Stage 2(浅睡2)
6251,2,Stage 2(浅睡2)
6252,2,Stage 2(浅睡2)
6253,2,Stage 2(浅睡2)
6254,2,Stage 2(浅睡2)
6255,2,Stage 2(浅睡2)
6256,2,Stage 2(浅睡2)
6257,2,Stage 2(浅睡2)
6258,2,Stage 2(浅睡2)
6259,2,Stage 2(浅睡2)
6260,2,Stage 2(浅睡2)
6261,2,Stage 2(浅睡2)
6262,2,Stage 2(浅睡2)
6263,2,Stage 2(浅睡2)
6264,2,Stage 2(浅睡2)
6265,2,Stage 2(浅睡2)
6266,2,Stage 2(浅睡2)
6267,2,Stage 2(浅睡2)
6268,2,Stage 2(浅睡2)
6269,2,Stage 2(浅睡2)
6270,2,Stage 2(浅睡2)
6271,2,Stage 2(浅睡2)
6272,2,Stage 2(浅睡2)
6273,2,Stage 2(浅睡2)
6274,2,Stage 2(浅睡2)
6275,2,Stage 2(浅睡2)
6276,2,Stage 2(浅睡2)
6277,2,Stage 2(浅睡2)
6278,2,Stage 2(浅睡2)
6279,2,Stage 2(浅睡2)
6280,2,Stage 2(浅睡2)
6281,2,Stage 2(浅睡2)
6282,2,Stage 2(浅睡2)
6283,2,Stage 2(浅睡2)
6284,2,Stage 2(浅睡2)
6285,2,Stage 2(浅睡2)
6286,2,Stage 2(浅睡2)
6287,2,Stage 2(浅睡2)
6288,2,Stage 2(浅睡2)
6289,2,Stage 2(浅睡2)
6290,2,Stage 2(浅睡2)
6291,2,Stage 2(浅睡2)
6292,2,Stage 2(浅睡2)
6293,2,Stage 2(浅睡2)
6294,2,Stage 2(浅睡2)
6295,2,Stage 2(浅睡2)
6296,2,Stage 2(浅睡2)
6297,2,Stage 2(浅睡2)
6298,2,Stage 2(浅睡2)
6299,2,Stage 2(浅睡2)
6300,2,Stage 2(浅睡2)
6301,2,Stage 2(浅睡2)
6302,2,Stage 2(浅睡2)
6303,2,Stage 2(浅睡2)
6304,2,Stage 2(浅睡2)
6305,2,Stage 2(浅睡2)
6306,2,Stage 2(浅睡2)
6307,2,Stage 2(浅睡2)
6308,2,Stage 2(浅睡2)
6309,2,Stage 2(浅睡2)
6310,2,Stage 2(浅睡2)
6311,2,Stage 2(浅睡2)
6312,2,Stage 2(浅睡2)
6313,2,Stage 2(浅睡2)
6314,2,Stage 2(浅睡2)
6315,2,Stage 2(浅睡2)
6316,2,Stage 2(浅睡2)
6317,2,Stage 2(浅睡2)
6318,2,Stage 2(浅睡2)
6319,2,Stage 2(浅睡2)
6320,2,Stage 2(浅睡2)
6321,2,Stage 2(浅睡2)
6322,2,Stage 2(浅睡2)
6323,2,Stage 2(浅睡2)
6324,2,Stage 2(浅睡2)
6325,2,Stage 2(浅睡2)
6326,2,Stage 2(浅睡2)
6327,2,Stage 2(浅睡2)
6328,2,Stage 2(浅睡2)
6329,2,Stage 2(浅睡2)
6330,2,Stage 2(浅睡2)
6331,2,Stage 2(浅睡2)
6332,2,Stage 2(浅睡2)
6333,2,Stage 2(浅睡2)
6334,2,Stage 2(浅睡2)
6335,2,Stage 2(浅睡2)
6336,2,Stage 2(浅睡2)
6337,2,Stage 2(浅睡2)
6338,2,Stage 2(浅睡2)
6339,2,Stage 2(浅睡2)
6340,2,Stage 2(浅睡2)
6341,2,Stage 2(浅睡2)
6342,2,Stage 2(浅睡2)
6343,2,Stage 2(浅睡2)
6344,2,Stage 2(浅睡2)
6345,2,Stage 2(浅睡2)
6346,2,Stage 2(浅睡2)
6347,2,Stage 2(浅睡2)
6348,2,Stage 2(浅睡2)
6349,2,Stage 2(浅睡2)
6350,2,Stage 2(浅睡2)
6351,2,Stage 2(浅睡2)
6352,2,Stage 2(浅睡2)
6353,2,Stage 2(浅睡2)
6354,2,Stage 2(浅睡2)
6355,2,Stage 2(浅睡2)
6356,2,Stage 2(浅睡2)
6357,2,Stage 2(浅睡2)
6358,2,Stage 2(浅睡2)
6359,2,Stage 2(浅睡2)
6360,2,Stage 2(浅睡2)
6361,2,Stage 2(浅睡2)
6362,2,Stage 2(浅睡2)
6363,2,Stage 2(浅睡2)
6364,2,Stage 2(浅睡2)
6365,2,Stage 2(浅睡2)
6366,2,Stage 2(浅睡2)
6367,2,Stage 2(浅睡2)
6368,2,Stage 2(浅睡2)
6369,2,Stage 2(浅睡2)
6370,2,Stage 2(浅睡2)
6371,2,Stage 2(浅睡2)
6372,2,Stage 2(浅睡2)
6373,0,Wake(清醒)
6374,0,Wake(清醒)
6375,0,Wake(清醒)
6376,0,Wake(清醒)
6377,0,Wake(清醒)
6378,0,Wake(清醒)
6379,0,Wake(清醒)
6380,0,Wake(清醒)
6381,0,Wake(清醒)
6382,0,Wake(清醒)
6383,0,Wake(清醒)
6384,0,Wake(清醒)
6385,0,Wake(清醒)
6386,0,Wake(清醒)
6387,0,Wake(清醒)
6388,1,Stage 1(浅睡1)
6389,1,Stage 1(浅睡1)
6390,1,Stage 1(浅睡1)
6391,0,Wake(清醒)
6392,0,Wake(清醒)
6393,0,Wake(清醒)
6394,0,Wake(清醒)
6395,0,Wake(清醒)
6396,2,Stage 2(浅睡2)
6397,2,Stage 2(浅睡2)
6398,2,Stage 2(浅睡2)
6399,2,Stage 2(浅睡2)
6400,2,Stage 2(浅睡2)
6401,2,Stage 2(浅睡2)
6402,2,Stage 2(浅睡2)
6403,2,Stage 2(浅睡2)
6404,2,Stage 2(浅睡2)
6405,2,Stage 2(浅睡2)
6406,2,Stage 2(浅睡2)
6407,2,Stage 2(浅睡2)
6408,2,Stage 2(浅睡2)
6409,2,Stage 2(浅睡2)
6410,2,Stage 2(浅睡2)
6411,2,Stage 2(浅睡2)
6412,2,Stage 2(浅睡2)
6413,2,Stage 2(浅睡2)
6414,2,Stage 2(浅睡2)
6415,2,Stage 2(浅睡2)
6416,2,Stage 2(浅睡2)
6417,2,Stage 2(浅睡2)
6418,2,Stage 2(浅睡2)
6419,2,Stage 2(浅睡2)
6420,2,Stage 2(浅睡2)
6421,2,Stage 2(浅睡2)
6422,2,Stage 2(浅睡2)
6423,2,Stage 2(浅睡2)
6424,2,Stage 2(浅睡2)
6425,2,Stage 2(浅睡2)
6426,2,Stage 2(浅睡2)
6427,2,Stage 2(浅睡2)
6428,2,Stage 2(浅睡2)
6429,2,Stage 2(浅睡2)
6430,2,Stage 2(浅睡2)
6431,2,Stage 2(浅睡2)
6432,2,Stage 2(浅睡2)
6433,2,Stage 2(浅睡2)
6434,2,Stage 2(浅睡2)
6435,2,Stage 2(浅睡2)
6436,2,Stage 2(浅睡2)
6437,2,Stage 2(浅睡2)
6438,2,Stage 2(浅睡2)
6439,2,Stage 2(浅睡2)
6440,2,Stage 2(浅睡2)
6441,2,Stage 2(浅睡2)
6442,2,Stage 2(浅睡2)
6443,2,Stage 2(浅睡2)
6444,2,Stage 2(浅睡2)
6445,2,Stage 2(浅睡2)
6446,2,Stage 2(浅睡2)
6447,2,Stage 2(浅睡2)
6448,2,Stage 2(浅睡2)
6449,2,Stage 2(浅睡2)
6450,2,Stage 2(浅睡2)
6451,2,Stage 2(浅睡2)
6452,2,Stage 2(浅睡2)
6453,2,Stage 2(浅睡2)
6454,2,Stage 2(浅睡2)
6455,2,Stage 2(浅睡2)
6456,2,Stage 2(浅睡2)
6457,2,Stage 2(浅睡2)
6458,2,Stage 2(浅睡2)
6459,2,Stage 2(浅睡2)
6460,2,Stage 2(浅睡2)
6461,2,Stage 2(浅睡2)
6462,2,Stage 2(浅睡2)
6463,2,Stage 2(浅睡2)
6464,2,Stage 2(浅睡2)
6465,2,Stage 2(浅睡2)
6466,2,Stage 2(浅睡2)
6467,2,Stage 2(浅睡2)
6468,2,Stage 2(浅睡2)
6469,2,Stage 2(浅睡2)
6470,2,Stage 2(浅睡2)
6471,2,Stage 2(浅睡2)
6472,2,Stage 2(浅睡2)
6473,2,Stage 2(浅睡2)
6474,2,Stage 2(浅睡2)
6475,2,Stage 2(浅睡2)
6476,2,Stage 2(浅睡2)
6477,2,Stage 2(浅睡2)
6478,2,Stage 2(浅睡2)
6479,2,Stage 2(浅睡2)
6480,2,Stage 2(浅睡2)
6481,2,Stage 2(浅睡2)
6482,2,Stage 2(浅睡2)
6483,2,Stage 2(浅睡2)
6484,2,Stage 2(浅睡2)
6485,2,Stage 2(浅睡2)
6486,2,Stage 2(浅睡2)
6487,2,Stage 2(浅睡2)
6488,2,Stage 2(浅睡2)
6489,2,Stage 2(浅睡2)
6490,2,Stage 2(浅睡2)
6491,2,Stage 2(浅睡2)
6492,2,Stage 2(浅睡2)
6493,2,Stage 2(浅睡2)
6494,2,Stage 2(浅睡2)
6495,2,Stage 2(浅睡2)
6496,2,Stage 2(浅睡2)
6497,2,Stage 2(浅睡2)
6498,2,Stage 2(浅睡2)
6499,2,Stage 2(浅睡2)
6500,2,Stage 2(浅睡2)
6501,2,Stage 2(浅睡2)
6502,2,Stage 2(浅睡2)
6503,2,Stage 2(浅睡2)
6504,2,Stage 2(浅睡2)
6505,2,Stage 2(浅睡2)
6506,2,Stage 2(浅睡2)
6507,2,Stage 2(浅睡2)
6508,2,Stage 2(浅睡2)
6509,2,Stage 2(浅睡2)
6510,2,Stage 2(浅睡2)
6511,2,Stage 2(浅睡2)
6512,2,Stage 2(浅睡2)
6513,2,Stage 2(浅睡2)
6514,2,Stage 2(浅睡2)
6515,2,Stage 2(浅睡2)
6516,2,Stage 2(浅睡2)
6517,2,Stage 2(浅睡2)
6518,2,Stage 2(浅睡2)
6519,2,Stage 2(浅睡2)
6520,2,Stage 2(浅睡2)
6521,2,Stage 2(浅睡2)
6522,2,Stage 2(浅睡2)
6523,2,Stage 2(浅睡2)
6524,2,Stage 2(浅睡2)
6525,2,Stage 2(浅睡2)
6526,2,Stage 2(浅睡2)
6527,2,Stage 2(浅睡2)
6528,2,Stage 2(浅睡2)
6529,2,Stage 2(浅睡2)
6530,2,Stage 2(浅睡2)
6531,2,Stage 2(浅睡2)
6532,2,Stage 2(浅睡2)
6533,2,Stage 2(浅睡2)
6534,2,Stage 2(浅睡2)
6535,2,Stage 2(浅睡2)
6536,0,Wake(清醒)
6537,0,Wake(清醒)
6538,0,Wake(清醒)
6539,0,Wake(清醒)
6540,0,Wake(清醒)
6541,0,Wake(清醒)
6542,0,Wake(清醒)
6543,0,Wake(清醒)
6544,0,Wake(清醒)
6545,0,Wake(清醒)
6546,0,Wake(清醒)
6547,0,Wake(清醒)
6548,0,Wake(清醒)
6549,0,Wake(清醒)
6550,0,Wake(清醒)
6551,0,Wake(清醒)
6552,0,Wake(清醒)
6553,0,Wake(清醒)
6554,0,Wake(清醒)
6555,0,Wake(清醒)
6556,0,Wake(清醒)
6557,0,Wake(清醒)
6558,0,Wake(清醒)
6559,0,Wake(清醒)
6560,0,Wake(清醒)
6561,0,Wake(清醒)
6562,1,Stage 1(浅睡1)
6563,1,Stage 1(浅睡1)
6564,0,Wake(清醒)
6565,0,Wake(清醒)
6566,1,Stage 1(浅睡1)
6567,0,Wake(清醒)
6568,2,Stage 2(浅睡2)
6569,2,Stage 2(浅睡2)
6570,2,Stage 2(浅睡2)
6571,2,Stage 2(浅睡2)
6572,2,Stage 2(浅睡2)
6573,2,Stage 2(浅睡2)
6574,2,Stage 2(浅睡2)
6575,2,Stage 2(浅睡2)
6576,2,Stage 2(浅睡2)
6577,2,Stage 2(浅睡2)
6578,2,Stage 2(浅睡2)
6579,2,Stage 2(浅睡2)
6580,2,Stage 2(浅睡2)
6581,2,Stage 2(浅睡2)
6582,2,Stage 2(浅睡2)
6583,2,Stage 2(浅睡2)
6584,2,Stage 2(浅睡2)
6585,2,Stage 2(浅睡2)
6586,2,Stage 2(浅睡2)
6587,2,Stage 2(浅睡2)
6588,2,Stage 2(浅睡2)
6589,2,Stage 2(浅睡2)
6590,2,Stage 2(浅睡2)
6591,2,Stage 2(浅睡2)
6592,2,Stage 2(浅睡2)
6593,2,Stage 2(浅睡2)
6594,2,Stage 2(浅睡2)
6595,2,Stage 2(浅睡2)
6596,2,Stage 2(浅睡2)
6597,2,Stage 2(浅睡2)
6598,2,Stage 2(浅睡2)
6599,2,Stage 2(浅睡2)
6600,2,Stage 2(浅睡2)
6601,2,Stage 2(浅睡2)
6602,2,Stage 2(浅睡2)
6603,2,Stage 2(浅睡2)
6604,2,Stage 2(浅睡2)
6605,2,Stage 2(浅睡2)
6606,2,Stage 2(浅睡2)
6607,2,Stage 2(浅睡2)
6608,2,Stage 2(浅睡2)
6609,2,Stage 2(浅睡2)
6610,2,Stage 2(浅睡2)
6611,2,Stage 2(浅睡2)
6612,2,Stage 2(浅睡2)
6613,2,Stage 2(浅睡2)
6614,2,Stage 2(浅睡2)
6615,2,Stage 2(浅睡2)
6616,2,Stage 2(浅睡2)
6617,2,Stage 2(浅睡2)
6618,2,Stage 2(浅睡2)
6619,2,Stage 2(浅睡2)
6620,2,Stage 2(浅睡2)
6621,2,Stage 2(浅睡2)
6622,2,Stage 2(浅睡2)
6623,2,Stage 2(浅睡2)
6624,2,Stage 2(浅睡2)
6625,2,Stage 2(浅睡2)
6626,2,Stage 2(浅睡2)
6627,2,Stage 2(浅睡2)
6628,2,Stage 2(浅睡2)
6629,2,Stage 2(浅睡2)
6630,2,Stage 2(浅睡2)
6631,2,Stage 2(浅睡2)
6632,2,Stage 2(浅睡2)
6633,2,Stage 2(浅睡2)
6634,2,Stage 2(浅睡2)
6635,2,Stage 2(浅睡2)
6636,2,Stage 2(浅睡2)
6637,2,Stage 2(浅睡2)
6638,0,Wake(清醒)
6639,0,Wake(清醒)
6640,0,Wake(清醒)
6641,0,Wake(清醒)
6642,0,Wake(清醒)
6643,0,Wake(清醒)
6644,0,Wake(清醒)
6645,1,Stage 1(浅睡1)
6646,1,Stage 1(浅睡1)
6647,1,Stage 1(浅睡1)
6648,1,Stage 1(浅睡1)
6649,1,Stage 1(浅睡1)
6650,1,Stage 1(浅睡1)
6651,1,Stage 1(浅睡1)
6652,1,Stage 1(浅睡1)
6653,1,Stage 1(浅睡1)
6654,1,Stage 1(浅睡1)
6655,1,Stage 1(浅睡1)
6656,1,Stage 1(浅睡1)
6657,1,Stage 1(浅睡1)
6658,1,Stage 1(浅睡1)
6659,2,Stage 2(浅睡2)
6660,2,Stage 2(浅睡2)
6661,2,Stage 2(浅睡2)
6662,2,Stage 2(浅睡2)
6663,2,Stage 2(浅睡2)
6664,2,Stage 2(浅睡2)
6665,2,Stage 2(浅睡2)
6666,2,Stage 2(浅睡2)
6667,2,Stage 2(浅睡2)
6668,2,Stage 2(浅睡2)
6669,2,Stage 2(浅睡2)
6670,2,Stage 2(浅睡2)
6671,2,Stage 2(浅睡2)
6672,2,Stage 2(浅睡2)
6673,2,Stage 2(浅睡2)
6674,2,Stage 2(浅睡2)
6675,2,Stage 2(浅睡2)
6676,2,Stage 2(浅睡2)
6677,2,Stage 2(浅睡2)
6678,2,Stage 2(浅睡2)
6679,2,Stage 2(浅睡2)
6680,2,Stage 2(浅睡2)
6681,2,Stage 2(浅睡2)
6682,2,Stage 2(浅睡2)
6683,2,Stage 2(浅睡2)
6684,2,Stage 2(浅睡2)
6685,2,Stage 2(浅睡2)
6686,2,Stage 2(浅睡2)
6687,2,Stage 2(浅睡2)
6688,2,Stage 2(浅睡2)
6689,2,Stage 2(浅睡2)
6690,2,Stage 2(浅睡2)
6691,2,Stage 2(浅睡2)
6692,2,Stage 2(浅睡2)
6693,2,Stage 2(浅睡2)
6694,2,Stage 2(浅睡2)
6695,2,Stage 2(浅睡2)
6696,2,Stage 2(浅睡2)
6697,2,Stage 2(浅睡2)
6698,2,Stage 2(浅睡2)
6699,2,Stage 2(浅睡2)
6700,2,Stage 2(浅睡2)
6701,2,Stage 2(浅睡2)
6702,2,Stage 2(浅睡2)
6703,2,Stage 2(浅睡2)
6704,2,Stage 2(浅睡2)
6705,2,Stage 2(浅睡2)
6706,2,Stage 2(浅睡2)
6707,2,Stage 2(浅睡2)
6708,2,Stage 2(浅睡2)
6709,2,Stage 2(浅睡2)
6710,2,Stage 2(浅睡2)
6711,2,Stage 2(浅睡2)
6712,2,Stage 2(浅睡2)
6713,2,Stage 2(浅睡2)
6714,2,Stage 2(浅睡2)
6715,2,Stage 2(浅睡2)
6716,2,Stage 2(浅睡2)
6717,2,Stage 2(浅睡2)
6718,2,Stage 2(浅睡2)
6719,2,Stage 2(浅睡2)
6720,2,Stage 2(浅睡2)
6721,2,Stage 2(浅睡2)
6722,2,Stage 2(浅睡2)
6723,2,Stage 2(浅睡2)
6724,2,Stage 2(浅睡2)
6725,2,Stage 2(浅睡2)
6726,2,Stage 2(浅睡2)
6727,2,Stage 2(浅睡2)
6728,2,Stage 2(浅睡2)
6729,2,Stage 2(浅睡2)
6730,2,Stage 2(浅睡2)
6731,2,Stage 2(浅睡2)
6732,2,Stage 2(浅睡2)
6733,2,Stage 2(浅睡2)
6734,2,Stage 2(浅睡2)
6735,2,Stage 2(浅睡2)
6736,2,Stage 2(浅睡2)
6737,2,Stage 2(浅睡2)
6738,2,Stage 2(浅睡2)
6739,2,Stage 2(浅睡2)
6740,2,Stage 2(浅睡2)
6741,2,Stage 2(浅睡2)
6742,2,Stage 2(浅睡2)
6743,2,Stage 2(浅睡2)
6744,2,Stage 2(浅睡2)
6745,2,Stage 2(浅睡2)
6746,2,Stage 2(浅睡2)
6747,2,Stage 2(浅睡2)
6748,2,Stage 2(浅睡2)
6749,2,Stage 2(浅睡2)
6750,2,Stage 2(浅睡2)
6751,2,Stage 2(浅睡2)
6752,2,Stage 2(浅睡2)
6753,2,Stage 2(浅睡2)
6754,2,Stage 2(浅睡2)
6755,2,Stage 2(浅睡2)
6756,2,Stage 2(浅睡2)
6757,2,Stage 2(浅睡2)
6758,0,Wake(清醒)
6759,0,Wake(清醒)
6760,0,Wake(清醒)
6761,2,Stage 2(浅睡2)
6762,0,Wake(清醒)
6763,0,Wake(清醒)
6764,0,Wake(清醒)
6765,0,Wake(清醒)
6766,0,Wake(清醒)
6767,0,Wake(清醒)
6768,0,Wake(清醒)
6769,0,Wake(清醒)
6770,0,Wake(清醒)
6771,0,Wake(清醒)
6772,0,Wake(清醒)
6773,0,Wake(清醒)
6774,0,Wake(清醒)
6775,0,Wake(清醒)
6776,2,Stage 2(浅睡2)
6777,2,Stage 2(浅睡2)
6778,0,Wake(清醒)
6779,0,Wake(清醒)
6780,0,Wake(清醒)
6781,2,Stage 2(浅睡2)
6782,2,Stage 2(浅睡2)
6783,2,Stage 2(浅睡2)
6784,2,Stage 2(浅睡2)
6785,2,Stage 2(浅睡2)
6786,2,Stage 2(浅睡2)
6787,2,Stage 2(浅睡2)
6788,2,Stage 2(浅睡2)
6789,2,Stage 2(浅睡2)
6790,2,Stage 2(浅睡2)
6791,2,Stage 2(浅睡2)
6792,2,Stage 2(浅睡2)
6793,2,Stage 2(浅睡2)
6794,2,Stage 2(浅睡2)
6795,2,Stage 2(浅睡2)
6796,2,Stage 2(浅睡2)
6797,2,Stage 2(浅睡2)
6798,2,Stage 2(浅睡2)
6799,2,Stage 2(浅睡2)
6800,2,Stage 2(浅睡2)
6801,2,Stage 2(浅睡2)
6802,2,Stage 2(浅睡2)
6803,2,Stage 2(浅睡2)
6804,2,Stage 2(浅睡2)
6805,2,Stage 2(浅睡2)
6806,2,Stage 2(浅睡2)
6807,2,Stage 2(浅睡2)
6808,2,Stage 2(浅睡2)
6809,2,Stage 2(浅睡2)
6810,2,Stage 2(浅睡2)
6811,2,Stage 2(浅睡2)
6812,2,Stage 2(浅睡2)
6813,2,Stage 2(浅睡2)
6814,2,Stage 2(浅睡2)
6815,2,Stage 2(浅睡2)
6816,2,Stage 2(浅睡2)
6817,2,Stage 2(浅睡2)
6818,2,Stage 2(浅睡2)
6819,2,Stage 2(浅睡2)
6820,2,Stage 2(浅睡2)
6821,2,Stage 2(浅睡2)
6822,2,Stage 2(浅睡2)
6823,2,Stage 2(浅睡2)
6824,2,Stage 2(浅睡2)
6825,2,Stage 2(浅睡2)
6826,2,Stage 2(浅睡2)
6827,2,Stage 2(浅睡2)
6828,2,Stage 2(浅睡2)
6829,0,Wake(清醒)
6830,0,Wake(清醒)
6831,0,Wake(清醒)
6832,0,Wake(清醒)
6833,0,Wake(清醒)
6834,0,Wake(清醒)
6835,0,Wake(清醒)
6836,1,Stage 1(浅睡1)
6837,1,Stage 1(浅睡1)
6838,1,Stage 1(浅睡1)
6839,1,Stage 1(浅睡1)
6840,2,Stage 2(浅睡2)
6841,2,Stage 2(浅睡2)
6842,2,Stage 2(浅睡2)
6843,2,Stage 2(浅睡2)
6844,2,Stage 2(浅睡2)
6845,2,Stage 2(浅睡2)
6846,2,Stage 2(浅睡2)
6847,2,Stage 2(浅睡2)
6848,2,Stage 2(浅睡2)
6849,2,Stage 2(浅睡2)
6850,2,Stage 2(浅睡2)
6851,2,Stage 2(浅睡2)
6852,2,Stage 2(浅睡2)
6853,2,Stage 2(浅睡2)
6854,0,Wake(清醒)
6855,2,Stage 2(浅睡2)
6856,2,Stage 2(浅睡2)
6857,2,Stage 2(浅睡2)
6858,2,Stage 2(浅睡2)
6859,2,Stage 2(浅睡2)
6860,1,Stage 1(浅睡1)
6861,1,Stage 1(浅睡1)
6862,1,Stage 1(浅睡1)
6863,1,Stage 1(浅睡1)
6864,1,Stage 1(浅睡1)
6865,2,Stage 2(浅睡2)
6866,2,Stage 2(浅睡2)
6867,2,Stage 2(浅睡2)
6868,2,Stage 2(浅睡2)
6869,2,Stage 2(浅睡2)
6870,2,Stage 2(浅睡2)
6871,2,Stage 2(浅睡2)
6872,2,Stage 2(浅睡2)
6873,2,Stage 2(浅睡2)
6874,2,Stage 2(浅睡2)
6875,2,Stage 2(浅睡2)
6876,2,Stage 2(浅睡2)
6877,2,Stage 2(浅睡2)
6878,2,Stage 2(浅睡2)
6879,2,Stage 2(浅睡2)
6880,2,Stage 2(浅睡2)
6881,2,Stage 2(浅睡2)
6882,2,Stage 2(浅睡2)
6883,2,Stage 2(浅睡2)
6884,2,Stage 2(浅睡2)
6885,2,Stage 2(浅睡2)
6886,2,Stage 2(浅睡2)
6887,2,Stage 2(浅睡2)
6888,2,Stage 2(浅睡2)
6889,2,Stage 2(浅睡2)
6890,2,Stage 2(浅睡2)
6891,2,Stage 2(浅睡2)
6892,2,Stage 2(浅睡2)
6893,2,Stage 2(浅睡2)
6894,2,Stage 2(浅睡2)
6895,2,Stage 2(浅睡2)
6896,2,Stage 2(浅睡2)
6897,2,Stage 2(浅睡2)
6898,2,Stage 2(浅睡2)
6899,2,Stage 2(浅睡2)
6900,2,Stage 2(浅睡2)
6901,2,Stage 2(浅睡2)
6902,2,Stage 2(浅睡2)
6903,2,Stage 2(浅睡2)
6904,2,Stage 2(浅睡2)
6905,2,Stage 2(浅睡2)
6906,2,Stage 2(浅睡2)
6907,2,Stage 2(浅睡2)
6908,2,Stage 2(浅睡2)
6909,2,Stage 2(浅睡2)
6910,2,Stage 2(浅睡2)
6911,2,Stage 2(浅睡2)
6912,2,Stage 2(浅睡2)
6913,2,Stage 2(浅睡2)
6914,2,Stage 2(浅睡2)
6915,2,Stage 2(浅睡2)
6916,2,Stage 2(浅睡2)
6917,2,Stage 2(浅睡2)
6918,2,Stage 2(浅睡2)
6919,2,Stage 2(浅睡2)
6920,2,Stage 2(浅睡2)
6921,2,Stage 2(浅睡2)
6922,2,Stage 2(浅睡2)
6923,2,Stage 2(浅睡2)
6924,2,Stage 2(浅睡2)
6925,2,Stage 2(浅睡2)
6926,2,Stage 2(浅睡2)
6927,2,Stage 2(浅睡2)
6928,2,Stage 2(浅睡2)
6929,2,Stage 2(浅睡2)
6930,2,Stage 2(浅睡2)
6931,2,Stage 2(浅睡2)
6932,2,Stage 2(浅睡2)
6933,2,Stage 2(浅睡2)
6934,2,Stage 2(浅睡2)
6935,2,Stage 2(浅睡2)
6936,2,Stage 2(浅睡2)
6937,2,Stage 2(浅睡2)
6938,2,Stage 2(浅睡2)
6939,2,Stage 2(浅睡2)
6940,2,Stage 2(浅睡2)
6941,2,Stage 2(浅睡2)
6942,2,Stage 2(浅睡2)
6943,2,Stage 2(浅睡2)
6944,2,Stage 2(浅睡2)
6945,2,Stage 2(浅睡2)
6946,2,Stage 2(浅睡2)
6947,2,Stage 2(浅睡2)
6948,2,Stage 2(浅睡2)
6949,2,Stage 2(浅睡2)
6950,2,Stage 2(浅睡2)
6951,2,Stage 2(浅睡2)
6952,2,Stage 2(浅睡2)
6953,2,Stage 2(浅睡2)
6954,2,Stage 2(浅睡2)
6955,2,Stage 2(浅睡2)
6956,2,Stage 2(浅睡2)
6957,2,Stage 2(浅睡2)
6958,2,Stage 2(浅睡2)
6959,2,Stage 2(浅睡2)
6960,2,Stage 2(浅睡2)
6961,0,Wake(清醒)
6962,0,Wake(清醒)
6963,0,Wake(清醒)
6964,0,Wake(清醒)
6965,0,Wake(清醒)
6966,0,Wake(清醒)
6967,0,Wake(清醒)
6968,0,Wake(清醒)
6969,1,Stage 1(浅睡1)
6970,1,Stage 1(浅睡1)
6971,1,Stage 1(浅睡1)
6972,1,Stage 1(浅睡1)
6973,2,Stage 2(浅睡2)
6974,2,Stage 2(浅睡2)
6975,2,Stage 2(浅睡2)
6976,2,Stage 2(浅睡2)
6977,2,Stage 2(浅睡2)
6978,2,Stage 2(浅睡2)
6979,2,Stage 2(浅睡2)
6980,2,Stage 2(浅睡2)
6981,2,Stage 2(浅睡2)
6982,2,Stage 2(浅睡2)
6983,2,Stage 2(浅睡2)
6984,2,Stage 2(浅睡2)
6985,2,Stage 2(浅睡2)
6986,2,Stage 2(浅睡2)
6987,2,Stage 2(浅睡2)
6988,2,Stage 2(浅睡2)
6989,2,Stage 2(浅睡2)
6990,2,Stage 2(浅睡2)
6991,2,Stage 2(浅睡2)
6992,2,Stage 2(浅睡2)
6993,2,Stage 2(浅睡2)
6994,2,Stage 2(浅睡2)
6995,2,Stage 2(浅睡2)
6996,2,Stage 2(浅睡2)
6997,2,Stage 2(浅睡2)
6998,2,Stage 2(浅睡2)
6999,2,Stage 2(浅睡2)
7000,2,Stage 2(浅睡2)
7001,2,Stage 2(浅睡2)
7002,2,Stage 2(浅睡2)
7003,2,Stage 2(浅睡2)
7004,2,Stage 2(浅睡2)
7005,2,Stage 2(浅睡2)
7006,2,Stage 2(浅睡2)
7007,2,Stage 2(浅睡2)
7008,2,Stage 2(浅睡2)
7009,2,Stage 2(浅睡2)
7010,0,Wake(清醒)
7011,0,Wake(清醒)
7012,0,Wake(清醒)
7013,0,Wake(清醒)
7014,2,Stage 2(浅睡2)
7015,0,Wake(清醒)
7016,0,Wake(清醒)
7017,0,Wake(清醒)
7018,0,Wake(清醒)
7019,0,Wake(清醒)
7020,0,Wake(清醒)
7021,0,Wake(清醒)
7022,0,Wake(清醒)
7023,0,Wake(清醒)
7024,0,Wake(清醒)
7025,0,Wake(清醒)
7026,0,Wake(清醒)
7027,0,Wake(清醒)
7028,0,Wake(清醒)
7029,0,Wake(清醒)
7030,0,Wake(清醒)
7031,0,Wake(清醒)
7032,0,Wake(清醒)
7033,0,Wake(清醒)
7034,0,Wake(清醒)
7035,0,Wake(清醒)
7036,0,Wake(清醒)
7037,0,Wake(清醒)
7038,0,Wake(清醒)
7039,0,Wake(清醒)
7040,0,Wake(清醒)
7041,0,Wake(清醒)
7042,0,Wake(清醒)
7043,0,Wake(清醒)
7044,0,Wake(清醒)
7045,0,Wake(清醒)
7046,0,Wake(清醒)
7047,0,Wake(清醒)
7048,0,Wake(清醒)
7049,0,Wake(清醒)
7050,0,Wake(清醒)
7051,0,Wake(清醒)
7052,0,Wake(清醒)
7053,0,Wake(清醒)
7054,0,Wake(清醒)
7055,0,Wake(清醒)
7056,0,Wake(清醒)
7057,0,Wake(清醒)
7058,0,Wake(清醒)
7059,0,Wake(清醒)
7060,0,Wake(清醒)
7061,0,Wake(清醒)
7062,0,Wake(清醒)
7063,0,Wake(清醒)
7064,0,Wake(清醒)
7065,0,Wake(清醒)
7066,0,Wake(清醒)
7067,0,Wake(清醒)
7068,0,Wake(清醒)
7069,0,Wake(清醒)
7070,0,Wake(清醒)
7071,0,Wake(清醒)
7072,0,Wake(清醒)
7073,0,Wake(清醒)
7074,0,Wake(清醒)
7075,0,Wake(清醒)
7076,0,Wake(清醒)
7077,0,Wake(清醒)
7078,0,Wake(清醒)
7079,0,Wake(清醒)
7080,0,Wake(清醒)
7081,0,Wake(清醒)
7082,0,Wake(清醒)
7083,0,Wake(清醒)
7084,0,Wake(清醒)
7085,0,Wake(清醒)
7086,0,Wake(清醒)
7087,0,Wake(清醒)
7088,0,Wake(清醒)
7089,0,Wake(清醒)
7090,0,Wake(清醒)
7091,0,Wake(清醒)
7092,0,Wake(清醒)
7093,0,Wake(清醒)
7094,0,Wake(清醒)
7095,0,Wake(清醒)
7096,0,Wake(清醒)
7097,0,Wake(清醒)
7098,0,Wake(清醒)
7099,0,Wake(清醒)
7100,0,Wake(清醒)
7101,0,Wake(清醒)
7102,0,Wake(清醒)
7103,0,Wake(清醒)
7104,0,Wake(清醒)
7105,0,Wake(清醒)
7106,0,Wake(清醒)
7107,0,Wake(清醒)
7108,0,Wake(清醒)
7109,0,Wake(清醒)
7110,0,Wake(清醒)
7111,0,Wake(清醒)
7112,0,Wake(清醒)
7113,0,Wake(清醒)
7114,0,Wake(清醒)
7115,0,Wake(清醒)
7116,0,Wake(清醒)
7117,0,Wake(清醒)
7118,0,Wake(清醒)
7119,0,Wake(清醒)
7120,0,Wake(清醒)
7121,0,Wake(清醒)
7122,0,Wake(清醒)
7123,0,Wake(清醒)
7124,0,Wake(清醒)
7125,0,Wake(清醒)
7126,0,Wake(清醒)
7127,0,Wake(清醒)
7128,0,Wake(清醒)
7129,0,Wake(清醒)
7130,0,Wake(清醒)
7131,0,Wake(清醒)
7132,0,Wake(清醒)
7133,0,Wake(清醒)
7134,0,Wake(清醒)
7135,0,Wake(清醒)
7136,0,Wake(清醒)
7137,0,Wake(清醒)
7138,0,Wake(清醒)
7139,0,Wake(清醒)
7140,0,Wake(清醒)
7141,0,Wake(清醒)
7142,0,Wake(清醒)
7143,0,Wake(清醒)
7144,0,Wake(清醒)
7145,0,Wake(清醒)
7146,0,Wake(清醒)
7147,0,Wake(清醒)
7148,0,Wake(清醒)
7149,0,Wake(清醒)
7150,0,Wake(清醒)
7151,0,Wake(清醒)
7152,0,Wake(清醒)
7153,0,Wake(清醒)
7154,0,Wake(清醒)
7155,0,Wake(清醒)
7156,0,Wake(清醒)
7157,0,Wake(清醒)
7158,0,Wake(清醒)
7159,0,Wake(清醒)
7160,0,Wake(清醒)
7161,0,Wake(清醒)
7162,0,Wake(清醒)
7163,0,Wake(清醒)
7164,0,Wake(清醒)
7165,0,Wake(清醒)
7166,0,Wake(清醒)
7167,0,Wake(清醒)
7168,0,Wake(清醒)
7169,0,Wake(清醒)
7170,0,Wake(清醒)
7171,0,Wake(清醒)
7172,0,Wake(清醒)
7173,0,Wake(清醒)
7174,0,Wake(清醒)
7175,0,Wake(清醒)
7176,0,Wake(清醒)
7177,0,Wake(清醒)
7178,0,Wake(清醒)
7179,0,Wake(清醒)
7180,0,Wake(清醒)
7181,0,Wake(清醒)
7182,0,Wake(清醒)
7183,0,Wake(清醒)
7184,0,Wake(清醒)
7185,0,Wake(清醒)
7186,0,Wake(清醒)
7187,0,Wake(清醒)
7188,0,Wake(清醒)
7189,0,Wake(清醒)
7190,0,Wake(清醒)
7191,0,Wake(清醒)
7192,0,Wake(清醒)
7193,0,Wake(清醒)
7194,0,Wake(清醒)
7195,0,Wake(清醒)
7196,0,Wake(清醒)
7197,0,Wake(清醒)
7198,0,Wake(清醒)
7199,0,Wake(清醒)
7200,0,Wake(清醒)
7201,0,Wake(清醒)
7202,0,Wake(清醒)
7203,0,Wake(清醒)
7204,0,Wake(清醒)
7205,0,Wake(清醒)
7206,0,Wake(清醒)
7207,0,Wake(清醒)
7208,0,Wake(清醒)
7209,0,Wake(清醒)
7210,0,Wake(清醒)
7211,0,Wake(清醒)
7212,0,Wake(清醒)
7213,0,Wake(清醒)
7214,0,Wake(清醒)
7215,0,Wake(清醒)
7216,0,Wake(清醒)
7217,0,Wake(清醒)
7218,0,Wake(清醒)
7219,0,Wake(清醒)
7220,0,Wake(清醒)
7221,0,Wake(清醒)
7222,0,Wake(清醒)
7223,0,Wake(清醒)
7224,0,Wake(清醒)
7225,0,Wake(清醒)
7226,0,Wake(清醒)
7227,0,Wake(清醒)
7228,0,Wake(清醒)
7229,0,Wake(清醒)
7230,0,Wake(清醒)
7231,0,Wake(清醒)
7232,0,Wake(清醒)
7233,0,Wake(清醒)
7234,0,Wake(清醒)
7235,0,Wake(清醒)
7236,0,Wake(清醒)
7237,0,Wake(清醒)
7238,0,Wake(清醒)
7239,0,Wake(清醒)
7240,0,Wake(清醒)
7241,0,Wake(清醒)
7242,0,Wake(清醒)
7243,0,Wake(清醒)
7244,0,Wake(清醒)
7245,0,Wake(清醒)
7246,0,Wake(清醒)
7247,0,Wake(清醒)
7248,0,Wake(清醒)
7249,0,Wake(清醒)
7250,0,Wake(清醒)
7251,0,Wake(清醒)
7252,0,Wake(清醒)
7253,0,Wake(清醒)
7254,0,Wake(清醒)
7255,0,Wake(清醒)
7256,0,Wake(清醒)
7257,0,Wake(清醒)
7258,0,Wake(清醒)
7259,0,Wake(清醒)
7260,0,Wake(清醒)
7261,0,Wake(清醒)
7262,0,Wake(清醒)
7263,0,Wake(清醒)
7264,0,Wake(清醒)
7265,0,Wake(清醒)
7266,0,Wake(清醒)
7267,0,Wake(清醒)
7268,0,Wake(清醒)
7269,0,Wake(清醒)
7270,0,Wake(清醒)
7271,0,Wake(清醒)
7272,0,Wake(清醒)
7273,0,Wake(清醒)
7274,0,Wake(清醒)
7275,0,Wake(清醒)
7276,0,Wake(清醒)
7277,0,Wake(清醒)
7278,0,Wake(清醒)
7279,0,Wake(清醒)
7280,0,Wake(清醒)
7281,0,Wake(清醒)
7282,0,Wake(清醒)
7283,0,Wake(清醒)
7284,0,Wake(清醒)
7285,0,Wake(清醒)
7286,0,Wake(清醒)
7287,0,Wake(清醒)
7288,0,Wake(清醒)
7289,0,Wake(清醒)
7290,0,Wake(清醒)
7291,0,Wake(清醒)
7292,0,Wake(清醒)
7293,0,Wake(清醒)
7294,0,Wake(清醒)
7295,0,Wake(清醒)
7296,0,Wake(清醒)
7297,0,Wake(清醒)
7298,0,Wake(清醒)
7299,0,Wake(清醒)
7300,0,Wake(清醒)
7301,0,Wake(清醒)
7302,0,Wake(清醒)
7303,0,Wake(清醒)
7304,0,Wake(清醒)
7305,0,Wake(清醒)
7306,0,Wake(清醒)
7307,0,Wake(清醒)
7308,0,Wake(清醒)
7309,0,Wake(清醒)
7310,0,Wake(清醒)
7311,0,Wake(清醒)
7312,0,Wake(清醒)
7313,0,Wake(清醒)
7314,0,Wake(清醒)
7315,0,Wake(清醒)
7316,0,Wake(清醒)
7317,0,Wake(清醒)
7318,0,Wake(清醒)
7319,0,Wake(清醒)
7320,0,Wake(清醒)
7321,0,Wake(清醒)
7322,0,Wake(清醒)
7323,0,Wake(清醒)
7324,0,Wake(清醒)
7325,0,Wake(清醒)
7326,0,Wake(清醒)
7327,0,Wake(清醒)
7328,0,Wake(清醒)
7329,0,Wake(清醒)
7330,0,Wake(清醒)
7331,0,Wake(清醒)
7332,0,Wake(清醒)
7333,0,Wake(清醒)
7334,0,Wake(清醒)
7335,0,Wake(清醒)
7336,0,Wake(清醒)
7337,0,Wake(清醒)
7338,0,Wake(清醒)
7339,0,Wake(清醒)
7340,0,Wake(清醒)
7341,0,Wake(清醒)
7342,0,Wake(清醒)
7343,0,Wake(清醒)
7344,0,Wake(清醒)
7345,0,Wake(清醒)
7346,0,Wake(清醒)
7347,0,Wake(清醒)
7348,0,Wake(清醒)
7349,0,Wake(清醒)
7350,0,Wake(清醒)
7351,0,Wake(清醒)
7352,0,Wake(清醒)
7353,0,Wake(清醒)
7354,0,Wake(清醒)
7355,0,Wake(清醒)
7356,0,Wake(清醒)
7357,0,Wake(清醒)
7358,0,Wake(清醒)
7359,0,Wake(清醒)
7360,0,Wake(清醒)
7361,0,Wake(清醒)
7362,0,Wake(清醒)
7363,0,Wake(清醒)
7364,0,Wake(清醒)
7365,0,Wake(清醒)
7366,0,Wake(清醒)
7367,0,Wake(清醒)
7368,0,Wake(清醒)
7369,0,Wake(清醒)
7370,0,Wake(清醒)
7371,0,Wake(清醒)
7372,0,Wake(清醒)
7373,0,Wake(清醒)
7374,0,Wake(清醒)
7375,0,Wake(清醒)
7376,0,Wake(清醒)
7377,0,Wake(清醒)
7378,0,Wake(清醒)
7379,0,Wake(清醒)
7380,0,Wake(清醒)
